"DID","AID"
"DID14","AID3195"
"DID14","AID3517"
"DID14","AID947"
"DID14","AID1112"
"DID37","AID3449"
"DID37","AID3492"
"DID37","AID649"
"DID37","AID1740"
"DID37","AID2285"
"DID37","AID3673"
"DID37","AID783"
"DID38","AID2337"
"DID38","AID3605"
"DID45","AID2309"
"DID45","AID2702"
"DID45","AID3608"
"DID56","AID1762"
"DID56","AID1904"
"DID56","AID2229"
"DID56","AID255"
"DID78","AID1172"
"DID88","AID1121"
"DID88","AID2033"
"DID88","AID280"
"DID88","AID281"
"DID90","AID884"
"DID90","AID2248"
"DID106","AID612"
"DID107","AID1519"
"DID107","AID2948"
"DID107","AID3955"
"DID107","AID3053"
"DID107","AID3085"
"DID109","AID1052"
"DID109","AID3955"
"DID119","AID2427"
"DID119","AID479"
"DID119","AID1534"
"DID119","AID100"
"DID119","AID215"
"DID119","AID2657"
"DID128","AID3654"
"DID131","AID1328"
"DID131","AID1885"
"DID131","AID3136"
"DID132","AID1467"
"DID132","AID1494"
"DID141","AID1939"
"DID141","AID2136"
"DID141","AID2857"
"DID141","AID3176"
"DID142","AID3531"
"DID142","AID3546"
"DID142","AID3708"
"DID142","AID832"
"DID143","AID2682"
"DID143","AID3176"
"DID143","AID3979"
"DID143","AID564"
"DID147","AID2968"
"DID148","AID1415"
"DID148","AID246"
"DID148","AID3907"
"DID157","AID2286"
"DID157","AID244"
"DID157","AID3113"
"DID157","AID3448"
"DID157","AID2322"
"DID157","AID3537"
"DID157","AID1379"
"DID157","AID2642"
"DID157","AID2942"
"DID157","AID2675"
"DID157","AID499"
"DID158","AID168"
"DID158","AID1315"
"DID158","AID1556"
"DID158","AID1943"
"DID158","AID2173"
"DID168","AID447"
"DID168","AID790"
"DID168","AID3512"
"DID168","AID2925"
"DID168","AID294"
"DID174","AID3202"
"DID174","AID675"
"DID190","AID1832"
"DID190","AID2162"
"DID190","AID51"
"DID190","AID987"
"DID203","AID1026"
"DID203","AID1364"
"DID203","AID2613"
"DID206","AID1059"
"DID206","AID72"
"DID208","AID3407"
"DID208","AID457"
"DID208","AID55"
"DID208","AID74"
"DID214","AID3740"
"DID214","AID685"
"DID214","AID1890"
"DID214","AID2177"
"DID220","AID1655"
"DID220","AID1674"
"DID220","AID2539"
"DID220","AID94"
"DID222","AID1927"
"DID222","AID194"
"DID222","AID1980"
"DID222","AID2641"
"DID222","AID3030"
"DID222","AID507"
"DID224","AID170"
"DID224","AID3654"
"DID228","AID323"
"DID228","AID515"
"DID228","AID778"
"DID229","AID611"
"DID231","AID1500"
"DID231","AID3681"
"DID242","AID3843"
"DID242","AID711"
"DID242","AID2671"
"DID252","AID1242"
"DID252","AID1137"
"DID252","AID1834"
"DID252","AID90"
"DID253","AID2643"
"DID253","AID2915"
"DID253","AID3205"
"DID253","AID451"
"DID253","AID2634"
"DID253","AID3421"
"DID254","AID1139"
"DID254","AID2177"
"DID254","AID314"
"DID254","AID402"
"DID255","AID3644"
"DID255","AID1885"
"DID263","AID495"
"DID263","AID1819"
"DID263","AID105"
"DID265","AID2851"
"DID265","AID3515"
"DID265","AID1974"
"DID265","AID2285"
"DID265","AID662"
"DID268","AID14"
"DID268","AID1466"
"DID268","AID1481"
"DID268","AID2284"
"DID268","AID1544"
"DID268","AID5"
"DID268","AID609"
"DID283","AID2306"
"DID283","AID3735"
"DID283","AID2925"
"DID283","AID294"
"DID286","AID1704"
"DID286","AID768"
"DID286","AID1554"
"DID288","AID1657"
"DID288","AID792"
"DID289","AID1375"
"DID289","AID3629"
"DID289","AID2474"
"DID291","AID533"
"DID291","AID665"
"DID302","AID1342"
"DID302","AID540"
"DID302","AID1573"
"DID302","AID1745"
"DID302","AID2637"
"DID302","AID3564"
"DID306","AID1197"
"DID306","AID2296"
"DID306","AID3858"
"DID308","AID3151"
"DID308","AID1874"
"DID308","AID3105"
"DID308","AID65"
"DID309","AID2193"
"DID309","AID1001"
"DID309","AID3490"
"DID318","AID1970"
"DID318","AID2899"
"DID320","AID1137"
"DID320","AID1834"
"DID320","AID90"
"DID323","AID3420"
"DID323","AID1558"
"DID323","AID960"
"DID327","AID913"
"DID327","AID739"
"DID327","AID1145"
"DID336","AID161"
"DID336","AID1621"
"DID336","AID2270"
"DID341","AID3494"
"DID341","AID500"
"DID341","AID857"
"DID344","AID1028"
"DID344","AID1803"
"DID344","AID2042"
"DID344","AID3163"
"DID345","AID1296"
"DID345","AID375"
"DID345","AID3940"
"DID345","AID534"
"DID346","AID3628"
"DID346","AID1242"
"DID353","AID2514"
"DID353","AID2795"
"DID354","AID2281"
"DID354","AID278"
"DID354","AID1967"
"DID355","AID1500"
"DID355","AID3681"
"DID356","AID1125"
"DID356","AID2044"
"DID356","AID2797"
"DID356","AID3446"
"DID364","AID1802"
"DID364","AID2258"
"DID364","AID3757"
"DID364","AID2080"
"DID364","AID3387"
"DID364","AID243"
"DID368","AID1562"
"DID368","AID3115"
"DID368","AID1970"
"DID368","AID2899"
"DID368","AID2516"
"DID368","AID334"
"DID368","AID1233"
"DID368","AID3497"
"DID370","AID3108"
"DID370","AID3501"
"DID370","AID3518"
"DID370","AID1413"
"DID370","AID3509"
"DID370","AID113"
"DID370","AID2268"
"DID370","AID2734"
"DID370","AID827"
"DID373","AID1777"
"DID375","AID2350"
"DID375","AID24"
"DID375","AID3783"
"DID377","AID2263"
"DID377","AID2327"
"DID377","AID346"
"DID377","AID3513"
"DID377","AID3544"
"DID380","AID2193"
"DID386","AID962"
"DID386","AID1856"
"DID386","AID2044"
"DID389","AID2659"
"DID389","AID2706"
"DID394","AID3590"
"DID394","AID491"
"DID394","AID803"
"DID394","AID2762"
"DID400","AID3449"
"DID400","AID3492"
"DID400","AID649"
"DID400","AID1740"
"DID400","AID2285"
"DID400","AID3673"
"DID400","AID783"
"DID406","AID3222"
"DID406","AID603"
"DID406","AID16"
"DID417","AID2440"
"DID417","AID46"
"DID422","AID1085"
"DID422","AID733"
"DID422","AID1711"
"DID427","AID2621"
"DID427","AID2776"
"DID427","AID2864"
"DID427","AID890"
"DID427","AID2959"
"DID428","AID2257"
"DID429","AID284"
"DID429","AID630"
"DID431","AID297"
"DID431","AID1534"
"DID443","AID2176"
"DID443","AID2284"
"DID443","AID2317"
"DID447","AID1283"
"DID447","AID1765"
"DID447","AID2124"
"DID447","AID61"
"DID447","AID304"
"DID447","AID316"
"DID460","AID3982"
"DID461","AID611"
"DID463","AID2859"
"DID463","AID608"
"DID471","AID3654"
"DID475","AID649"
"DID477","AID313"
"DID477","AID1910"
"DID477","AID259"
"DID497","AID2173"
"DID497","AID797"
"DID497","AID3934"
"DID500","AID1155"
"DID500","AID1896"
"DID501","AID1591"
"DID501","AID789"
"DID501","AID2295"
"DID501","AID2535"
"DID502","AID3654"
"DID509","AID1776"
"DID509","AID2900"
"DID509","AID1010"
"DID509","AID1821"
"DID514","AID1085"
"DID514","AID733"
"DID514","AID1711"
"DID518","AID1028"
"DID518","AID1803"
"DID518","AID2042"
"DID518","AID3163"
"DID521","AID1461"
"DID521","AID3369"
"DID521","AID1275"
"DID521","AID1304"
"DID524","AID1968"
"DID529","AID573"
"DID533","AID1155"
"DID533","AID1896"
"DID535","AID1511"
"DID535","AID3449"
"DID535","AID820"
"DID555","AID1885"
"DID555","AID2104"
"DID556","AID1562"
"DID556","AID3115"
"DID556","AID665"
"DID558","AID2950"
"DID560","AID1108"
"DID560","AID2518"
"DID560","AID276"
"DID560","AID3786"
"DID562","AID1182"
"DID562","AID3566"
"DID562","AID1573"
"DID562","AID1745"
"DID562","AID1310"
"DID562","AID542"
"DID569","AID3689"
"DID569","AID3734"
"DID569","AID1005"
"DID569","AID116"
"DID569","AID2780"
"DID569","AID853"
"DID572","AID2959"
"DID572","AID3002"
"DID581","AID2803"
"DID581","AID3855"
"DID581","AID1081"
"DID581","AID1651"
"DID581","AID1905"
"DID581","AID2275"
"DID586","AID1618"
"DID591","AID1221"
"DID591","AID1275"
"DID603","AID2915"
"DID603","AID3334"
"DID603","AID3429"
"DID603","AID966"
"DID603","AID2309"
"DID603","AID2702"
"DID603","AID3608"
"DID603","AID770"
"DID603","AID3700"
"DID603","AID3857"
"DID603","AID3446"
"DID609","AID12"
"DID609","AID2819"
"DID616","AID3103"
"DID617","AID2622"
"DID617","AID973"
"DID617","AID2216"
"DID617","AID2447"
"DID617","AID3141"
"DID623","AID1028"
"DID623","AID655"
"DID623","AID1431"
"DID623","AID2052"
"DID623","AID2626"
"DID623","AID459"
"DID623","AID2489"
"DID635","AID1259"
"DID635","AID3053"
"DID636","AID2163"
"DID636","AID2686"
"DID644","AID2440"
"DID644","AID46"
"DID664","AID1903"
"DID664","AID2688"
"DID664","AID3897"
"DID666","AID3663"
"DID666","AID984"
"DID666","AID3092"
"DID686","AID161"
"DID686","AID175"
"DID687","AID1009"
"DID687","AID3201"
"DID687","AID3606"
"DID687","AID3656"
"DID687","AID366"
"DID687","AID1619"
"DID687","AID2336"
"DID687","AID2479"
"DID687","AID3608"
"DID694","AID1485"
"DID694","AID493"
"DID700","AID2848"
"DID700","AID1724"
"DID700","AID2508"
"DID700","AID2845"
"DID700","AID3420"
"DID701","AID381"
"DID701","AID755"
"DID701","AID1764"
"DID701","AID2428"
"DID701","AID2472"
"DID706","AID3019"
"DID706","AID162"
"DID706","AID3330"
"DID706","AID2798"
"DID706","AID1839"
"DID706","AID1581"
"DID706","AID321"
"DID706","AID1110"
"DID706","AID2642"
"DID706","AID2942"
"DID710","AID2685"
"DID719","AID2443"
"DID719","AID1823"
"DID719","AID3999"
"DID722","AID2061"
"DID722","AID387"
"DID722","AID789"
"DID722","AID1946"
"DID731","AID219"
"DID741","AID598"
"DID741","AID2090"
"DID741","AID3356"
"DID748","AID2994"
"DID752","AID1903"
"DID752","AID2688"
"DID752","AID3897"
"DID758","AID1508"
"DID758","AID162"
"DID758","AID2368"
"DID760","AID3222"
"DID760","AID3663"
"DID762","AID3566"
"DID762","AID3749"
"DID766","AID3404"
"DID766","AID3506"
"DID769","AID507"
"DID769","AID891"
"DID772","AID266"
"DID775","AID2994"
"DID775","AID564"
"DID778","AID1776"
"DID778","AID2315"
"DID778","AID2795"
"DID778","AID50"
"DID781","AID3264"
"DID781","AID3923"
"DID797","AID3384"
"DID797","AID990"
"DID802","AID1655"
"DID802","AID1674"
"DID802","AID2539"
"DID802","AID94"
"DID810","AID3892"
"DID810","AID1912"
"DID810","AID2280"
"DID810","AID2352"
"DID810","AID3267"
"DID810","AID2467"
"DID810","AID2633"
"DID810","AID3137"
"DID810","AID3842"
"DID810","AID550"
"DID813","AID839"
"DID813","AID1184"
"DID813","AID2378"
"DID813","AID2851"
"DID813","AID2905"
"DID813","AID3195"
"DID813","AID1742"
"DID813","AID1924"
"DID813","AID1485"
"DID813","AID493"
"DID821","AID1108"
"DID821","AID2518"
"DID821","AID276"
"DID821","AID3786"
"DID822","AID2734"
"DID822","AID3884"
"DID822","AID411"
"DID822","AID300"
"DID822","AID788"
"DID823","AID3365"
"DID823","AID705"
"DID830","AID3103"
"DID836","AID2465"
"DID836","AID3933"
"DID836","AID452"
"DID865","AID1139"
"DID865","AID2177"
"DID865","AID314"
"DID865","AID402"
"DID876","AID2301"
"DID876","AID2467"
"DID876","AID840"
"DID880","AID2514"
"DID880","AID2561"
"DID880","AID3056"
"DID880","AID175"
"DID883","AID2286"
"DID883","AID244"
"DID883","AID3113"
"DID883","AID3448"
"DID883","AID2322"
"DID883","AID3537"
"DID883","AID1379"
"DID883","AID2642"
"DID883","AID2942"
"DID883","AID2675"
"DID883","AID499"
"DID891","AID1811"
"DID891","AID3005"
"DID897","AID1631"
"DID899","AID2387"
"DID899","AID2885"
"DID899","AID3556"
"DID899","AID3384"
"DID899","AID2182"
"DID899","AID3983"
"DID904","AID261"
"DID904","AID291"
"DID904","AID1997"
"DID904","AID318"
"DID912","AID1903"
"DID912","AID2688"
"DID912","AID3897"
"DID913","AID360"
"DID913","AID78"
"DID913","AID3766"
"DID914","AID2356"
"DID914","AID1398"
"DID914","AID2589"
"DID915","AID2907"
"DID915","AID2653"
"DID915","AID3934"
"DID915","AID2197"
"DID916","AID2281"
"DID916","AID278"
"DID916","AID1967"
"DID916","AID2238"
"DID916","AID3100"
"DID919","AID3591"
"DID922","AID2685"
"DID922","AID924"
"DID922","AID1258"
"DID922","AID2126"
"DID922","AID1207"
"DID922","AID2733"
"DID939","AID1338"
"DID939","AID2461"
"DID939","AID2557"
"DID939","AID3423"
"DID939","AID3111"
"DID944","AID1435"
"DID944","AID1685"
"DID944","AID2970"
"DID944","AID2324"
"DID947","AID3759"
"DID947","AID3912"
"DID954","AID1537"
"DID954","AID3276"
"DID954","AID3320"
"DID954","AID3614"
"DID957","AID2263"
"DID957","AID2327"
"DID957","AID346"
"DID957","AID3513"
"DID957","AID3544"
"DID964","AID2932"
"DID964","AID594"
"DID964","AID2320"
"DID964","AID1466"
"DID964","AID3243"
"DID965","AID3590"
"DID965","AID491"
"DID965","AID803"
"DID965","AID2762"
"DID969","AID1205"
"DID969","AID2422"
"DID969","AID1318"
"DID969","AID748"
"DID969","AID1528"
"DID969","AID2194"
"DID969","AID3132"
"DID969","AID59"
"DID973","AID2163"
"DID973","AID2686"
"DID974","AID2740"
"DID974","AID2981"
"DID975","AID3420"
"DID975","AID1558"
"DID975","AID960"
"DID976","AID1338"
"DID976","AID2461"
"DID976","AID1252"
"DID976","AID1743"
"DID976","AID3503"
"DID976","AID2473"
"DID976","AID2937"
"DID976","AID870"
"DID976","AID2224"
"DID976","AID1802"
"DID976","AID2258"
"DID976","AID3757"
"DID976","AID2080"
"DID976","AID3387"
"DID976","AID243"
"DID981","AID360"
"DID981","AID78"
"DID981","AID3766"
"DID985","AID1708"
"DID985","AID3026"
"DID987","AID2001"
"DID987","AID3222"
"DID989","AID195"
"DID993","AID3817"
"DID1002","AID2113"
"DID1002","AID3744"
"DID1002","AID428"
"DID1002","AID1347"
"DID1006","AID2952"
"DID1006","AID3387"
"DID1021","AID3499"
"DID1021","AID2725"
"DID1029","AID2950"
"DID1029","AID1666"
"DID1029","AID179"
"DID1029","AID2918"
"DID1030","AID2471"
"DID1030","AID2574"
"DID1030","AID3508"
"DID1030","AID3568"
"DID1030","AID1591"
"DID1030","AID3399"
"DID1035","AID2124"
"DID1039","AID2222"
"DID1039","AID2882"
"DID1039","AID1867"
"DID1039","AID444"
"DID1039","AID1226"
"DID1039","AID3526"
"DID1039","AID3612"
"DID1041","AID2843"
"DID1041","AID358"
"DID1041","AID179"
"DID1041","AID391"
"DID1042","AID2306"
"DID1042","AID3735"
"DID1046","AID2405"
"DID1046","AID2616"
"DID1048","AID2025"
"DID1048","AID497"
"DID1048","AID1256"
"DID1048","AID1331"
"DID1048","AID2193"
"DID1051","AID2627"
"DID1051","AID1358"
"DID1051","AID2489"
"DID1051","AID3940"
"DID1053","AID2306"
"DID1053","AID3735"
"DID1053","AID2925"
"DID1053","AID294"
"DID1068","AID3391"
"DID1068","AID2303"
"DID1069","AID154"
"DID1069","AID2061"
"DID1069","AID2933"
"DID1069","AID3940"
"DID1070","AID3842"
"DID1070","AID1508"
"DID1070","AID2296"
"DID1070","AID821"
"DID1071","AID1716"
"DID1076","AID2682"
"DID1076","AID3176"
"DID1076","AID3979"
"DID1080","AID1271"
"DID1086","AID3729"
"DID1094","AID3709"
"DID1094","AID3459"
"DID1094","AID919"
"DID1102","AID1531"
"DID1102","AID2714"
"DID1102","AID3236"
"DID1105","AID1655"
"DID1105","AID1281"
"DID1105","AID1921"
"DID1105","AID3726"
"DID1105","AID949"
"DID1105","AID2249"
"DID1105","AID3578"
"DID1109","AID1808"
"DID1109","AID2706"
"DID1116","AID1657"
"DID1116","AID792"
"DID1122","AID369"
"DID1122","AID1744"
"DID1124","AID2263"
"DID1128","AID2025"
"DID1128","AID497"
"DID1128","AID1256"
"DID1128","AID1331"
"DID1128","AID2193"
"DID1132","AID2197"
"DID1132","AID1963"
"DID1134","AID1435"
"DID1134","AID1685"
"DID1134","AID2970"
"DID1134","AID2324"
"DID1134","AID1810"
"DID1134","AID3872"
"DID1136","AID3892"
"DID1141","AID1832"
"DID1141","AID2162"
"DID1141","AID51"
"DID1141","AID987"
"DID1143","AID2591"
"DID1143","AID3093"
"DID1143","AID3131"
"DID1143","AID3598"
"DID1145","AID2723"
"DID1145","AID3178"
"DID1148","AID2460"
"DID1148","AID3496"
"DID1148","AID1002"
"DID1148","AID2404"
"DID1148","AID1012"
"DID1148","AID3309"
"DID1148","AID1283"
"DID1148","AID1765"
"DID1148","AID2124"
"DID1148","AID61"
"DID1148","AID304"
"DID1148","AID316"
"DID1156","AID3894"
"DID1156","AID1675"
"DID1156","AID3586"
"DID1156","AID464"
"DID1156","AID2348"
"DID1156","AID3763"
"DID1170","AID2994"
"DID1170","AID1967"
"DID1170","AID1970"
"DID1170","AID2063"
"DID1170","AID3436"
"DID1170","AID524"
"DID1170","AID93"
"DID1170","AID2378"
"DID1171","AID219"
"DID1174","AID112"
"DID1174","AID1603"
"DID1174","AID1410"
"DID1174","AID3020"
"DID1174","AID1435"
"DID1174","AID1244"
"DID1174","AID1980"
"DID1174","AID1981"
"DID1174","AID3612"
"DID1174","AID3956"
"DID1175","AID1085"
"DID1175","AID667"
"DID1178","AID2176"
"DID1178","AID2284"
"DID1178","AID2317"
"DID1187","AID1614"
"DID1187","AID3848"
"DID1187","AID241"
"DID1191","AID1415"
"DID1191","AID246"
"DID1191","AID3907"
"DID1191","AID1705"
"DID1191","AID1494"
"DID1191","AID866"
"DID1191","AID1520"
"DID1191","AID3508"
"DID1191","AID3670"
"DID1191","AID2912"
"DID1191","AID2272"
"DID1191","AID782"
"DID1192","AID104"
"DID1192","AID128"
"DID1192","AID1215"
"DID1192","AID670"
"DID1198","AID12"
"DID1198","AID2819"
"DID1199","AID2383"
"DID1199","AID3147"
"DID1199","AID3092"
"DID1199","AID746"
"DID1201","AID2952"
"DID1201","AID3387"
"DID1201","AID584"
"DID1205","AID2281"
"DID1205","AID278"
"DID1205","AID1967"
"DID1206","AID3211"
"DID1206","AID373"
"DID1206","AID2406"
"DID1206","AID3636"
"DID1206","AID3697"
"DID1206","AID44"
"DID1209","AID171"
"DID1209","AID3366"
"DID1209","AID3109"
"DID1209","AID680"
"DID1209","AID1125"
"DID1209","AID2044"
"DID1209","AID2797"
"DID1209","AID3446"
"DID1210","AID495"
"DID1210","AID1819"
"DID1216","AID1808"
"DID1216","AID2706"
"DID1228","AID507"
"DID1228","AID891"
"DID1252","AID1262"
"DID1252","AID2559"
"DID1252","AID3490"
"DID1253","AID1145"
"DID1253","AID322"
"DID1253","AID1660"
"DID1255","AID342"
"DID1255","AID381"
"DID1255","AID3086"
"DID1255","AID3362"
"DID1261","AID2948"
"DID1261","AID904"
"DID1261","AID1228"
"DID1263","AID1139"
"DID1263","AID2177"
"DID1263","AID314"
"DID1263","AID402"
"DID1265","AID3566"
"DID1265","AID3749"
"DID1268","AID3520"
"DID1268","AID864"
"DID1282","AID1614"
"DID1282","AID3848"
"DID1282","AID241"
"DID1297","AID1467"
"DID1297","AID1494"
"DID1301","AID1231"
"DID1301","AID1594"
"DID1301","AID2586"
"DID1301","AID3519"
"DID1304","AID142"
"DID1304","AID2010"
"DID1304","AID735"
"DID1308","AID1028"
"DID1308","AID655"
"DID1308","AID1431"
"DID1308","AID2052"
"DID1308","AID2626"
"DID1308","AID459"
"DID1308","AID2489"
"DID1315","AID1384"
"DID1323","AID1661"
"DID1323","AID1938"
"DID1323","AID3227"
"DID1323","AID59"
"DID1323","AID3830"
"DID1325","AID808"
"DID1328","AID2306"
"DID1328","AID3735"
"DID1328","AID2925"
"DID1328","AID294"
"DID1328","AID253"
"DID1328","AID821"
"DID1342","AID1775"
"DID1342","AID2997"
"DID1342","AID3801"
"DID1342","AID2334"
"DID1348","AID1832"
"DID1348","AID2162"
"DID1348","AID51"
"DID1348","AID987"
"DID1353","AID2753"
"DID1363","AID2348"
"DID1363","AID3763"
"DID1363","AID326"
"DID1364","AID3467"
"DID1364","AID1377"
"DID1364","AID3202"
"DID1366","AID2514"
"DID1366","AID2795"
"DID1374","AID1693"
"DID1374","AID2580"
"DID1377","AID1467"
"DID1377","AID1494"
"DID1378","AID59"
"DID1381","AID3357"
"DID1381","AID3951"
"DID1382","AID2525"
"DID1385","AID2399"
"DID1385","AID200"
"DID1385","AID2437"
"DID1385","AID1696"
"DID1385","AID1832"
"DID1385","AID2064"
"DID1385","AID530"
"DID1385","AID590"
"DID1385","AID711"
"DID1387","AID884"
"DID1387","AID2248"
"DID1388","AID3119"
"DID1392","AID2197"
"DID1394","AID3202"
"DID1394","AID675"
"DID1403","AID503"
"DID1409","AID1717"
"DID1409","AID2406"
"DID1409","AID2743"
"DID1409","AID3854"
"DID1427","AID710"
"DID1427","AID1233"
"DID1427","AID3497"
"DID1429","AID3498"
"DID1429","AID743"
"DID1434","AID1832"
"DID1434","AID2756"
"DID1434","AID1125"
"DID1434","AID2044"
"DID1434","AID2797"
"DID1434","AID1892"
"DID1438","AID1618"
"DID1457","AID3404"
"DID1457","AID3506"
"DID1459","AID1328"
"DID1464","AID2471"
"DID1464","AID2574"
"DID1464","AID3508"
"DID1464","AID3568"
"DID1464","AID1591"
"DID1464","AID3399"
"DID1464","AID2559"
"DID1468","AID1808"
"DID1468","AID2706"
"DID1485","AID1259"
"DID1485","AID3053"
"DID1493","AID3326"
"DID1493","AID770"
"DID1493","AID1798"
"DID1493","AID2421"
"DID1493","AID3035"
"DID1493","AID2811"
"DID1493","AID2979"
"DID1499","AID1631"
"DID1507","AID3892"
"DID1507","AID1912"
"DID1507","AID2280"
"DID1507","AID2352"
"DID1507","AID3267"
"DID1507","AID2467"
"DID1507","AID2633"
"DID1507","AID3137"
"DID1507","AID3842"
"DID1507","AID550"
"DID1510","AID2194"
"DID1510","AID2012"
"DID1510","AID253"
"DID1510","AID3174"
"DID1510","AID3644"
"DID1510","AID1798"
"DID1511","AID3320"
"DID1511","AID3458"
"DID1511","AID3347"
"DID1515","AID1681"
"DID1515","AID468"
"DID1515","AID1425"
"DID1515","AID2740"
"DID1527","AID261"
"DID1527","AID291"
"DID1527","AID1997"
"DID1527","AID318"
"DID1531","AID1512"
"DID1531","AID988"
"DID1532","AID2554"
"DID1532","AID2871"
"DID1532","AID309"
"DID1532","AID2305"
"DID1532","AID3070"
"DID1544","AID1681"
"DID1544","AID3186"
"DID1544","AID3438"
"DID1544","AID3778"
"DID1544","AID3885"
"DID1557","AID554"
"DID1557","AID3970"
"DID1557","AID47"
"DID1558","AID2894"
"DID1558","AID3082"
"DID1558","AID491"
"DID1565","AID1304"
"DID1565","AID2078"
"DID1565","AID3622"
"DID1566","AID913"
"DID1566","AID739"
"DID1566","AID1145"
"DID1575","AID1375"
"DID1575","AID3629"
"DID1575","AID2474"
"DID1581","AID1605"
"DID1604","AID121"
"DID1605","AID101"
"DID1605","AID16"
"DID1605","AID3699"
"DID1609","AID1028"
"DID1609","AID1803"
"DID1609","AID2042"
"DID1609","AID3163"
"DID1610","AID3634"
"DID1610","AID3330"
"DID1610","AID3629"
"DID1613","AID3751"
"DID1613","AID191"
"DID1617","AID2224"
"DID1622","AID1717"
"DID1622","AID2406"
"DID1622","AID2743"
"DID1622","AID3854"
"DID1630","AID219"
"DID1633","AID2521"
"DID1633","AID2566"
"DID1641","AID1508"
"DID1641","AID162"
"DID1641","AID2368"
"DID1648","AID242"
"DID1652","AID1338"
"DID1652","AID2461"
"DID1654","AID2309"
"DID1654","AID2702"
"DID1654","AID3608"
"DID1655","AID3320"
"DID1655","AID3458"
"DID1655","AID3347"
"DID1656","AID40"
"DID1656","AID2557"
"DID1656","AID3423"
"DID1661","AID2281"
"DID1661","AID278"
"DID1661","AID1967"
"DID1665","AID1009"
"DID1665","AID3201"
"DID1665","AID3606"
"DID1665","AID3656"
"DID1665","AID366"
"DID1667","AID1512"
"DID1667","AID988"
"DID1678","AID1342"
"DID1678","AID1738"
"DID1678","AID2206"
"DID1678","AID2012"
"DID1678","AID253"
"DID1678","AID3174"
"DID1678","AID3644"
"DID1678","AID2230"
"DID1678","AID3873"
"DID1678","AID669"
"DID1679","AID115"
"DID1679","AID778"
"DID1679","AID1087"
"DID1679","AID1127"
"DID1679","AID1685"
"DID1679","AID3897"
"DID1679","AID2286"
"DID1682","AID3498"
"DID1682","AID743"
"DID1684","AID1708"
"DID1684","AID3026"
"DID1690","AID1068"
"DID1690","AID3670"
"DID1690","AID1828"
"DID1690","AID2111"
"DID1693","AID3669"
"DID1693","AID1340"
"DID1693","AID3930"
"DID1697","AID2285"
"DID1697","AID3027"
"DID1697","AID73"
"DID1697","AID447"
"DID1697","AID1209"
"DID1697","AID1767"
"DID1697","AID3243"
"DID1697","AID3775"
"DID1706","AID2240"
"DID1706","AID80"
"DID1706","AID2642"
"DID1706","AID3716"
"DID1714","AID155"
"DID1714","AID2334"
"DID1714","AID31"
"DID1714","AID1548"
"DID1716","AID213"
"DID1717","AID105"
"DID1717","AID1758"
"DID1717","AID1832"
"DID1717","AID2756"
"DID1717","AID1125"
"DID1717","AID2044"
"DID1717","AID2797"
"DID1717","AID1892"
"DID1728","AID1491"
"DID1728","AID2491"
"DID1728","AID3365"
"DID1728","AID3658"
"DID1728","AID2832"
"DID1728","AID243"
"DID1728","AID2661"
"DID1728","AID1052"
"DID1728","AID349"
"DID1728","AID784"
"DID1737","AID1927"
"DID1737","AID194"
"DID1737","AID1980"
"DID1737","AID2641"
"DID1737","AID3030"
"DID1737","AID507"
"DID1749","AID3751"
"DID1749","AID2338"
"DID1749","AID3094"
"DID1749","AID3826"
"DID1749","AID2591"
"DID1749","AID3093"
"DID1749","AID3131"
"DID1749","AID3598"
"DID1749","AID3709"
"DID1749","AID691"
"DID1750","AID1221"
"DID1750","AID1275"
"DID1751","AID1139"
"DID1751","AID2177"
"DID1751","AID314"
"DID1751","AID402"
"DID1759","AID3531"
"DID1759","AID3396"
"DID1759","AID467"
"DID1759","AID742"
"DID1759","AID1240"
"DID1759","AID677"
"DID1760","AID3412"
"DID1771","AID3987"
"DID1774","AID1395"
"DID1774","AID466"
"DID1774","AID3155"
"DID1774","AID3195"
"DID1774","AID1789"
"DID1774","AID1361"
"DID1774","AID485"
"DID1778","AID1896"
"DID1778","AID717"
"DID1778","AID2532"
"DID1778","AID3744"
"DID1783","AID3161"
"DID1783","AID1067"
"DID1788","AID2356"
"DID1788","AID1398"
"DID1788","AID2589"
"DID1790","AID1252"
"DID1790","AID1743"
"DID1790","AID3503"
"DID1798","AID2711"
"DID1798","AID2955"
"DID1798","AID24"
"DID1798","AID2657"
"DID1803","AID1338"
"DID1803","AID2461"
"DID1803","AID1252"
"DID1803","AID1743"
"DID1803","AID3503"
"DID1803","AID2473"
"DID1803","AID2937"
"DID1803","AID870"
"DID1803","AID2224"
"DID1803","AID1144"
"DID1803","AID388"
"DID1803","AID762"
"DID1803","AID1084"
"DID1803","AID3321"
"DID1811","AID2301"
"DID1811","AID2467"
"DID1811","AID840"
"DID1819","AID2591"
"DID1819","AID3093"
"DID1819","AID3131"
"DID1819","AID3598"
"DID1823","AID1338"
"DID1823","AID2461"
"DID1833","AID1342"
"DID1833","AID1738"
"DID1833","AID2206"
"DID1833","AID2012"
"DID1833","AID253"
"DID1833","AID3174"
"DID1833","AID3644"
"DID1833","AID2230"
"DID1833","AID3873"
"DID1833","AID669"
"DID1839","AID1028"
"DID1839","AID1803"
"DID1839","AID2042"
"DID1839","AID3163"
"DID1844","AID2124"
"DID1848","AID447"
"DID1848","AID790"
"DID1848","AID3512"
"DID1848","AID2925"
"DID1848","AID294"
"DID1852","AID296"
"DID1852","AID2651"
"DID1852","AID3081"
"DID1855","AID1476"
"DID1855","AID1744"
"DID1857","AID207"
"DID1857","AID3535"
"DID1857","AID3696"
"DID1857","AID3782"
"DID1857","AID909"
"DID1857","AID1821"
"DID1857","AID3959"
"DID1859","AID1810"
"DID1859","AID2670"
"DID1859","AID287"
"DID1859","AID367"
"DID1862","AID1699"
"DID1862","AID1919"
"DID1862","AID2066"
"DID1862","AID3281"
"DID1862","AID216"
"DID1862","AID2267"
"DID1862","AID723"
"DID1862","AID349"
"DID1862","AID784"
"DID1862","AID1704"
"DID1862","AID768"
"DID1862","AID1975"
"DID1862","AID3326"
"DID1871","AID3108"
"DID1871","AID3501"
"DID1871","AID3518"
"DID1871","AID1413"
"DID1871","AID3509"
"DID1871","AID113"
"DID1871","AID2268"
"DID1871","AID2734"
"DID1871","AID827"
"DID1873","AID2134"
"DID1880","AID3531"
"DID1880","AID3396"
"DID1880","AID467"
"DID1880","AID742"
"DID1880","AID1240"
"DID1880","AID677"
"DID1882","AID2286"
"DID1882","AID244"
"DID1882","AID3113"
"DID1882","AID3448"
"DID1882","AID2322"
"DID1882","AID3537"
"DID1882","AID1379"
"DID1882","AID2642"
"DID1882","AID2942"
"DID1882","AID2675"
"DID1882","AID499"
"DID1885","AID3817"
"DID1893","AID1591"
"DID1893","AID789"
"DID1893","AID1019"
"DID1893","AID1892"
"DID1895","AID3709"
"DID1895","AID3901"
"DID1895","AID3843"
"DID1895","AID711"
"DID1895","AID471"
"DID1896","AID2301"
"DID1896","AID2467"
"DID1896","AID840"
"DID1902","AID3591"
"DID1902","AID1368"
"DID1902","AID601"
"DID1902","AID18"
"DID1902","AID758"
"DID1903","AID1943"
"DID1903","AID598"
"DID1908","AID2038"
"DID1908","AID2487"
"DID1908","AID2551"
"DID1908","AID3995"
"DID1908","AID3334"
"DID1908","AID1973"
"DID1915","AID1958"
"DID1915","AID2446"
"DID1915","AID2860"
"DID1915","AID697"
"DID1917","AID1990"
"DID1917","AID1062"
"DID1917","AID2184"
"DID1917","AID2608"
"DID1917","AID3329"
"DID1928","AID2051"
"DID1928","AID2138"
"DID1928","AID1219"
"DID1928","AID3236"
"DID1928","AID3560"
"DID1928","AID730"
"DID1929","AID1990"
"DID1929","AID1062"
"DID1929","AID2184"
"DID1929","AID2608"
"DID1929","AID3329"
"DID1931","AID2851"
"DID1931","AID3515"
"DID1950","AID3695"
"DID1950","AID425"
"DID1954","AID2991"
"DID1954","AID2642"
"DID1954","AID3716"
"DID1956","AID2038"
"DID1956","AID2487"
"DID1956","AID2551"
"DID1956","AID3995"
"DID1956","AID1889"
"DID1956","AID825"
"DID1956","AID902"
"DID1959","AID2559"
"DID1962","AID1205"
"DID1962","AID2422"
"DID1962","AID3449"
"DID1962","AID3782"
"DID1962","AID576"
"DID1967","AID3892"
"DID1967","AID1912"
"DID1967","AID2280"
"DID1967","AID2352"
"DID1967","AID3267"
"DID1967","AID2467"
"DID1967","AID2633"
"DID1967","AID3137"
"DID1967","AID3842"
"DID1967","AID550"
"DID1975","AID261"
"DID1975","AID291"
"DID1975","AID1997"
"DID1975","AID318"
"DID1985","AID1652"
"DID1985","AID3082"
"DID1985","AID2301"
"DID1985","AID3683"
"DID1985","AID713"
"DID1987","AID2848"
"DID1987","AID1724"
"DID1987","AID2508"
"DID1987","AID2845"
"DID1987","AID3420"
"DID1999","AID2145"
"DID1999","AID2459"
"DID2010","AID1655"
"DID2010","AID1674"
"DID2010","AID2539"
"DID2010","AID94"
"DID2017","AID2248"
"DID2017","AID3256"
"DID2017","AID3850"
"DID2017","AID51"
"DID2017","AID353"
"DID2017","AID37"
"DID2017","AID3851"
"DID2017","AID779"
"DID2018","AID1676"
"DID2018","AID1019"
"DID2018","AID1892"
"DID2018","AID295"
"DID2020","AID342"
"DID2020","AID381"
"DID2020","AID3086"
"DID2020","AID3362"
"DID2026","AID1291"
"DID2026","AID171"
"DID2026","AID1761"
"DID2026","AID3936"
"DID2044","AID3663"
"DID2044","AID984"
"DID2053","AID1821"
"DID2053","AID3959"
"DID2055","AID1676"
"DID2055","AID1019"
"DID2055","AID1892"
"DID2055","AID295"
"DID2061","AID27"
"DID2061","AID311"
"DID2065","AID3940"
"DID2065","AID50"
"DID2073","AID2285"
"DID2073","AID3027"
"DID2073","AID73"
"DID2073","AID447"
"DID2077","AID659"
"DID2077","AID966"
"DID2078","AID3222"
"DID2078","AID3663"
"DID2082","AID1939"
"DID2082","AID2136"
"DID2082","AID2857"
"DID2082","AID3176"
"DID2084","AID219"
"DID2101","AID1840"
"DID2101","AID2780"
"DID2101","AID2295"
"DID2101","AID710"
"DID2106","AID3663"
"DID2106","AID984"
"DID2109","AID3113"
"DID2109","AID3448"
"DID2109","AID3837"
"DID2109","AID175"
"DID2109","AID2522"
"DID2115","AID1485"
"DID2115","AID493"
"DID2119","AID1068"
"DID2119","AID3670"
"DID2119","AID1828"
"DID2119","AID2111"
"DID2120","AID2994"
"DID2124","AID1776"
"DID2124","AID2900"
"DID2124","AID1010"
"DID2124","AID1821"
"DID2127","AID59"
"DID2127","AID1006"
"DID2127","AID239"
"DID2142","AID1974"
"DID2142","AID2285"
"DID2142","AID662"
"DID2157","AID1435"
"DID2157","AID1244"
"DID2157","AID1980"
"DID2157","AID1981"
"DID2157","AID3612"
"DID2157","AID3956"
"DID2160","AID130"
"DID2160","AID1716"
"DID2160","AID1737"
"DID2160","AID3919"
"DID2160","AID2301"
"DID2173","AID3385"
"DID2175","AID3751"
"DID2175","AID191"
"DID2175","AID2012"
"DID2175","AID253"
"DID2175","AID3174"
"DID2175","AID3644"
"DID2175","AID1798"
"DID2178","AID1209"
"DID2178","AID1767"
"DID2178","AID3243"
"DID2178","AID3775"
"DID2184","AID2427"
"DID2184","AID479"
"DID2184","AID1534"
"DID2184","AID100"
"DID2184","AID215"
"DID2184","AID2657"
"DID2187","AID1967"
"DID2187","AID1970"
"DID2187","AID2063"
"DID2187","AID3436"
"DID2187","AID524"
"DID2187","AID93"
"DID2187","AID2378"
"DID2187","AID1481"
"DID2187","AID3045"
"DID2190","AID40"
"DID2192","AID3103"
"DID2203","AID1968"
"DID2209","AID1410"
"DID2209","AID3684"
"DID2209","AID2575"
"DID2209","AID2983"
"DID2219","AID1554"
"DID2219","AID3461"
"DID2221","AID155"
"DID2221","AID2334"
"DID2221","AID31"
"DID2221","AID1548"
"DID2223","AID1655"
"DID2226","AID229"
"DID2230","AID1605"
"DID2236","AID1776"
"DID2236","AID2900"
"DID2236","AID1010"
"DID2236","AID1821"
"DID2236","AID306"
"DID2236","AID3107"
"DID2237","AID1271"
"DID2240","AID306"
"DID2240","AID3107"
"DID2254","AID1461"
"DID2254","AID3369"
"DID2254","AID1275"
"DID2254","AID1304"
"DID2254","AID3634"
"DID2254","AID3330"
"DID2254","AID3629"
"DID2260","AID1172"
"DID2260","AID218"
"DID2260","AID275"
"DID2260","AID300"
"DID2260","AID3352"
"DID2260","AID665"
"DID2260","AID1520"
"DID2266","AID1221"
"DID2266","AID2781"
"DID2266","AID3016"
"DID2266","AID530"
"DID2268","AID2398"
"DID2268","AID411"
"DID2268","AID1048"
"DID2268","AID1836"
"DID2268","AID104"
"DID2268","AID128"
"DID2269","AID2248"
"DID2269","AID3256"
"DID2269","AID3850"
"DID2269","AID51"
"DID2269","AID353"
"DID2269","AID37"
"DID2269","AID3851"
"DID2269","AID779"
"DID2273","AID3211"
"DID2273","AID373"
"DID2273","AID2406"
"DID2273","AID3636"
"DID2273","AID3697"
"DID2273","AID44"
"DID2276","AID2176"
"DID2276","AID2284"
"DID2276","AID2317"
"DID2276","AID3369"
"DID2276","AID762"
"DID2276","AID1737"
"DID2276","AID284"
"DID2278","AID1776"
"DID2278","AID2315"
"DID2278","AID2795"
"DID2278","AID50"
"DID2278","AID3407"
"DID2278","AID457"
"DID2278","AID55"
"DID2278","AID74"
"DID2288","AID447"
"DID2288","AID790"
"DID2288","AID3512"
"DID2288","AID2925"
"DID2288","AID294"
"DID2290","AID1108"
"DID2290","AID1585"
"DID2292","AID2902"
"DID2292","AID3798"
"DID2292","AID3998"
"DID2292","AID2555"
"DID2295","AID3384"
"DID2295","AID990"
"DID2296","AID2724"
"DID2296","AID1052"
"DID2296","AID1040"
"DID2296","AID1790"
"DID2297","AID3404"
"DID2297","AID3506"
"DID2307","AID173"
"DID2307","AID2637"
"DID2307","AID1280"
"DID2307","AID3577"
"DID2308","AID3119"
"DID2310","AID3743"
"DID2310","AID546"
"DID2325","AID1879"
"DID2325","AID982"
"DID2325","AID2438"
"DID2325","AID435"
"DID2325","AID1353"
"DID2334","AID196"
"DID2334","AID2354"
"DID2334","AID3403"
"DID2334","AID3887"
"DID2334","AID2440"
"DID2334","AID46"
"DID2337","AID1122"
"DID2337","AID1209"
"DID2337","AID1767"
"DID2337","AID3243"
"DID2337","AID3775"
"DID2338","AID3404"
"DID2338","AID3506"
"DID2341","AID3566"
"DID2341","AID3749"
"DID2343","AID1600"
"DID2343","AID3108"
"DID2343","AID3351"
"DID2343","AID3951"
"DID2347","AID1837"
"DID2347","AID3805"
"DID2347","AID497"
"DID2347","AID908"
"DID2348","AID3494"
"DID2348","AID500"
"DID2348","AID857"
"DID2350","AID3459"
"DID2350","AID2543"
"DID2350","AID87"
"DID2350","AID3016"
"DID2350","AID3761"
"DID2352","AID2331"
"DID2352","AID3557"
"DID2352","AID2499"
"DID2352","AID293"
"DID2352","AID1009"
"DID2352","AID2293"
"DID2370","AID1291"
"DID2370","AID171"
"DID2370","AID1761"
"DID2370","AID3936"
"DID2370","AID195"
"DID2371","AID665"
"DID2372","AID1491"
"DID2372","AID2491"
"DID2372","AID3365"
"DID2372","AID3658"
"DID2372","AID1048"
"DID2372","AID1836"
"DID2374","AID138"
"DID2374","AID1404"
"DID2375","AID1036"
"DID2375","AID2328"
"DID2375","AID2456"
"DID2375","AID461"
"DID2380","AID1821"
"DID2380","AID3959"
"DID2383","AID1798"
"DID2386","AID1550"
"DID2386","AID3347"
"DID2389","AID2514"
"DID2389","AID2561"
"DID2389","AID3056"
"DID2389","AID175"
"DID2397","AID839"
"DID2397","AID1184"
"DID2397","AID2378"
"DID2397","AID2851"
"DID2397","AID2905"
"DID2397","AID3195"
"DID2397","AID1742"
"DID2397","AID1924"
"DID2428","AID1334"
"DID2428","AID2257"
"DID2437","AID1231"
"DID2437","AID1594"
"DID2437","AID2586"
"DID2437","AID3519"
"DID2438","AID2180"
"DID2438","AID3599"
"DID2438","AID1650"
"DID2438","AID717"
"DID2439","AID2263"
"DID2445","AID285"
"DID2445","AID886"
"DID2445","AID2822"
"DID2445","AID188"
"DID2445","AID190"
"DID2445","AID2710"
"DID2445","AID3972"
"DID2447","AID1308"
"DID2447","AID1817"
"DID2447","AID2232"
"DID2447","AID728"
"DID2449","AID229"
"DID2451","AID313"
"DID2451","AID1910"
"DID2451","AID259"
"DID2458","AID1958"
"DID2458","AID2446"
"DID2458","AID2860"
"DID2458","AID697"
"DID2465","AID2268"
"DID2471","AID2659"
"DID2476","AID1415"
"DID2476","AID246"
"DID2476","AID3907"
"DID2478","AID1361"
"DID2478","AID1700"
"DID2479","AID2134"
"DID2481","AID1435"
"DID2481","AID1685"
"DID2481","AID2970"
"DID2481","AID2324"
"DID2482","AID2248"
"DID2482","AID3256"
"DID2482","AID3850"
"DID2482","AID51"
"DID2482","AID353"
"DID2482","AID37"
"DID2482","AID3851"
"DID2482","AID779"
"DID2485","AID2197"
"DID2489","AID2818"
"DID2494","AID1334"
"DID2497","AID2176"
"DID2497","AID2284"
"DID2497","AID2317"
"DID2511","AID1058"
"DID2511","AID2405"
"DID2523","AID2991"
"DID2523","AID2444"
"DID2536","AID1516"
"DID2546","AID2238"
"DID2546","AID3100"
"DID2547","AID1896"
"DID2547","AID717"
"DID2547","AID2532"
"DID2547","AID3744"
"DID2555","AID3892"
"DID2555","AID1912"
"DID2555","AID2280"
"DID2555","AID2352"
"DID2555","AID3267"
"DID2555","AID2467"
"DID2555","AID2633"
"DID2555","AID3137"
"DID2555","AID3842"
"DID2555","AID550"
"DID2557","AID1775"
"DID2557","AID2997"
"DID2557","AID3801"
"DID2557","AID2334"
"DID2569","AID1108"
"DID2569","AID2518"
"DID2569","AID276"
"DID2569","AID3786"
"DID2574","AID103"
"DID2574","AID2335"
"DID2574","AID100"
"DID2574","AID215"
"DID2574","AID2657"
"DID2575","AID2514"
"DID2575","AID2561"
"DID2575","AID3056"
"DID2575","AID175"
"DID2577","AID2238"
"DID2577","AID3100"
"DID2579","AID2193"
"DID2579","AID3767"
"DID2582","AID3759"
"DID2582","AID3912"
"DID2586","AID2399"
"DID2586","AID200"
"DID2586","AID2437"
"DID2586","AID1696"
"DID2586","AID1832"
"DID2586","AID2064"
"DID2590","AID3663"
"DID2590","AID984"
"DID2592","AID2235"
"DID2592","AID2267"
"DID2592","AID1262"
"DID2592","AID1319"
"DID2592","AID2721"
"DID2599","AID1708"
"DID2599","AID2746"
"DID2599","AID414"
"DID2599","AID659"
"DID2599","AID1401"
"DID2599","AID2347"
"DID2599","AID664"
"DID2599","AID467"
"DID2599","AID1968"
"DID2599","AID3013"
"DID2601","AID3365"
"DID2601","AID705"
"DID2605","AID1466"
"DID2605","AID3243"
"DID2606","AID1681"
"DID2606","AID468"
"DID2606","AID1425"
"DID2606","AID2740"
"DID2611","AID1537"
"DID2611","AID3276"
"DID2611","AID3320"
"DID2611","AID3614"
"DID2611","AID2337"
"DID2611","AID3605"
"DID2611","AID1368"
"DID2611","AID601"
"DID2611","AID18"
"DID2611","AID758"
"DID2616","AID1676"
"DID2616","AID1019"
"DID2616","AID1892"
"DID2616","AID295"
"DID2622","AID3161"
"DID2622","AID1067"
"DID2623","AID1939"
"DID2623","AID2136"
"DID2623","AID2857"
"DID2623","AID3176"
"DID2636","AID2163"
"DID2636","AID2686"
"DID2638","AID1252"
"DID2638","AID1743"
"DID2638","AID3503"
"DID2640","AID1699"
"DID2640","AID1919"
"DID2640","AID2066"
"DID2640","AID3281"
"DID2640","AID216"
"DID2640","AID2267"
"DID2640","AID723"
"DID2640","AID349"
"DID2640","AID784"
"DID2640","AID1704"
"DID2640","AID768"
"DID2640","AID1975"
"DID2640","AID3326"
"DID2644","AID2163"
"DID2644","AID2686"
"DID2647","AID3691"
"DID2647","AID915"
"DID2652","AID1768"
"DID2652","AID884"
"DID2653","AID2019"
"DID2659","AID1271"
"DID2663","AID2462"
"DID2663","AID3290"
"DID2663","AID1608"
"DID2663","AID1987"
"DID2666","AID2238"
"DID2666","AID3100"
"DID2667","AID2130"
"DID2667","AID3507"
"DID2670","AID2102"
"DID2670","AID229"
"DID2671","AID936"
"DID2678","AID1777"
"DID2681","AID2462"
"DID2681","AID3290"
"DID2681","AID1608"
"DID2681","AID1987"
"DID2683","AID3365"
"DID2683","AID705"
"DID2690","AID3695"
"DID2690","AID425"
"DID2692","AID1144"
"DID2692","AID388"
"DID2692","AID762"
"DID2692","AID1084"
"DID2692","AID3321"
"DID2693","AID1487"
"DID2696","AID2147"
"DID2696","AID1052"
"DID2696","AID2847"
"DID2696","AID972"
"DID2696","AID2061"
"DID2696","AID2933"
"DID2696","AID3940"
"DID2696","AID1112"
"DID2696","AID151"
"DID2696","AID3231"
"DID2696","AID937"
"DID2699","AID710"
"DID2699","AID1233"
"DID2699","AID3497"
"DID2699","AID1209"
"DID2699","AID1767"
"DID2699","AID3243"
"DID2699","AID3775"
"DID2719","AID1628"
"DID2719","AID459"
"DID2719","AID2894"
"DID2719","AID810"
"DID2723","AID1398"
"DID2723","AID357"
"DID2723","AID466"
"DID2723","AID1431"
"DID2723","AID2365"
"DID2723","AID2499"
"DID2723","AID3402"
"DID2727","AID3113"
"DID2727","AID3448"
"DID2727","AID3837"
"DID2727","AID175"
"DID2727","AID2522"
"DID2728","AID3817"
"DID2736","AID2859"
"DID2736","AID608"
"DID2743","AID1605"
"DID2744","AID2941"
"DID2744","AID965"
"DID2744","AID1286"
"DID2744","AID1564"
"DID2748","AID1476"
"DID2748","AID1744"
"DID2749","AID1811"
"DID2749","AID3005"
"DID2750","AID1832"
"DID2750","AID2756"
"DID2750","AID1125"
"DID2750","AID2044"
"DID2750","AID2797"
"DID2750","AID1892"
"DID2756","AID1085"
"DID2756","AID733"
"DID2756","AID1711"
"DID2764","AID2073"
"DID2764","AID706"
"DID2766","AID3369"
"DID2766","AID1190"
"DID2766","AID1408"
"DID2766","AID749"
"DID2772","AID533"
"DID2772","AID665"
"DID2778","AID1037"
"DID2778","AID2784"
"DID2778","AID2786"
"DID2778","AID949"
"DID2778","AID1666"
"DID2778","AID1529"
"DID2778","AID3775"
"DID2785","AID2481"
"DID2785","AID3330"
"DID2785","AID3629"
"DID2787","AID195"
"DID2805","AID447"
"DID2805","AID790"
"DID2805","AID3512"
"DID2805","AID2925"
"DID2805","AID294"
"DID2809","AID229"
"DID2812","AID17"
"DID2812","AID3451"
"DID2813","AID1283"
"DID2813","AID1765"
"DID2813","AID2124"
"DID2813","AID61"
"DID2813","AID304"
"DID2813","AID316"
"DID2817","AID1361"
"DID2817","AID1700"
"DID2818","AID3982"
"DID2821","AID1172"
"DID2821","AID507"
"DID2821","AID891"
"DID2827","AID1970"
"DID2827","AID2899"
"DID2831","AID3987"
"DID2835","AID253"
"DID2835","AID821"
"DID2845","AID2260"
"DID2845","AID2366"
"DID2845","AID3939"
"DID2845","AID669"
"DID2845","AID1569"
"DID2845","AID189"
"DID2845","AID2637"
"DID2845","AID82"
"DID2845","AID1894"
"DID2845","AID3126"
"DID2850","AID3857"
"DID2850","AID935"
"DID2853","AID2180"
"DID2853","AID3599"
"DID2853","AID1650"
"DID2853","AID717"
"DID2854","AID105"
"DID2856","AID285"
"DID2856","AID886"
"DID2856","AID2822"
"DID2856","AID188"
"DID2856","AID190"
"DID2856","AID2710"
"DID2856","AID3972"
"DID2858","AID154"
"DID2858","AID2061"
"DID2858","AID2933"
"DID2858","AID3940"
"DID2859","AID2236"
"DID2859","AID337"
"DID2859","AID3936"
"DID2861","AID2145"
"DID2861","AID2459"
"DID2870","AID2124"
"DID2873","AID874"
"DID2874","AID1338"
"DID2874","AID2461"
"DID2874","AID1252"
"DID2874","AID1743"
"DID2874","AID3503"
"DID2874","AID2473"
"DID2874","AID2937"
"DID2874","AID870"
"DID2874","AID2224"
"DID2874","AID59"
"DID2875","AID1322"
"DID2875","AID3423"
"DID2875","AID1720"
"DID2887","AID1077"
"DID2887","AID2002"
"DID2887","AID2961"
"DID2887","AID3708"
"DID2887","AID601"
"DID2890","AID171"
"DID2890","AID3366"
"DID2890","AID3109"
"DID2890","AID680"
"DID2890","AID1121"
"DID2890","AID2033"
"DID2890","AID280"
"DID2890","AID281"
"DID2899","AID2248"
"DID2899","AID3256"
"DID2899","AID3850"
"DID2899","AID51"
"DID2899","AID353"
"DID2899","AID37"
"DID2899","AID3851"
"DID2899","AID779"
"DID2902","AID2659"
"DID2908","AID3767"
"DID2909","AID296"
"DID2909","AID2651"
"DID2909","AID3081"
"DID2922","AID2130"
"DID2922","AID3507"
"DID2929","AID2765"
"DID2933","AID1171"
"DID2933","AID4"
"DID2933","AID868"
"DID2933","AID2213"
"DID2940","AID297"
"DID2940","AID1534"
"DID2950","AID869"
"DID2952","AID145"
"DID2952","AID869"
"DID2953","AID936"
"DID2960","AID1837"
"DID2960","AID3805"
"DID2960","AID497"
"DID2960","AID908"
"DID2966","AID1147"
"DID2966","AID3007"
"DID2966","AID3813"
"DID2966","AID925"
"DID2966","AID1810"
"DID2966","AID3872"
"DID2971","AID2818"
"DID2978","AID3196"
"DID2978","AID3949"
"DID2986","AID2350"
"DID2986","AID2892"
"DID2986","AID3911"
"DID2986","AID2103"
"DID2986","AID3110"
"DID2990","AID1466"
"DID2990","AID3243"
"DID2993","AID3219"
"DID2993","AID924"
"DID2993","AID582"
"DID2995","AID2643"
"DID2995","AID2915"
"DID2995","AID3205"
"DID2995","AID451"
"DID2995","AID2634"
"DID2995","AID3421"
"DID2996","AID1087"
"DID2996","AID409"
"DID2998","AID2559"
"DID3006","AID1727"
"DID3006","AID3740"
"DID3006","AID2862"
"DID3006","AID3385"
"DID3006","AID3481"
"DID3006","AID590"
"DID3006","AID711"
"DID3011","AID1221"
"DID3011","AID1275"
"DID3012","AID284"
"DID3012","AID630"
"DID3013","AID1894"
"DID3013","AID3126"
"DID3020","AID2923"
"DID3020","AID1717"
"DID3020","AID2406"
"DID3020","AID2743"
"DID3020","AID3854"
"DID3026","AID1009"
"DID3026","AID3201"
"DID3026","AID3606"
"DID3026","AID3656"
"DID3026","AID366"
"DID3034","AID2038"
"DID3034","AID2487"
"DID3034","AID2551"
"DID3034","AID3995"
"DID3034","AID3334"
"DID3034","AID1973"
"DID3038","AID2440"
"DID3038","AID46"
"DID3048","AID3347"
"DID3049","AID2286"
"DID3049","AID244"
"DID3049","AID3113"
"DID3049","AID3448"
"DID3049","AID2322"
"DID3049","AID3537"
"DID3049","AID1379"
"DID3049","AID2642"
"DID3049","AID2942"
"DID3049","AID2675"
"DID3049","AID499"
"DID3064","AID297"
"DID3075","AID2194"
"DID3081","AID2664"
"DID3081","AID2880"
"DID3081","AID966"
"DID3081","AID1246"
"DID3081","AID3998"
"DID3081","AID598"
"DID3081","AID1052"
"DID3081","AID3955"
"DID3084","AID2350"
"DID3084","AID2892"
"DID3084","AID3911"
"DID3084","AID2103"
"DID3084","AID3110"
"DID3086","AID37"
"DID3086","AID782"
"DID3091","AID3205"
"DID3091","AID477"
"DID3102","AID3344"
"DID3102","AID2612"
"DID3107","AID1461"
"DID3107","AID3369"
"DID3107","AID1275"
"DID3107","AID1304"
"DID3111","AID2197"
"DID3111","AID1963"
"DID3119","AID1448"
"DID3119","AID464"
"DID3119","AID525"
"DID3119","AID1538"
"DID3119","AID3669"
"DID3121","AID3709"
"DID3121","AID3459"
"DID3121","AID919"
"DID3124","AID1661"
"DID3124","AID1938"
"DID3124","AID3227"
"DID3124","AID59"
"DID3124","AID3830"
"DID3125","AID3817"
"DID3130","AID229"
"DID3130","AID1025"
"DID3130","AID1164"
"DID3130","AID889"
"DID3132","AID869"
"DID3132","AID115"
"DID3132","AID778"
"DID3132","AID1087"
"DID3132","AID1127"
"DID3132","AID1685"
"DID3132","AID3897"
"DID3132","AID2286"
"DID3141","AID1785"
"DID3158","AID1342"
"DID3158","AID540"
"DID3158","AID1573"
"DID3158","AID1745"
"DID3158","AID2637"
"DID3158","AID3564"
"DID3161","AID1188"
"DID3161","AID1403"
"DID3161","AID999"
"DID3161","AID2348"
"DID3161","AID3763"
"DID3161","AID3030"
"DID3161","AID507"
"DID3167","AID1769"
"DID3168","AID1130"
"DID3169","AID1068"
"DID3169","AID3670"
"DID3169","AID1828"
"DID3169","AID2111"
"DID3180","AID2622"
"DID3180","AID973"
"DID3180","AID2216"
"DID3180","AID2447"
"DID3180","AID3141"
"DID3185","AID2923"
"DID3193","AID196"
"DID3193","AID2354"
"DID3193","AID3403"
"DID3193","AID3887"
"DID3198","AID630"
"DID3199","AID1068"
"DID3199","AID3670"
"DID3199","AID1828"
"DID3199","AID2111"
"DID3200","AID161"
"DID3200","AID175"
"DID3202","AID1271"
"DID3208","AID2263"
"DID3208","AID2327"
"DID3208","AID346"
"DID3208","AID3513"
"DID3208","AID3544"
"DID3208","AID1490"
"DID3208","AID2269"
"DID3208","AID2465"
"DID3208","AID3326"
"DID3209","AID2431"
"DID3209","AID3089"
"DID3217","AID1171"
"DID3217","AID4"
"DID3217","AID868"
"DID3217","AID2213"
"DID3218","AID1368"
"DID3218","AID601"
"DID3218","AID18"
"DID3218","AID758"
"DID3225","AID219"
"DID3226","AID1384"
"DID3230","AID1122"
"DID3230","AID1209"
"DID3230","AID1767"
"DID3230","AID3243"
"DID3230","AID3775"
"DID3233","AID285"
"DID3233","AID886"
"DID3233","AID2822"
"DID3233","AID188"
"DID3233","AID190"
"DID3233","AID2710"
"DID3233","AID3972"
"DID3236","AID3459"
"DID3239","AID1832"
"DID3239","AID2756"
"DID3239","AID1125"
"DID3239","AID2044"
"DID3239","AID2797"
"DID3239","AID1892"
"DID3242","AID3695"
"DID3242","AID425"
"DID3247","AID3108"
"DID3247","AID3501"
"DID3247","AID3518"
"DID3247","AID1413"
"DID3247","AID3509"
"DID3247","AID113"
"DID3247","AID2268"
"DID3247","AID2734"
"DID3247","AID827"
"DID3248","AID2915"
"DID3248","AID3334"
"DID3248","AID3429"
"DID3248","AID966"
"DID3249","AID2465"
"DID3249","AID3933"
"DID3249","AID452"
"DID3266","AID3459"
"DID3270","AID1537"
"DID3270","AID3276"
"DID3270","AID3320"
"DID3270","AID3614"
"DID3271","AID3965"
"DID3273","AID1776"
"DID3273","AID2900"
"DID3273","AID1010"
"DID3273","AID1821"
"DID3275","AID1973"
"DID3278","AID554"
"DID3278","AID3970"
"DID3278","AID47"
"DID3285","AID874"
"DID3286","AID1037"
"DID3286","AID1228"
"DID3286","AID2670"
"DID3286","AID3448"
"DID3286","AID2335"
"DID3286","AID3324"
"DID3286","AID1648"
"DID3287","AID3222"
"DID3287","AID3663"
"DID3288","AID1467"
"DID3288","AID1494"
"DID3288","AID2991"
"DID3288","AID2642"
"DID3288","AID3716"
"DID3288","AID2531"
"DID3288","AID3609"
"DID3291","AID1303"
"DID3291","AID2924"
"DID3291","AID3847"
"DID3291","AID749"
"DID3298","AID3467"
"DID3298","AID1377"
"DID3298","AID3202"
"DID3300","AID3219"
"DID3300","AID924"
"DID3300","AID582"
"DID3309","AID808"
"DID3312","AID1892"
"DID3314","AID40"
"DID3315","AID1776"
"DID3315","AID2315"
"DID3315","AID2795"
"DID3315","AID50"
"DID3318","AID3222"
"DID3318","AID3663"
"DID3325","AID1658"
"DID3325","AID2336"
"DID3325","AID277"
"DID3325","AID947"
"DID3330","AID1531"
"DID3330","AID662"
"DID3332","AID1516"
"DID3347","AID1384"
"DID3358","AID369"
"DID3358","AID1744"
"DID3359","AID3740"
"DID3359","AID685"
"DID3359","AID1890"
"DID3359","AID2177"
"DID3380","AID1327"
"DID3380","AID1559"
"DID3380","AID1990"
"DID3380","AID1580"
"DID3380","AID1723"
"DID3392","AID2803"
"DID3392","AID3855"
"DID3392","AID1081"
"DID3392","AID1651"
"DID3392","AID1905"
"DID3392","AID2275"
"DID3393","AID3857"
"DID3393","AID935"
"DID3394","AID1037"
"DID3394","AID2784"
"DID3394","AID2786"
"DID3394","AID949"
"DID3394","AID1666"
"DID3394","AID1529"
"DID3394","AID3775"
"DID3394","AID2441"
"DID3394","AID3072"
"DID3394","AID3233"
"DID3394","AID3590"
"DID3405","AID3320"
"DID3405","AID3458"
"DID3405","AID3347"
"DID3411","AID420"
"DID3418","AID495"
"DID3418","AID1819"
"DID3418","AID2740"
"DID3418","AID2981"
"DID3421","AID2907"
"DID3421","AID2653"
"DID3421","AID3934"
"DID3421","AID2197"
"DID3433","AID2130"
"DID3433","AID3507"
"DID3435","AID1717"
"DID3435","AID2406"
"DID3435","AID2743"
"DID3435","AID3854"
"DID3443","AID1562"
"DID3443","AID3115"
"DID3443","AID665"
"DID3444","AID2431"
"DID3444","AID3089"
"DID3448","AID1236"
"DID3448","AID3157"
"DID3448","AID478"
"DID3448","AID1442"
"DID3448","AID2919"
"DID3448","AID3894"
"DID3448","AID556"
"DID3448","AID950"
"DID3450","AID3775"
"DID3451","AID1572"
"DID3451","AID1803"
"DID3451","AID3089"
"DID3451","AID1081"
"DID3451","AID1651"
"DID3451","AID1905"
"DID3451","AID2275"
"DID3451","AID3564"
"DID3451","AID2432"
"DID3451","AID2356"
"DID3451","AID1398"
"DID3451","AID2589"
"DID3477","AID3663"
"DID3477","AID984"
"DID3478","AID1130"
"DID3479","AID1221"
"DID3479","AID2781"
"DID3479","AID3016"
"DID3479","AID530"
"DID3485","AID2723"
"DID3485","AID3178"
"DID3491","AID1036"
"DID3491","AID2328"
"DID3491","AID2456"
"DID3491","AID461"
"DID3502","AID3357"
"DID3502","AID3951"
"DID3505","AID1221"
"DID3505","AID1275"
"DID3514","AID1835"
"DID3514","AID3761"
"DID3516","AID1284"
"DID3516","AID2803"
"DID3516","AID3855"
"DID3516","AID2783"
"DID3516","AID2296"
"DID3516","AID821"
"DID3519","AID1291"
"DID3519","AID171"
"DID3519","AID1761"
"DID3519","AID3936"
"DID3524","AID1052"
"DID3524","AID3955"
"DID3536","AID2440"
"DID3536","AID46"
"DID3544","AID2627"
"DID3555","AID1217"
"DID3555","AID2827"
"DID3555","AID3251"
"DID3555","AID400"
"DID3559","AID2158"
"DID3559","AID2415"
"DID3559","AID3580"
"DID3562","AID2163"
"DID3562","AID2686"
"DID3567","AID357"
"DID3567","AID5"
"DID3569","AID2685"
"DID3577","AID213"
"DID3584","AID1973"
"DID3593","AID14"
"DID3593","AID1466"
"DID3593","AID1481"
"DID3593","AID2284"
"DID3593","AID2902"
"DID3593","AID3638"
"DID3594","AID585"
"DID3595","AID3663"
"DID3595","AID547"
"DID3596","AID1958"
"DID3596","AID2446"
"DID3596","AID2860"
"DID3596","AID697"
"DID3604","AID808"
"DID3605","AID710"
"DID3605","AID1233"
"DID3605","AID3497"
"DID3609","AID2952"
"DID3609","AID3387"
"DID3609","AID584"
"DID3609","AID3567"
"DID3609","AID11"
"DID3609","AID1208"
"DID3609","AID1209"
"DID3609","AID2318"
"DID3616","AID1296"
"DID3616","AID375"
"DID3616","AID3940"
"DID3616","AID534"
"DID3617","AID1768"
"DID3617","AID884"
"DID3617","AID2968"
"DID3618","AID2941"
"DID3618","AID965"
"DID3618","AID1286"
"DID3618","AID1564"
"DID3623","AID874"
"DID3628","AID2261"
"DID3628","AID3496"
"DID3628","AID202"
"DID3628","AID775"
"DID3628","AID901"
"DID3637","AID378"
"DID3648","AID1037"
"DID3648","AID1228"
"DID3648","AID2670"
"DID3648","AID3448"
"DID3648","AID2335"
"DID3648","AID3324"
"DID3648","AID1648"
"DID3650","AID1195"
"DID3650","AID1519"
"DID3650","AID2948"
"DID3650","AID3955"
"DID3650","AID3053"
"DID3650","AID3085"
"DID3655","AID381"
"DID3655","AID755"
"DID3655","AID1764"
"DID3655","AID2428"
"DID3655","AID2472"
"DID3655","AID1130"
"DID3657","AID1566"
"DID3659","AID2627"
"DID3662","AID3412"
"DID3663","AID3065"
"DID3664","AID3119"
"DID3665","AID2471"
"DID3665","AID2574"
"DID3665","AID3508"
"DID3665","AID3568"
"DID3665","AID1591"
"DID3665","AID3399"
"DID3670","AID1727"
"DID3670","AID3740"
"DID3670","AID2862"
"DID3670","AID3385"
"DID3670","AID3481"
"DID3670","AID590"
"DID3670","AID711"
"DID3675","AID1808"
"DID3675","AID2706"
"DID3675","AID1840"
"DID3675","AID2780"
"DID3675","AID2295"
"DID3675","AID710"
"DID3681","AID1508"
"DID3681","AID162"
"DID3681","AID2368"
"DID3687","AID2816"
"DID3687","AID1095"
"DID3687","AID1775"
"DID3687","AID339"
"DID3687","AID710"
"DID3694","AID2246"
"DID3694","AID2868"
"DID3695","AID1152"
"DID3700","AID1184"
"DID3700","AID3538"
"DID3700","AID3438"
"DID3700","AID3698"
"DID3701","AID1014"
"DID3701","AID807"
"DID3706","AID1837"
"DID3706","AID3805"
"DID3706","AID497"
"DID3706","AID908"
"DID3717","AID3965"
"DID3718","AID3591"
"DID3725","AID3644"
"DID3725","AID1885"
"DID3739","AID1571"
"DID3739","AID149"
"DID3739","AID3167"
"DID3739","AID3696"
"DID3739","AID873"
"DID3741","AID213"
"DID3741","AID1717"
"DID3741","AID2406"
"DID3741","AID2743"
"DID3741","AID3854"
"DID3747","AID3459"
"DID3747","AID2543"
"DID3747","AID87"
"DID3747","AID3016"
"DID3747","AID3761"
"DID3750","AID1967"
"DID3750","AID1970"
"DID3750","AID2063"
"DID3750","AID3436"
"DID3750","AID524"
"DID3750","AID93"
"DID3750","AID2378"
"DID3752","AID1600"
"DID3752","AID3108"
"DID3752","AID3351"
"DID3752","AID3951"
"DID3763","AID2342"
"DID3763","AID2600"
"DID3763","AID2394"
"DID3763","AID3505"
"DID3763","AID72"
"DID3777","AID2163"
"DID3777","AID2686"
"DID3785","AID1885"
"DID3785","AID2104"
"DID3791","AID3654"
"DID3792","AID2932"
"DID3792","AID594"
"DID3792","AID2320"
"DID3793","AID2521"
"DID3793","AID2566"
"DID3794","AID3119"
"DID3805","AID3219"
"DID3805","AID924"
"DID3805","AID447"
"DID3807","AID1693"
"DID3807","AID2580"
"DID3810","AID1121"
"DID3810","AID2033"
"DID3810","AID280"
"DID3810","AID281"
"DID3813","AID1591"
"DID3813","AID789"
"DID3813","AID1019"
"DID3813","AID1892"
"DID3820","AID1467"
"DID3820","AID1494"
"DID3823","AID1571"
"DID3823","AID149"
"DID3823","AID3167"
"DID3831","AID1655"
"DID3831","AID1281"
"DID3831","AID1921"
"DID3831","AID3726"
"DID3831","AID949"
"DID3831","AID2249"
"DID3831","AID3578"
"DID3839","AID1386"
"DID3839","AID1754"
"DID3839","AID2191"
"DID3839","AID2705"
"DID3839","AID3335"
"DID3839","AID59"
"DID3840","AID168"
"DID3840","AID1315"
"DID3840","AID1556"
"DID3840","AID1943"
"DID3840","AID2173"
"DID3842","AID467"
"DID3842","AID1968"
"DID3842","AID3013"
"DID3844","AID138"
"DID3844","AID1404"
"DID3845","AID1144"
"DID3845","AID388"
"DID3845","AID762"
"DID3845","AID1084"
"DID3845","AID3321"
"DID3846","AID1435"
"DID3846","AID1685"
"DID3846","AID2970"
"DID3846","AID2324"
"DID3852","AID3628"
"DID3852","AID266"
"DID3852","AID1762"
"DID3852","AID1904"
"DID3852","AID2229"
"DID3852","AID255"
"DID3853","AID1631"
"DID3853","AID1574"
"DID3853","AID1887"
"DID3853","AID2835"
"DID3853","AID892"
"DID3859","AID2460"
"DID3859","AID3496"
"DID3859","AID1002"
"DID3859","AID2404"
"DID3859","AID1012"
"DID3859","AID3309"
"DID3860","AID3333"
"DID3860","AID2124"
"DID3865","AID1322"
"DID3865","AID3423"
"DID3876","AID1810"
"DID3876","AID3872"
"DID3882","AID2462"
"DID3882","AID3290"
"DID3882","AID1608"
"DID3882","AID1987"
"DID3882","AID219"
"DID3885","AID2711"
"DID3885","AID2955"
"DID3885","AID24"
"DID3885","AID2657"
"DID3905","AID3566"
"DID3905","AID2134"
"DID3925","AID3531"
"DID3925","AID3546"
"DID3925","AID3708"
"DID3925","AID832"
"DID3934","AID1304"
"DID3934","AID2078"
"DID3934","AID3622"
"DID3936","AID2309"
"DID3936","AID3354"
"DID3936","AID1067"
"DID3936","AID3352"
"DID3936","AID3645"
"DID3936","AID3934"
"DID3944","AID138"
"DID3944","AID1404"
"DID3969","AID1118"
"DID3969","AID1137"
"DID3969","AID3263"
"DID3969","AID89"
"DID3969","AID1338"
"DID3969","AID1932"
"DID3969","AID3385"
"DID3970","AID1562"
"DID3970","AID3115"
"DID3970","AID1970"
"DID3970","AID2899"
"DID3970","AID2516"
"DID3970","AID334"
"DID3970","AID1233"
"DID3970","AID3497"
"DID3975","AID1379"
"DID3975","AID1486"
"DID3975","AID2557"
"DID3975","AID3423"
"DID3980","AID1344"
"DID3980","AID396"
"DID3980","AID1754"
"DID3980","AID3799"
"DID3981","AID2568"
"DID3981","AID999"
"DID3981","AID3394"
"DID3981","AID1015"
"DID3981","AID3219"
"DID3981","AID3965"
"DID3984","AID770"
"DID3984","AID1601"
"DID3985","AID1481"
"DID3985","AID3045"
"DID3987","AID3740"
"DID3987","AID685"
"DID3987","AID1890"
"DID3987","AID2177"
"DID3994","AID1681"
"DID3994","AID3186"
"DID3994","AID3438"
"DID3994","AID3778"
"DID3994","AID3885"
