CID,BID
CID1,BID1145
CID1,BID1486
CID1,BID1575
CID1,BID1770
CID1,BID66
CID2,BID1419
CID3,BID133
CID3,BID160
CID3,BID1714
CID3,BID2668
CID3,BID2974
CID3,BID480
CID3,BID545
CID3,BID84
CID3,BID893
CID4,BID2052
CID4,BID2056
CID4,BID2332
CID5,BID1573
CID5,BID1584
CID5,BID188
CID5,BID2329
CID5,BID2681
CID5,BID2848
CID5,BID340
CID5,BID80
CID5,BID973
CID6,BID1015
CID6,BID1050
CID6,BID1811
CID6,BID2040
CID6,BID22
CID6,BID2462
CID6,BID873
CID6,BID973
CID7,BID1053
CID7,BID1082
CID7,BID817
CID8,BID1017
CID8,BID390
CID9,BID2950
CID10,BID290
CID11,BID106
CID11,BID1094
CID11,BID1828
CID11,BID209
CID11,BID2461
CID11,BID414
CID11,BID460
CID11,BID746
CID11,BID794
CID12,BID1315
CID12,BID1425
CID12,BID18
CID12,BID2039
CID12,BID2689
CID12,BID2844
CID12,BID440
CID12,BID514
CID12,BID738
CID13,BID1643
CID13,BID2089
CID13,BID283
CID13,BID520
CID13,BID523
CID13,BID589
CID13,BID607
CID14,BID779
CID15,BID1017
CID15,BID1422
CID15,BID1474
CID15,BID183
CID15,BID1877
CID15,BID2943
CID15,BID566
CID15,BID656
CID16,BID1839
CID16,BID2570
CID16,BID50
CID17,BID2482
CID17,BID2958
CID18,BID2551
CID18,BID639
CID18,BID909
CID19,BID1630
CID19,BID41
CID20,BID1094
CID20,BID1110
CID20,BID1150
CID20,BID1187
CID20,BID140
CID20,BID2149
CID20,BID2855
CID20,BID369
CID20,BID521
CID21,BID1217
CID21,BID343
CID21,BID37
CID22,BID1632
CID22,BID2035
CID22,BID2222
CID22,BID2377
CID22,BID2913
CID22,BID346
CID22,BID37
CID22,BID7
CID23,BID2996
CID23,BID839
CID24,BID119
CID24,BID1618
CID24,BID1699
CID24,BID2134
CID24,BID2759
CID24,BID3
CID24,BID82
CID25,BID2203
CID26,BID1026
CID26,BID1511
CID26,BID1534
CID27,BID1870
CID27,BID2046
CID27,BID268
CID27,BID2932
CID27,BID619
CID28,BID1088
CID28,BID1347
CID28,BID1389
CID28,BID2771
CID28,BID419
CID28,BID503
CID28,BID513
CID28,BID935
CID29,BID1673
CID29,BID2613
CID29,BID748
CID30,BID1461
CID30,BID147
CID30,BID2235
CID31,BID1478
CID32,BID1686
CID33,BID2943
CID34,BID1878
CID34,BID850
CID35,BID2020
CID35,BID2174
CID35,BID528
CID36,BID2377
CID36,BID2423
CID36,BID286
CID37,BID1293
CID37,BID1739
CID37,BID1872
CID37,BID2057
CID37,BID2545
CID37,BID313
CID37,BID989
CID38,BID1510
CID38,BID1522
CID38,BID1898
CID38,BID2251
CID38,BID2353
CID38,BID2883
CID38,BID336
CID38,BID641
CID38,BID95
CID39,BID2818
CID39,BID2892
CID40,BID1284
CID40,BID1419
CID40,BID1872
CID40,BID2245
CID40,BID2256
CID40,BID2387
CID40,BID591
CID40,BID808
CID41,BID2069
CID41,BID372
CID42,BID1055
CID42,BID1643
CID42,BID1746
CID42,BID2043
CID42,BID2521
CID42,BID2942
CID42,BID527
CID43,BID1873
CID43,BID2070
CID44,BID1164
CID44,BID573
CID45,BID117
CID45,BID1234
CID45,BID2050
CID45,BID2130
CID45,BID2419
CID45,BID2448
CID45,BID301
CID46,BID1007
CID46,BID396
CID47,BID1213
CID47,BID152
CID47,BID2091
CID47,BID228
CID48,BID1013
CID48,BID117
CID48,BID1238
CID48,BID1320
CID48,BID1650
CID48,BID1888
CID48,BID2178
CID48,BID237
CID48,BID519
CID49,BID463
CID49,BID746
CID50,BID193
CID51,BID1690
CID51,BID1985
CID51,BID31
CID52,BID2312
CID52,BID2947
CID52,BID657
CID53,BID1734
CID53,BID2373
CID54,BID168
CID54,BID2381
CID54,BID2622
CID55,BID405
CID56,BID1072
CID56,BID1809
CID56,BID2076
CID56,BID2240
CID56,BID2416
CID56,BID616
CID56,BID729
CID56,BID906
CID57,BID1155
CID57,BID1218
CID57,BID1935
CID57,BID1956
CID57,BID2432
CID57,BID2672
CID57,BID2748
CID57,BID2954
CID57,BID710
CID58,BID1312
CID58,BID1643
CID58,BID2337
CID58,BID2542
CID58,BID2685
CID58,BID359
CID58,BID726
CID58,BID849
CID59,BID1360
CID59,BID1401
CID59,BID1488
CID59,BID202
CID59,BID246
CID59,BID2769
CID59,BID561
CID60,BID1168
CID60,BID1494
CID60,BID1513
CID60,BID1628
CID60,BID1809
CID60,BID2067
CID60,BID2082
CID60,BID686
CID60,BID842
CID61,BID1575
CID61,BID1919
CID61,BID2301
CID61,BID445
CID61,BID567
CID61,BID832
CID62,BID1340
CID63,BID1018
CID63,BID1068
CID63,BID195
CID63,BID2028
CID63,BID2034
CID63,BID2517
CID63,BID439
CID63,BID761
CID63,BID806
CID64,BID1518
CID64,BID1611
CID64,BID1879
CID64,BID2173
CID64,BID2176
CID64,BID2989
CID64,BID396
CID64,BID704
CID65,BID346
CID65,BID483
CID65,BID644
CID66,BID2088
CID66,BID2106
CID66,BID2206
CID66,BID2408
CID66,BID2937
CID66,BID493
CID66,BID731
CID66,BID783
CID67,BID1567
CID67,BID1773
CID67,BID1810
CID67,BID2132
CID67,BID2348
CID68,BID1214
CID69,BID106
CID69,BID1739
CID69,BID2036
CID69,BID2056
CID69,BID2145
CID69,BID642
CID69,BID715
CID69,BID965
CID70,BID96
CID71,BID120
CID71,BID1329
CID71,BID2426
CID71,BID2671
CID71,BID2717
CID71,BID2832
CID71,BID721
CID71,BID750
CID72,BID1166
CID72,BID1275
CID72,BID1317
CID72,BID1560
CID72,BID164
CID72,BID2779
CID72,BID2900
CID72,BID343
CID72,BID547
CID73,BID1863
CID74,BID1208
CID74,BID1566
CID75,BID1102
CID75,BID1167
CID75,BID1414
CID75,BID2862
CID75,BID385
CID75,BID611
CID75,BID746
CID76,BID1947
CID76,BID2334
CID77,BID1289
CID77,BID1674
CID77,BID1810
CID77,BID1908
CID77,BID2871
CID77,BID524
CID77,BID781
CID77,BID920
CID78,BID1658
CID78,BID269
CID79,BID1335
CID79,BID2118
CID79,BID2399
CID80,BID1356
CID80,BID1748
CID80,BID2355
CID80,BID2707
CID80,BID314
CID80,BID340
CID80,BID748
CID80,BID892
CID80,BID959
CID81,BID2927
CID81,BID348
CID82,BID1145
CID82,BID2348
CID82,BID2920
CID83,BID2897
CID83,BID702
CID84,BID105
CID84,BID242
CID84,BID2933
CID85,BID1480
CID86,BID1701
CID86,BID91
CID87,BID278
CID88,BID220
CID88,BID2427
CID88,BID400
CID89,BID1116
CID89,BID1156
CID89,BID1424
CID89,BID2058
CID89,BID2365
CID89,BID2446
CID89,BID601
CID89,BID814
CID90,BID2558
CID90,BID2884
CID91,BID1833
CID91,BID822
CID92,BID1053
CID92,BID2562
CID93,BID1069
CID93,BID1378
CID93,BID1441
CID93,BID2762
CID93,BID2847
CID93,BID2990
CID93,BID357
CID93,BID478
CID94,BID1158
CID94,BID1775
CID95,BID833
CID96,BID1162
CID96,BID1645
CID96,BID1725
CID97,BID1361
CID97,BID1517
CID97,BID1789
CID97,BID1802
CID97,BID1992
CID97,BID2019
CID97,BID229
CID97,BID2429
CID97,BID415
CID98,BID1273
CID98,BID1520
CID98,BID652
CID98,BID993
CID99,BID265
CID100,BID123
CID100,BID1258
CID100,BID1401
CID100,BID1595
CID100,BID1823
CID100,BID2337
CID100,BID2910
CID100,BID46
CID100,BID818
CID101,BID1334
CID101,BID1845
CID102,BID1107
CID102,BID1252
CID102,BID1625
CID102,BID1934
CID102,BID2382
CID102,BID2601
CID102,BID2636
CID102,BID2914
CID102,BID60
CID103,BID1348
CID104,BID1163
CID104,BID320
CID105,BID135
CID105,BID2747
CID106,BID1735
CID106,BID1917
CID106,BID2938
CID107,BID1019
CID107,BID1164
CID107,BID1521
CID107,BID2960
CID107,BID404
CID107,BID630
CID107,BID682
CID107,BID792
CID107,BID882
CID108,BID2359
CID108,BID2930
CID108,BID946
CID109,BID1399
CID109,BID150
CID110,BID1861
CID110,BID2782
CID110,BID2936
CID111,BID1529
CID111,BID2794
CID112,BID2282
CID112,BID537
CID113,BID1457
CID114,BID1966
CID114,BID2616
CID114,BID58
CID115,BID1672
CID115,BID1673
CID115,BID1922
CID115,BID2008
CID116,BID2101
CID116,BID2132
CID116,BID748
CID117,BID1893
CID118,BID2875
CID118,BID89
CID119,BID1154
CID119,BID2673
CID119,BID77
CID120,BID213
CID120,BID2446
CID120,BID424
CID121,BID1223
CID121,BID1452
CID121,BID1732
CID121,BID2709
CID121,BID718
CID122,BID204
CID123,BID1302
CID123,BID1917
CID123,BID2357
CID123,BID2364
CID123,BID2413
CID123,BID2630
CID123,BID2878
CID124,BID1484
CID124,BID2911
CID125,BID3
CID126,BID1415
CID126,BID1460
CID127,BID2144
CID127,BID2221
CID127,BID2515
CID127,BID2615
CID127,BID2728
CID127,BID2896
CID127,BID2951
CID127,BID2982
CID128,BID1050
CID128,BID1137
CID128,BID1146
CID128,BID1258
CID128,BID2025
CID128,BID2233
CID128,BID2944
CID129,BID1834
CID130,BID1032
CID130,BID1210
CID130,BID1250
CID130,BID1953
CID130,BID2559
CID131,BID1209
CID131,BID1696
CID131,BID2094
CID131,BID2320
CID131,BID2685
CID131,BID2708
CID131,BID2870
CID131,BID608
CID131,BID952
CID132,BID1712
CID132,BID2144
CID132,BID2195
CID132,BID2563
CID132,BID2932
CID132,BID388
CID132,BID973
CID133,BID1221
CID133,BID1493
CID133,BID2589
CID133,BID2601
CID133,BID48
CID134,BID1347
CID134,BID1361
CID134,BID1690
CID134,BID180
CID134,BID1849
CID134,BID243
CID134,BID2654
CID134,BID664
CID135,BID2521
CID135,BID2935
CID136,BID1853
CID136,BID2738
CID137,BID1789
CID138,BID2255
CID139,BID1108
CID140,BID1132
CID140,BID1848
CID140,BID2075
CID140,BID2127
CID140,BID2245
CID140,BID2365
CID140,BID2905
CID140,BID595
CID141,BID763
CID141,BID885
CID141,BID96
CID142,BID1853
CID142,BID280
CID143,BID1792
CID144,BID140
CID144,BID1992
CID144,BID259
CID145,BID1633
CID145,BID2218
CID145,BID897
CID146,BID1893
CID146,BID2853
CID147,BID1468
CID147,BID1801
CID147,BID2111
CID147,BID2307
CID147,BID2496
CID147,BID2626
CID147,BID513
CID147,BID555
CID147,BID562
CID148,BID2200
CID148,BID2382
CID148,BID530
CID149,BID266
CID150,BID156
CID151,BID1946
CID151,BID2485
CID152,BID1317
CID153,BID2184
CID153,BID2549
CID153,BID850
CID154,BID1968
CID154,BID536
CID154,BID737
CID155,BID2810
CID156,BID1347
CID156,BID1662
CID156,BID1939
CID157,BID1089
CID157,BID1300
CID157,BID2045
CID157,BID230
CID157,BID2961
CID157,BID89
CID157,BID934
CID158,BID2859
CID159,BID1032
CID159,BID1558
CID159,BID1576
CID159,BID2086
CID159,BID2332
CID159,BID2805
CID159,BID2929
CID159,BID863
CID160,BID2103
CID160,BID78
CID160,BID864
CID161,BID2439
CID162,BID1163
CID162,BID1479
CID162,BID1639
CID162,BID1701
CID162,BID191
CID162,BID2615
CID162,BID2799
CID162,BID322
CID162,BID981
CID163,BID2357
CID164,BID1164
CID164,BID1448
CID164,BID1759
CID164,BID2098
CID164,BID2229
CID164,BID2612
CID164,BID2692
CID164,BID2839
CID164,BID439
CID165,BID1749
CID165,BID929
CID166,BID2048
CID166,BID2176
CID167,BID2569
CID168,BID2540
CID168,BID702
CID169,BID1415
CID169,BID1488
CID169,BID182
CID169,BID2634
CID169,BID2639
CID169,BID2699
CID170,BID1363
CID170,BID2182
CID171,BID557
CID171,BID899
CID172,BID105
CID172,BID1381
CID172,BID2744
CID172,BID2896
CID172,BID342
CID172,BID860
CID173,BID141
CID174,BID2266
CID174,BID360
CID174,BID984
CID175,BID1819
CID175,BID1977
CID175,BID2008
CID175,BID2321
CID175,BID2415
CID175,BID2559
CID175,BID2673
CID175,BID2764
CID175,BID675
CID176,BID2676
CID176,BID2720
CID177,BID1264
CID177,BID1658
CID177,BID2140
CID177,BID2704
CID177,BID2999
CID177,BID483
CID177,BID957
CID177,BID992
CID178,BID1019
CID178,BID1256
CID178,BID1294
CID178,BID1305
CID178,BID242
CID178,BID439
CID178,BID679
CID178,BID693
CID179,BID1953
CID179,BID2312
CID179,BID786
CID180,BID2020
CID180,BID354
CID180,BID9
CID181,BID2302
CID182,BID1301
CID183,BID1015
CID183,BID1500
CID183,BID2010
CID183,BID2028
CID183,BID2029
CID183,BID2258
CID183,BID381
CID183,BID638
CID183,BID829
CID184,BID1701
CID184,BID943
CID185,BID1497
CID185,BID1858
CID185,BID696
CID186,BID1022
CID186,BID2403
CID187,BID2919
CID187,BID97
CID188,BID259
CID189,BID1124
CID189,BID1821
CID189,BID193
CID189,BID1960
CID189,BID2235
CID189,BID265
CID189,BID2755
CID189,BID326
CID190,BID10
CID190,BID1140
CID190,BID1145
CID190,BID1856
CID190,BID2948
CID190,BID381
CID190,BID901
CID190,BID956
CID191,BID1047
CID191,BID1269
CID191,BID1672
CID191,BID2184
CID191,BID219
CID191,BID2730
CID192,BID535
CID193,BID2150
CID193,BID2332
CID193,BID2765
CID193,BID2937
CID194,BID1795
CID194,BID2526
CID195,BID1547
CID195,BID2967
CID195,BID2989
CID196,BID1374
CID196,BID255
CID196,BID287
CID196,BID2930
CID196,BID360
CID196,BID437
CID196,BID746
CID196,BID899
CID197,BID1377
CID197,BID2228
CID197,BID2238
CID197,BID2288
CID197,BID2605
CID197,BID2808
CID197,BID2870
CID197,BID2938
CID197,BID613
CID198,BID1159
CID198,BID1725
CID198,BID436
CID199,BID658
CID200,BID2495
CID201,BID1921
CID201,BID2062
CID201,BID632
CID202,BID1092
CID202,BID926
CID203,BID1251
CID203,BID1877
CID203,BID1987
CID203,BID2115
CID204,BID1330
CID204,BID1570
CID204,BID172
CID204,BID1772
CID204,BID1828
CID204,BID1909
CID204,BID207
CID204,BID230
CID204,BID2512
CID205,BID1708
CID205,BID2912
CID206,BID1563
CID206,BID1915
CID206,BID938
CID207,BID2184
CID208,BID1200
CID208,BID2653
CID209,BID1597
CID209,BID2024
CID210,BID1191
CID210,BID1866
CID210,BID2481
CID210,BID2540
CID210,BID2582
CID210,BID270
CID210,BID2995
CID210,BID523
CID210,BID608
CID211,BID112
CID211,BID2044
CID212,BID1129
CID212,BID1374
CID212,BID1783
CID212,BID192
CID213,BID1720
CID214,BID1004
CID214,BID1227
CID215,BID2857
CID216,BID119
CID216,BID1203
CID216,BID1231
CID216,BID1619
CID216,BID1917
CID216,BID1921
CID216,BID250
CID216,BID431
CID216,BID759
CID217,BID1162
CID217,BID1338
CID217,BID1447
CID217,BID1585
CID217,BID198
CID217,BID203
CID217,BID243
CID217,BID2898
CID217,BID450
CID218,BID2285
CID219,BID1652
CID219,BID2728
CID219,BID764
CID220,BID2101
CID220,BID694
CID221,BID1112
CID221,BID1191
CID221,BID1290
CID221,BID1301
CID221,BID2575
CID221,BID2629
CID221,BID463
CID221,BID619
CID221,BID885
CID222,BID1146
CID222,BID149
CID223,BID2629
CID224,BID259
CID224,BID364
CID224,BID878
CID225,BID1196
CID225,BID650
CID226,BID2405
CID227,BID2398
CID228,BID1117
CID228,BID1144
CID228,BID2398
CID228,BID2488
CID228,BID437
CID229,BID1274
CID229,BID476
CID230,BID1171
CID230,BID1372
CID230,BID2061
CID230,BID2439
CID230,BID2991
CID230,BID528
CID230,BID67
CID230,BID675
CID230,BID737
CID231,BID2451
CID232,BID1691
CID232,BID1813
CID232,BID2525
CID232,BID331
CID232,BID445
CID232,BID467
CID232,BID73
CID232,BID81
CID232,BID906
CID233,BID1060
CID233,BID1272
CID233,BID1307
CID233,BID1809
CID233,BID2231
CID233,BID390
CID233,BID63
CID234,BID2199
CID235,BID1436
CID235,BID1449
CID235,BID1754
CID235,BID2612
CID235,BID2797
CID235,BID2827
CID235,BID539
CID235,BID759
CID235,BID851
CID236,BID1116
CID236,BID2758
CID237,BID65
CID237,BID667
CID238,BID1812
CID239,BID1462
CID239,BID1538
CID240,BID1126
CID240,BID1263
CID240,BID1318
CID240,BID1810
CID240,BID1889
CID240,BID2219
CID240,BID314
CID241,BID14
CID241,BID273
CID241,BID313
CID242,BID1922
CID242,BID2522
CID242,BID2922
CID243,BID519
CID244,BID348
CID245,BID1593
CID245,BID2561
CID245,BID2958
CID245,BID2992
CID245,BID67
CID245,BID72
CID245,BID803
CID246,BID1016
CID246,BID1687
CID246,BID1799
CID246,BID1888
CID246,BID2468
CID246,BID263
CID246,BID2642
CID246,BID651
CID246,BID666
CID247,BID2533
CID247,BID794
CID248,BID2386
CID248,BID2864
CID248,BID489
CID249,BID752
CID250,BID1175
CID250,BID1918
CID250,BID2327
CID250,BID2917
CID251,BID341
CID252,BID2690
CID253,BID2213
CID253,BID2829
CID254,BID2871
CID254,BID34
CID254,BID998
CID255,BID1287
CID255,BID1565
CID255,BID2561
CID255,BID329
CID256,BID1105
CID256,BID1845
CID256,BID2096
CID256,BID2111
CID256,BID2215
CID256,BID2432
CID256,BID2805
CID257,BID1432
CID258,BID1013
CID258,BID1656
CID258,BID2250
CID258,BID2346
CID258,BID2456
CID259,BID1514
CID259,BID1650
CID259,BID447
CID260,BID2062
CID260,BID2475
CID260,BID590
CID260,BID817
CID260,BID909
CID261,BID1653
CID261,BID2983
CID262,BID1402
CID263,BID818
CID264,BID2076
CID264,BID2758
CID264,BID308
CID265,BID2183
CID266,BID1278
CID266,BID890
CID266,BID907
CID267,BID2397
CID268,BID1371
CID268,BID2235
CID269,BID1934
CID269,BID2787
CID269,BID2865
CID270,BID2634
CID271,BID2009
CID271,BID2562
CID272,BID1213
CID272,BID1422
CID272,BID1896
CID272,BID2508
CID272,BID2834
CID272,BID502
CID273,BID2903
CID273,BID764
CID274,BID1368
CID274,BID2795
CID274,BID784
CID275,BID1210
CID275,BID2853
CID276,BID1187
CID276,BID1214
CID276,BID1349
CID276,BID1675
CID276,BID168
CID276,BID1881
CID276,BID202
CID276,BID2915
CID276,BID991
CID277,BID1094
CID277,BID1123
CID277,BID246
CID278,BID1027
CID278,BID1481
CID279,BID1050
CID279,BID2293
CID279,BID2835
CID279,BID379
CID279,BID55
CID279,BID8
CID280,BID1136
CID280,BID1212
CID280,BID1318
CID280,BID1435
CID280,BID1633
CID280,BID2070
CID280,BID2742
CID281,BID1050
CID281,BID1491
CID281,BID161
CID281,BID1612
CID281,BID222
CID281,BID2228
CID281,BID261
CID281,BID2797
CID281,BID446
CID282,BID1045
CID282,BID1735
CID282,BID2408
CID282,BID2632
CID282,BID2958
CID282,BID439
CID282,BID481
CID282,BID823
CID283,BID1850
CID283,BID2210
CID283,BID488
CID284,BID2778
CID285,BID2408
CID286,BID122
CID286,BID1579
CID286,BID1963
CID286,BID2276
CID286,BID2820
CID286,BID2958
CID287,BID1812
CID287,BID2073
CID287,BID2436
CID287,BID2444
CID287,BID436
CID287,BID483
CID287,BID789
CID288,BID1462
CID289,BID1481
CID289,BID1546
CID289,BID1593
CID289,BID482
CID289,BID616
CID290,BID113
CID290,BID1159
CID290,BID1773
CID290,BID1961
CID290,BID2361
CID290,BID527
CID290,BID655
CID291,BID1120
CID291,BID1992
CID291,BID2137
CID291,BID2347
CID291,BID2387
CID291,BID246
CID291,BID54
CID292,BID1657
CID292,BID1771
CID292,BID1972
CID292,BID1975
CID292,BID203
CID292,BID2321
CID292,BID2392
CID292,BID2667
CID292,BID998
CID293,BID2367
CID294,BID1651
CID294,BID1923
CID294,BID2477
CID294,BID253
CID294,BID2625
CID294,BID506
CID294,BID620
CID294,BID883
CID295,BID535
CID295,BID993
CID296,BID1049
CID296,BID1576
CID296,BID235
CID296,BID2447
CID297,BID273
CID298,BID1339
CID298,BID1360
CID298,BID1595
CID298,BID2080
CID298,BID2162
CID298,BID2170
CID298,BID2979
CID298,BID2986
CID298,BID736
CID299,BID2038
CID300,BID1912
CID301,BID123
CID301,BID1721
CID301,BID1729
CID301,BID1997
CID301,BID2864
CID301,BID318
CID301,BID387
CID301,BID808
CID301,BID822
CID302,BID2520
CID303,BID1189
CID303,BID1346
CID303,BID1433
CID303,BID1701
CID303,BID1729
CID303,BID3
CID303,BID884
CID303,BID946
CID304,BID2959
CID305,BID1488
CID305,BID1908
CID305,BID1919
CID305,BID1996
CID305,BID2149
CID305,BID2175
CID305,BID2177
CID305,BID338
CID305,BID624
CID306,BID1010
CID306,BID62
CID307,BID1398
CID307,BID1891
CID307,BID197
CID307,BID2736
CID307,BID619
CID307,BID848
CID308,BID2623
CID309,BID2933
CID309,BID584
CID310,BID599
CID311,BID100
CID311,BID1769
CID311,BID1875
CID311,BID2519
CID311,BID2568
CID311,BID288
CID311,BID2883
CID311,BID710
CID312,BID2035
CID312,BID2074
CID312,BID344
CID313,BID1070
CID313,BID1135
CID313,BID1449
CID313,BID1768
CID313,BID1974
CID313,BID2864
CID313,BID2958
CID313,BID42
CID313,BID834
CID314,BID2915
CID314,BID376
CID314,BID506
CID315,BID1074
CID315,BID1197
CID315,BID1304
CID315,BID1937
CID315,BID2357
CID315,BID261
CID315,BID2646
CID315,BID787
CID316,BID1492
CID316,BID1613
CID317,BID1192
CID317,BID203
CID317,BID2312
CID317,BID98
CID317,BID980
CID318,BID1331
CID318,BID2850
CID319,BID1781
CID319,BID1815
CID319,BID2108
CID320,BID1776
CID320,BID366
CID321,BID1516
CID321,BID2046
CID321,BID2147
CID321,BID2747
CID321,BID375
CID321,BID473
CID321,BID657
CID321,BID946
CID322,BID126
CID322,BID1655
CID322,BID2167
CID322,BID627
CID322,BID858
CID323,BID2972
CID324,BID1232
CID324,BID1978
CID325,BID1010
CID325,BID1066
CID325,BID1067
CID325,BID134
CID325,BID2070
CID325,BID2551
CID325,BID2703
CID325,BID2871
CID325,BID2922
CID326,BID2417
CID327,BID1192
CID327,BID1743
CID327,BID2207
CID327,BID2314
CID327,BID2975
CID327,BID2990
CID327,BID359
CID327,BID970
CID328,BID1004
CID328,BID1470
CID328,BID1513
CID328,BID1715
CID328,BID2628
CID328,BID427
CID328,BID635
CID328,BID697
CID328,BID875
CID329,BID284
CID330,BID1518
CID330,BID161
CID330,BID2369
CID331,BID1968
CID331,BID2432
CID331,BID663
CID332,BID1129
CID332,BID2295
CID332,BID2390
CID332,BID2855
CID333,BID1423
CID333,BID1534
CID333,BID1939
CID334,BID1256
CID334,BID2390
CID335,BID1072
CID335,BID1666
CID336,BID266
CID337,BID2181
CID337,BID2768
CID338,BID1990
CID338,BID2610
CID339,BID120
CID339,BID1436
CID339,BID1948
CID339,BID2111
CID339,BID2465
CID339,BID2610
CID339,BID2674
CID339,BID753
CID340,BID1881
CID340,BID2615
CID340,BID374
CID340,BID561
CID341,BID1001
CID341,BID1296
CID341,BID131
CID341,BID1343
CID341,BID169
CID341,BID1710
CID341,BID2086
CID341,BID2813
CID341,BID484
CID342,BID1005
CID342,BID1026
CID342,BID959
CID343,BID1228
CID343,BID1332
CID343,BID145
CID343,BID2052
CID343,BID2385
CID343,BID2904
CID343,BID879
CID343,BID985
CID344,BID1095
CID344,BID134
CID344,BID2434
CID345,BID1023
CID345,BID1148
CID345,BID1363
CID345,BID1387
CID345,BID1547
CID345,BID2061
CID345,BID2073
CID345,BID453
CID346,BID1084
CID346,BID644
CID347,BID1691
CID347,BID2449
CID347,BID2810
CID347,BID340
CID347,BID51
CID348,BID1884
CID349,BID1784
CID349,BID1931
CID349,BID2487
CID350,BID1100
CID350,BID1395
CID350,BID1491
CID350,BID2239
CID350,BID2459
CID350,BID2913
CID350,BID2983
CID350,BID546
CID351,BID1565
CID351,BID2953
CID351,BID434
CID352,BID1818
CID353,BID1274
CID354,BID1858
CID354,BID639
CID354,BID910
CID355,BID2654
CID355,BID585
CID356,BID1388
CID356,BID1592
CID356,BID2973
CID357,BID1040
CID357,BID16
CID357,BID1849
CID357,BID831
CID358,BID1940
CID358,BID423
CID358,BID559
CID359,BID1680
CID359,BID2353
CID360,BID1226
CID360,BID1237
CID360,BID1439
CID360,BID201
CID360,BID2501
CID360,BID2554
CID360,BID2974
CID360,BID363
CID361,BID1000
CID361,BID1080
CID361,BID1104
CID361,BID2221
CID361,BID2731
CID361,BID2823
CID361,BID789
CID361,BID838
CID361,BID918
CID362,BID112
CID362,BID1533
CID362,BID2999
CID363,BID1075
CID363,BID1133
CID363,BID1548
CID363,BID1613
CID363,BID2049
CID363,BID2119
CID363,BID2596
CID363,BID482
CID363,BID727
CID364,BID1034
CID364,BID350
CID365,BID1050
CID365,BID2267
CID365,BID944
CID366,BID119
CID366,BID1549
CID367,BID1202
CID367,BID2379
CID367,BID301
CID368,BID2844
CID368,BID297
CID368,BID753
CID369,BID1609
CID369,BID2483
CID370,BID1847
CID370,BID1870
CID371,BID1631
CID372,BID1869
CID373,BID1344
CID373,BID1364
CID373,BID1801
CID373,BID1935
CID373,BID1956
CID373,BID2348
CID373,BID76
CID373,BID959
CID374,BID1625
CID374,BID681
CID375,BID1284
CID375,BID16
CID375,BID1911
CID375,BID2133
CID375,BID2233
CID375,BID2932
CID375,BID533
CID375,BID962
CID376,BID1062
CID376,BID1276
CID376,BID195
CID376,BID2073
CID376,BID2354
CID376,BID2972
CID376,BID344
CID376,BID948
CID376,BID963
CID377,BID1478
CID377,BID1918
CID377,BID2190
CID377,BID2323
CID377,BID2547
CID377,BID2934
CID377,BID562
CID378,BID2161
CID378,BID2721
CID378,BID992
CID379,BID1644
CID379,BID1870
CID379,BID1889
CID379,BID2118
CID379,BID2634
CID379,BID2739
CID379,BID677
CID379,BID71
CID380,BID1137
CID380,BID1521
CID380,BID176
CID380,BID2266
CID380,BID2362
CID380,BID2729
CID380,BID2925
CID380,BID479
CID380,BID70
CID381,BID2118
CID381,BID661
CID382,BID1366
CID382,BID1386
CID382,BID14
CID382,BID2215
CID382,BID2749
CID382,BID2884
CID382,BID2907
CID383,BID1046
CID383,BID1161
CID383,BID1538
CID383,BID1665
CID383,BID1732
CID383,BID1988
CID383,BID38
CID383,BID883
CID384,BID2331
CID385,BID2155
CID385,BID2352
CID386,BID1186
CID386,BID1592
CID386,BID1989
CID386,BID2661
CID386,BID78
CID386,BID877
CID387,BID1112
CID388,BID1178
CID388,BID1496
CID388,BID209
CID389,BID1150
CID389,BID1861
CID390,BID1790
CID390,BID2187
CID390,BID82
CID391,BID1198
CID391,BID1200
CID391,BID2313
CID391,BID2426
CID391,BID41
CID392,BID1431
CID393,BID1022
CID393,BID1434
CID393,BID1632
CID393,BID1658
CID393,BID1932
CID393,BID2893
CID393,BID451
CID393,BID974
CID394,BID1006
CID394,BID1778
CID394,BID1813
CID394,BID2419
CID394,BID2696
CID394,BID2804
CID394,BID2816
CID394,BID2952
CID395,BID1053
CID395,BID1163
CID395,BID1480
CID395,BID1633
CID395,BID1682
CID395,BID186
CID395,BID2300
CID395,BID240
CID395,BID615
CID396,BID1093
CID396,BID1441
CID396,BID210
CID396,BID2314
CID396,BID2731
CID396,BID963
CID397,BID1627
CID397,BID1893
CID397,BID2077
CID397,BID2082
CID397,BID2628
CID397,BID373
CID397,BID717
CID397,BID911
CID397,BID972
CID398,BID1049
CID398,BID2132
CID399,BID1578
CID399,BID2464
CID400,BID1191
CID400,BID1633
CID400,BID1681
CID400,BID1889
CID400,BID1967
CID400,BID2294
CID400,BID2394
CID400,BID5
CID401,BID1226
CID401,BID2563
CID402,BID1903
CID402,BID2721
CID402,BID770
CID403,BID1334
CID404,BID1119
CID404,BID1726
CID404,BID669
CID404,BID731
CID405,BID365
CID406,BID1529
CID406,BID2163
CID407,BID1353
CID407,BID1523
CID407,BID2052
CID407,BID730
CID408,BID1371
CID408,BID2171
CID408,BID2673
CID408,BID496
CID408,BID773
CID408,BID866
CID408,BID916
CID409,BID1522
CID409,BID1761
CID409,BID2431
CID410,BID1239
CID410,BID2846
CID410,BID296
CID410,BID2973
CID410,BID745
CID411,BID550
CID411,BID802
CID412,BID1140
CID412,BID873
CID413,BID29
CID413,BID2996
CID414,BID1355
CID414,BID162
CID414,BID877
CID415,BID1795
CID415,BID2271
CID416,BID2264
CID416,BID2751
CID417,BID1998
CID417,BID387
CID417,BID907
CID418,BID127
CID418,BID1414
CID418,BID2138
CID418,BID2222
CID418,BID2336
CID418,BID2454
CID418,BID2894
CID419,BID1546
CID419,BID2916
CID419,BID2955
CID420,BID1666
CID420,BID2447
CID420,BID939
CID421,BID1279
CID421,BID588
CID422,BID1650
CID422,BID1943
CID422,BID2672
CID423,BID1330
CID423,BID1600
CID423,BID27
CID423,BID33
CID423,BID464
CID423,BID700
CID424,BID1212
CID424,BID2912
CID425,BID1880
CID425,BID2520
CID426,BID1011
CID426,BID1177
CID426,BID1247
CID426,BID149
CID426,BID1507
CID426,BID1902
CID426,BID2009
CID426,BID2841
CID426,BID357
CID427,BID2518
CID427,BID2857
CID427,BID861
CID428,BID1462
CID428,BID2721
CID428,BID413
CID428,BID509
CID428,BID720
CID429,BID1169
CID429,BID1248
CID429,BID2323
CID429,BID240
CID429,BID2495
CID429,BID284
CID429,BID482
CID429,BID807
CID429,BID893
CID430,BID1184
CID430,BID1204
CID430,BID1886
CID430,BID2365
CID430,BID2969
CID430,BID473
CID430,BID621
CID430,BID769
CID430,BID949
CID431,BID2234
CID431,BID2332
CID431,BID255
CID432,BID2249
CID433,BID1093
CID433,BID1703
CID433,BID1748
CID433,BID1830
CID433,BID2409
CID433,BID2582
CID433,BID338
CID433,BID756
CID433,BID795
CID434,BID1613
CID434,BID1623
CID434,BID1956
CID434,BID247
CID434,BID2569
CID434,BID331
CID434,BID371
CID434,BID466
CID434,BID633
CID435,BID2492
CID435,BID459
CID435,BID852
CID436,BID202
CID436,BID313
CID437,BID1146
CID437,BID1990
CID437,BID2224
CID438,BID2302
CID438,BID2321
CID439,BID1009
CID439,BID2446
CID439,BID2815
CID439,BID412
CID439,BID593
CID439,BID644
CID439,BID687
CID439,BID817
CID439,BID823
CID440,BID2909
CID441,BID2510
CID441,BID483
CID442,BID1469
CID442,BID1632
CID442,BID1774
CID442,BID1996
CID442,BID2212
CID442,BID28
CID442,BID413
CID442,BID535
CID442,BID917
CID443,BID271
CID443,BID90
CID444,BID1626
CID444,BID1629
CID444,BID1917
CID444,BID2096
CID444,BID2218
CID444,BID2548
CID444,BID263
CID444,BID266
CID444,BID93
CID445,BID1442
CID445,BID1446
CID445,BID2259
CID446,BID2077
CID446,BID2595
CID447,BID145
CID447,BID2338
CID447,BID415
CID447,BID699
CID448,BID1195
CID448,BID1827
CID448,BID2213
CID448,BID2442
CID448,BID2558
CID449,BID1964
CID449,BID2035
CID449,BID2452
CID450,BID142
CID450,BID1543
CID450,BID1681
CID450,BID447
CID451,BID1404
CID451,BID1583
CID451,BID172
CID451,BID2369
CID451,BID2434
CID451,BID2447
CID451,BID855
CID451,BID860
CID451,BID915
CID452,BID2675
CID453,BID1081
CID453,BID1221
CID453,BID1648
CID453,BID2317
CID453,BID2723
CID453,BID2791
CID453,BID2948
CID453,BID633
CID453,BID871
CID454,BID1476
CID454,BID1641
CID454,BID1759
CID454,BID1851
CID454,BID2021
CID454,BID2419
CID454,BID90
CID455,BID2361
CID455,BID378
CID456,BID2016
CID456,BID2545
CID456,BID2572
CID456,BID2682
CID456,BID2852
CID456,BID2973
CID456,BID438
CID456,BID543
CID457,BID2323
CID457,BID815
CID457,BID836
CID458,BID477
CID459,BID1397
CID459,BID1856
CID460,BID2111
CID460,BID2495
CID460,BID67
CID461,BID1685
CID461,BID781
CID462,BID418
CID463,BID2724
CID464,BID1216
CID464,BID2513
CID464,BID2988
CID465,BID2523
CID465,BID2856
CID466,BID2524
CID466,BID576
CID467,BID1206
CID467,BID1392
CID467,BID1454
CID467,BID2034
CID467,BID2242
CID467,BID2474
CID467,BID2984
CID467,BID890
CID467,BID953
CID468,BID1550
CID468,BID2107
CID469,BID392
CID470,BID1028
CID470,BID1155
CID470,BID1568
CID470,BID2714
CID470,BID618
CID471,BID1220
CID471,BID2650
CID471,BID540
CID472,BID1407
CID472,BID1726
CID473,BID1046
CID473,BID1329
CID473,BID1461
CID473,BID2161
CID473,BID2186
CID473,BID2409
CID473,BID2453
CID473,BID2706
CID473,BID969
CID474,BID115
CID474,BID2168
CID474,BID2666
CID474,BID2892
CID474,BID831
CID475,BID1196
CID475,BID1452
CID475,BID1566
CID475,BID1684
CID475,BID2559
CID475,BID2650
CID475,BID2831
CID475,BID2884
CID476,BID1078
CID476,BID1510
CID476,BID868
CID477,BID1157
CID477,BID1537
CID477,BID183
CID477,BID2478
CID477,BID2719
CID477,BID404
CID477,BID680
CID477,BID749
CID477,BID998
CID478,BID1851
CID478,BID91
CID479,BID1160
CID480,BID1052
CID480,BID1805
CID480,BID1900
CID480,BID2018
CID481,BID1006
CID481,BID1284
CID481,BID1809
CID481,BID1879
CID481,BID2764
CID481,BID743
CID482,BID1862
CID482,BID203
CID482,BID630
CID483,BID1196
CID483,BID218
CID483,BID577
CID483,BID80
CID483,BID941
CID484,BID1211
CID484,BID2782
CID485,BID2434
CID485,BID2460
CID485,BID40
CID485,BID531
CID485,BID879
CID486,BID122
CID486,BID1263
CID486,BID147
CID486,BID176
CID486,BID2254
CID486,BID2535
CID486,BID2541
CID486,BID410
CID486,BID930
CID487,BID1766
CID487,BID864
CID488,BID1289
CID488,BID1587
CID488,BID1769
CID488,BID1921
CID488,BID915
CID489,BID1770
CID490,BID2366
CID490,BID2708
CID491,BID117
CID491,BID1706
CID491,BID479
CID491,BID706
CID491,BID828
CID491,BID863
CID492,BID1187
CID492,BID1484
CID492,BID1666
CID492,BID1700
CID492,BID1868
CID492,BID2160
CID492,BID2431
CID492,BID2714
CID492,BID2876
CID493,BID1296
CID493,BID1353
CID493,BID757
CID494,BID1082
CID494,BID1196
CID494,BID1643
CID494,BID1738
CID494,BID2
CID494,BID2426
CID494,BID2535
CID494,BID2891
CID494,BID377
CID495,BID1545
CID495,BID173
CID496,BID1264
CID496,BID2418
CID496,BID252
CID496,BID2633
CID496,BID2678
CID496,BID2921
CID497,BID1082
CID497,BID1427
CID497,BID1628
CID497,BID1835
CID497,BID2481
CID497,BID2505
CID497,BID2686
CID497,BID475
CID497,BID675
CID498,BID1079
CID498,BID1876
CID498,BID2038
CID499,BID1072
CID499,BID1136
CID499,BID1206
CID499,BID18
CID499,BID268
CID499,BID350
CID499,BID51
CID499,BID777
CID499,BID97
CID500,BID1295
CID500,BID1843
CID501,BID110
CID501,BID1314
CID501,BID1387
CID501,BID1433
CID501,BID1446
CID501,BID195
CID501,BID2193
CID501,BID2922
CID501,BID947
CID502,BID1204
CID503,BID2458
CID503,BID2558
CID503,BID2846
CID504,BID1328
CID504,BID1702
CID505,BID121
CID505,BID1260
CID505,BID1548
CID505,BID2449
CID505,BID2694
CID505,BID385
CID505,BID399
CID505,BID41
CID505,BID643
CID506,BID1219
CID506,BID210
CID506,BID2634
CID507,BID515
CID508,BID13
CID508,BID1470
CID508,BID1549
CID508,BID19
CID508,BID2249
CID508,BID2617
CID508,BID279
CID508,BID414
CID509,BID1193
CID509,BID1468
CID509,BID1478
CID510,BID1082
CID510,BID1959
CID510,BID2011
CID510,BID2745
CID510,BID44
CID511,BID771
CID512,BID962
CID513,BID1126
CID513,BID1530
CID513,BID1574
CID513,BID177
CID513,BID2288
CID513,BID642
CID513,BID729
CID513,BID854
CID513,BID998
CID514,BID1355
CID514,BID1536
CID514,BID596
CID515,BID123
CID516,BID1449
CID517,BID1854
CID517,BID309
CID518,BID2765
CID519,BID12
CID519,BID1358
CID519,BID2230
CID519,BID2341
CID519,BID2375
CID519,BID2493
CID519,BID2702
CID519,BID93
CID520,BID627
CID520,BID659
CID520,BID701
CID521,BID1983
CID521,BID460
CID521,BID648
CID522,BID1458
CID522,BID2929
CID523,BID1152
CID523,BID1182
CID523,BID127
CID523,BID1651
CID523,BID1877
CID523,BID196
CID523,BID2297
CID523,BID2347
CID523,BID2853
CID524,BID205
CID524,BID2391
CID524,BID2566
CID525,BID1979
CID525,BID209
CID525,BID2710
CID525,BID413
CID525,BID907
CID526,BID1869
CID527,BID595
CID528,BID1513
CID528,BID2010
CID528,BID2670
CID528,BID269
CID528,BID62
CID528,BID626
CID528,BID803
CID528,BID992
CID529,BID1045
CID529,BID1169
CID529,BID2417
CID529,BID2420
CID529,BID2601
CID529,BID462
CID529,BID491
CID529,BID526
CID529,BID917
CID530,BID1735
CID530,BID2254
CID530,BID2840
CID531,BID1077
CID531,BID1860
CID531,BID2972
CID531,BID760
CID532,BID1484
CID532,BID2026
CID532,BID2124
CID532,BID2379
CID532,BID254
CID532,BID2634
CID532,BID2951
CID532,BID46
CID532,BID717
CID533,BID2668
CID534,BID29
CID534,BID765
CID534,BID858
CID535,BID2069
CID535,BID2779
CID535,BID537
CID535,BID740
CID536,BID466
CID537,BID2109
CID537,BID2974
CID538,BID1275
CID539,BID1198
CID539,BID1321
CID539,BID2505
CID539,BID618
CID540,BID768
CID540,BID855
CID541,BID1820
CID541,BID541
CID541,BID559
CID541,BID697
CID542,BID1072
CID542,BID1168
CID542,BID2318
CID542,BID2897
CID542,BID383
CID542,BID757
CID543,BID202
CID543,BID206
CID543,BID917
CID544,BID1889
CID544,BID2945
CID545,BID1600
CID545,BID2248
CID546,BID170
CID546,BID2084
CID546,BID400
CID546,BID711
CID546,BID780
CID547,BID1303
CID547,BID1489
CID547,BID156
CID547,BID1850
CID547,BID2490
CID547,BID2845
CID547,BID712
CID547,BID790
CID548,BID12
CID548,BID1381
CID548,BID2327
CID548,BID2656
CID548,BID865
CID549,BID15
CID549,BID1551
CID550,BID2660
CID550,BID87
CID551,BID1944
CID551,BID2094
CID551,BID2490
CID552,BID918
CID553,BID657
CID554,BID172
CID554,BID2077
CID554,BID2149
CID554,BID2196
CID554,BID2417
CID554,BID2597
CID554,BID466
CID555,BID1768
CID555,BID1831
CID555,BID1973
CID555,BID2418
CID555,BID2667
CID555,BID2943
CID555,BID544
CID555,BID909
CID556,BID1089
CID556,BID1275
CID556,BID1510
CID556,BID2422
CID556,BID2890
CID556,BID2912
CID557,BID1648
CID557,BID2507
CID558,BID1250
CID558,BID2357
CID558,BID2498
CID559,BID1126
CID559,BID1550
CID559,BID1810
CID559,BID2496
CID559,BID255
CID559,BID766
CID559,BID801
CID559,BID926
CID560,BID1237
CID560,BID1247
CID560,BID147
CID560,BID2083
CID560,BID2209
CID560,BID394
CID560,BID569
CID561,BID1343
CID561,BID1417
CID561,BID374
CID562,BID1632
CID562,BID1642
CID562,BID1848
CID562,BID1988
CID562,BID2268
CID562,BID2519
CID563,BID111
CID563,BID1842
CID563,BID2225
CID563,BID2725
CID563,BID2777
CID563,BID437
CID563,BID817
CID564,BID2033
CID564,BID2257
CID565,BID2111
CID566,BID1431
CID566,BID1749
CID566,BID1890
CID566,BID2043
CID566,BID2600
CID566,BID409
CID566,BID428
CID567,BID150
CID567,BID1848
CID567,BID1985
CID567,BID2026
CID567,BID2212
CID567,BID485
CID567,BID658
CID567,BID897
CID568,BID1226
CID568,BID1682
CID568,BID1778
CID568,BID1804
CID568,BID2514
CID568,BID2864
CID568,BID369
CID568,BID437
CID568,BID883
CID569,BID167
CID569,BID762
CID569,BID907
CID570,BID1343
CID570,BID1643
CID570,BID2353
CID570,BID2375
CID570,BID2739
CID570,BID2793
CID570,BID332
CID570,BID730
CID570,BID765
CID571,BID1292
CID571,BID2717
CID571,BID2746
CID571,BID2751
CID571,BID324
CID571,BID925
CID572,BID1378
CID572,BID2563
CID572,BID2694
CID573,BID1151
CID573,BID1340
CID574,BID1969
CID574,BID2783
CID574,BID593
CID574,BID718
CID575,BID1631
CID575,BID434
CID576,BID1358
CID576,BID21
CID576,BID331
CID577,BID44
CID578,BID1024
CID578,BID1199
CID578,BID217
CID578,BID423
CID579,BID1163
CID579,BID1253
CID579,BID1719
CID579,BID1806
CID579,BID2422
CID579,BID2484
CID579,BID2494
CID579,BID340
CID580,BID1236
CID580,BID1972
CID580,BID254
CID580,BID2724
CID580,BID342
CID580,BID642
CID581,BID1115
CID581,BID1221
CID581,BID1234
CID581,BID1794
CID581,BID1897
CID581,BID2134
CID581,BID926
CID582,BID1172
CID582,BID1335
CID582,BID2213
CID583,BID1482
CID584,BID2831
CID585,BID1769
CID585,BID2550
CID585,BID2961
CID585,BID797
CID586,BID2947
CID586,BID482
CID587,BID105
CID587,BID1428
CID587,BID1589
CID587,BID214
CID587,BID2176
CID587,BID646
CID587,BID872
CID587,BID904
CID587,BID924
CID588,BID1316
CID588,BID1538
CID588,BID1983
CID588,BID2351
CID588,BID2401
CID588,BID2688
CID588,BID707
CID588,BID810
CID588,BID942
CID589,BID1068
CID589,BID1886
CID589,BID2151
CID589,BID967
CID590,BID2135
CID591,BID1552
CID592,BID2035
CID593,BID39
CID594,BID1159
CID594,BID2176
CID594,BID2410
CID594,BID2428
CID594,BID2465
CID594,BID28
CID594,BID499
CID594,BID779
CID594,BID915
CID595,BID1352
CID595,BID1430
CID595,BID1973
CID595,BID2059
CID595,BID2385
CID595,BID2418
CID595,BID2565
CID595,BID2802
CID595,BID497
CID596,BID1093
CID596,BID1732
CID596,BID736
CID597,BID1547
CID597,BID600
CID598,BID1340
CID598,BID1342
CID598,BID187
CID598,BID2723
CID598,BID2838
CID598,BID527
CID598,BID611
CID598,BID68
CID599,BID118
CID599,BID2174
CID599,BID2834
CID599,BID354
CID600,BID1676
CID600,BID1749
CID600,BID1822
CID600,BID2144
CID600,BID2429
CID600,BID2792
CID600,BID2933
CID600,BID511
CID600,BID566
CID601,BID1214
CID601,BID329
CID601,BID707
CID602,BID106
CID602,BID1592
CID602,BID2134
CID603,BID1050
CID603,BID1622
CID603,BID2156
CID604,BID1143
CID604,BID1747
CID604,BID374
CID605,BID1163
CID605,BID1718
CID605,BID1789
CID605,BID2050
CID605,BID2545
CID605,BID2732
CID605,BID2943
CID605,BID480
CID605,BID8
CID606,BID90
CID607,BID120
CID607,BID2931
CID607,BID491
CID607,BID655
CID607,BID848
CID607,BID895
CID607,BID93
CID608,BID1557
CID608,BID1764
CID608,BID2169
CID608,BID417
CID609,BID1107
CID609,BID1348
CID609,BID1485
CID609,BID1685
CID609,BID1772
CID609,BID1901
CID609,BID2288
CID609,BID2867
CID609,BID385
CID610,BID1773
CID610,BID2451
CID610,BID321
CID611,BID1601
CID611,BID1831
CID611,BID2325
CID612,BID14
CID613,BID1073
CID613,BID2126
CID613,BID2808
CID613,BID349
CID614,BID2244
CID614,BID2378
CID615,BID1474
CID615,BID1602
CID615,BID1778
CID615,BID1855
CID615,BID1858
CID615,BID2260
CID615,BID2758
CID615,BID695
CID616,BID2197
CID616,BID445
CID616,BID450
CID616,BID996
CID617,BID1046
CID617,BID1198
CID617,BID1380
CID617,BID781
CID618,BID1543
CID618,BID1571
CID618,BID2229
CID618,BID2267
CID618,BID261
CID618,BID625
CID618,BID641
CID618,BID799
CID618,BID879
CID619,BID518
CID620,BID2846
CID620,BID322
CID620,BID481
CID621,BID1959
CID621,BID2694
CID622,BID1056
CID622,BID1211
CID622,BID157
CID622,BID1823
CID622,BID2236
CID622,BID2566
CID622,BID2569
CID622,BID2572
CID622,BID640
CID623,BID1447
CID624,BID578
CID624,BID829
CID624,BID869
CID625,BID2462
CID625,BID2554
CID626,BID1512
CID626,BID1815
CID626,BID21
CID626,BID2258
CID627,BID710
CID628,BID1218
CID628,BID2025
CID628,BID2314
CID628,BID2566
CID628,BID2920
CID628,BID443
CID628,BID83
CID628,BID841
CID628,BID901
CID629,BID1233
CID629,BID1398
CID629,BID1551
CID629,BID1904
CID629,BID2158
CID629,BID2522
CID629,BID2610
CID629,BID540
CID630,BID1224
CID630,BID544
CID631,BID1286
CID631,BID1691
CID632,BID1599
CID632,BID2378
CID632,BID2840
CID633,BID1260
CID633,BID1379
CID634,BID1208
CID634,BID1293
CID634,BID1705
CID634,BID2230
CID634,BID2550
CID634,BID2939
CID634,BID461
CID635,BID2424
CID636,BID2220
CID637,BID1623
CID637,BID1657
CID637,BID383
CID638,BID1120
CID638,BID1990
CID639,BID1218
CID639,BID1388
CID639,BID782
CID640,BID1100
CID640,BID1473
CID640,BID2248
CID641,BID1075
CID641,BID1137
CID641,BID2773
CID641,BID2817
CID641,BID777
CID642,BID1333
CID642,BID1365
CID642,BID1479
CID642,BID2061
CID642,BID2144
CID642,BID2234
CID642,BID244
CID642,BID334
CID643,BID2419
CID643,BID797
CID644,BID382
CID644,BID426
CID644,BID673
CID645,BID1477
CID645,BID2960
CID646,BID1987
CID646,BID2800
CID647,BID1375
CID647,BID1629
CID647,BID1897
CID647,BID2205
CID647,BID2297
CID647,BID2899
CID647,BID720
CID648,BID1349
CID648,BID2067
CID648,BID2201
CID648,BID322
CID648,BID582
CID648,BID683
CID648,BID802
CID648,BID970
CID649,BID1806
CID649,BID2438
CID650,BID1077
CID650,BID2550
CID651,BID1004
CID651,BID1987
CID651,BID52
CID652,BID40
CID652,BID525
CID653,BID1758
CID653,BID2526
CID654,BID1625
CID654,BID1773
CID654,BID2257
CID654,BID2612
CID655,BID2394
CID655,BID347
CID655,BID976
CID656,BID1250
CID656,BID1438
CID656,BID1983
CID656,BID2165
CID656,BID2697
CID656,BID27
CID656,BID380
CID656,BID999
CID657,BID2906
CID658,BID1447
CID658,BID435
CID658,BID885
CID659,BID152
CID659,BID1724
CID659,BID1898
CID659,BID2156
CID659,BID2961
CID659,BID878
CID660,BID1925
CID660,BID2304
CID660,BID317
CID661,BID2226
CID661,BID2625
CID662,BID1111
CID662,BID2062
CID662,BID2160
CID662,BID2535
CID662,BID689
CID662,BID975
CID663,BID1433
CID664,BID107
CID664,BID1476
CID664,BID531
CID665,BID1252
CID665,BID2490
CID665,BID391
CID666,BID1943
CID666,BID9
CID667,BID2857
CID668,BID2748
CID669,BID1346
CID669,BID1552
CID669,BID1791
CID669,BID2110
CID669,BID2381
CID669,BID2430
CID669,BID2436
CID669,BID2784
CID669,BID985
CID670,BID1490
CID671,BID1707
CID671,BID1818
CID671,BID197
CID672,BID1295
CID672,BID311
CID673,BID1461
CID674,BID1232
CID674,BID1333
CID674,BID1346
CID674,BID149
CID674,BID2100
CID674,BID2378
CID674,BID2639
CID674,BID2720
CID675,BID1273
CID676,BID1084
CID676,BID2076
CID677,BID1039
CID677,BID1280
CID677,BID150
CID677,BID1641
CID677,BID2247
CID677,BID2631
CID677,BID290
CID677,BID544
CID678,BID1078
CID679,BID1889
CID680,BID1503
CID680,BID1646
CID680,BID1657
CID680,BID2
CID680,BID2253
CID680,BID2651
CID680,BID2788
CID680,BID382
CID680,BID703
CID681,BID1244
CID681,BID1737
CID681,BID993
CID682,BID2308
CID682,BID706
CID683,BID1028
CID683,BID11
CID683,BID1484
CID683,BID240
CID683,BID2639
CID683,BID505
CID683,BID608
CID683,BID725
CID683,BID730
CID684,BID1454
CID684,BID2394
CID685,BID1499
CID685,BID1887
CID685,BID2554
CID685,BID40
CID685,BID81
CID686,BID1363
CID687,BID1424
CID687,BID1583
CID687,BID1792
CID687,BID2444
CID687,BID279
CID687,BID2948
CID687,BID422
CID687,BID520
CID687,BID705
CID688,BID1881
CID688,BID2982
CID688,BID771
CID689,BID1443
CID689,BID1557
CID689,BID24
CID689,BID2535
CID689,BID2570
CID689,BID396
CID689,BID459
CID689,BID796
CID689,BID815
CID690,BID2116
CID690,BID2229
CID690,BID871
CID691,BID1989
CID691,BID2141
CID692,BID1847
CID692,BID1912
CID692,BID2130
CID692,BID2313
CID692,BID2712
CID692,BID2890
CID692,BID2906
CID692,BID2921
CID692,BID351
CID693,BID1054
CID693,BID750
CID694,BID2155
CID694,BID2505
CID695,BID947
CID696,BID1608
CID696,BID184
CID697,BID1023
CID697,BID223
CID697,BID2326
CID697,BID2379
CID697,BID2727
CID697,BID428
CID697,BID52
CID697,BID548
CID698,BID2589
CID699,BID1008
CID699,BID1068
CID699,BID1545
CID699,BID1996
CID700,BID2132
CID701,BID1662
CID701,BID2874
CID701,BID374
CID701,BID859
CID702,BID1440
CID702,BID2360
CID702,BID580
CID702,BID788
CID703,BID1140
CID703,BID1863
CID704,BID2484
CID704,BID2527
CID704,BID2889
CID705,BID1781
CID705,BID2098
CID706,BID1225
CID706,BID1268
CID706,BID1813
CID706,BID2027
CID707,BID1385
CID707,BID2012
CID707,BID2491
CID708,BID1613
CID708,BID1649
CID708,BID2177
CID708,BID2611
CID708,BID2631
CID708,BID2643
CID708,BID2677
CID708,BID795
CID709,BID1340
CID709,BID1515
CID709,BID1891
CID709,BID363
CID710,BID331
CID711,BID1083
CID711,BID1541
CID711,BID1551
CID711,BID1880
CID711,BID2081
CID711,BID2163
CID711,BID465
CID711,BID754
CID712,BID2228
CID712,BID625
CID713,BID1713
CID713,BID1861
CID713,BID2978
CID713,BID678
CID714,BID1951
CID715,BID1157
CID716,BID2493
CID716,BID741
CID717,BID2071
CID718,BID1051
CID718,BID1331
CID718,BID1791
CID718,BID1816
CID718,BID204
CID718,BID2593
CID718,BID292
CID718,BID2934
CID718,BID958
CID719,BID1869
CID719,BID2402
CID720,BID1034
CID720,BID1123
CID720,BID1254
CID720,BID1310
CID720,BID1382
CID720,BID1856
CID720,BID2253
CID720,BID2858
CID720,BID39
CID721,BID112
CID721,BID1325
CID721,BID165
CID721,BID1803
CID721,BID206
CID721,BID2381
CID721,BID2560
CID721,BID2931
CID721,BID451
CID722,BID1921
CID722,BID2233
CID723,BID1462
CID723,BID2302
CID724,BID1391
CID724,BID1662
CID724,BID1681
CID724,BID2383
CID724,BID2714
CID724,BID318
CID724,BID323
CID724,BID484
CID724,BID640
CID725,BID1277
CID725,BID360
CID726,BID1009
CID726,BID1049
CID726,BID1650
CID726,BID2210
CID726,BID2385
CID726,BID2510
CID726,BID2650
CID726,BID687
CID727,BID1126
CID727,BID2964
CID728,BID1085
CID728,BID111
CID728,BID1352
CID728,BID1708
CID728,BID1963
CID728,BID2422
CID728,BID2672
CID729,BID143
CID729,BID2516
CID730,BID1997
CID730,BID546
CID730,BID570
CID731,BID135
CID732,BID1378
CID732,BID1870
CID732,BID573
CID733,BID191
CID733,BID2152
CID733,BID228
CID733,BID2858
CID733,BID446
CID733,BID698
CID733,BID756
CID733,BID86
CID734,BID1610
CID734,BID2202
CID734,BID2244
CID734,BID2249
CID734,BID2349
CID734,BID2454
CID734,BID2524
CID734,BID277
CID734,BID308
CID735,BID1211
CID735,BID1273
CID735,BID1321
CID735,BID204
CID735,BID2143
CID735,BID675
CID736,BID1404
CID736,BID1589
CID736,BID2379
CID736,BID2644
CID737,BID2142
CID738,BID2264
CID738,BID678
CID739,BID2706
CID740,BID1612
CID740,BID267
CID741,BID2276
CID741,BID2332
CID742,BID1874
CID742,BID2847
CID743,BID1071
CID743,BID2108
CID744,BID1117
CID744,BID1288
CID744,BID1801
CID744,BID1845
CID744,BID2106
CID744,BID2313
CID744,BID2608
CID744,BID2765
CID744,BID508
CID745,BID1320
CID745,BID1655
CID745,BID1736
CID745,BID174
CID745,BID1818
CID745,BID2396
CID745,BID2481
CID745,BID2955
CID745,BID49
CID746,BID1062
CID746,BID1386
CID746,BID1902
CID746,BID2244
CID746,BID2465
CID746,BID2690
CID746,BID300
CID746,BID619
CID747,BID1686
CID748,BID1042
CID748,BID1199
CID748,BID1461
CID748,BID2146
CID748,BID2378
CID748,BID2569
CID748,BID712
CID749,BID1651
CID749,BID2246
CID750,BID1895
CID750,BID2412
CID750,BID2519
CID750,BID2764
CID750,BID288
CID750,BID420
CID751,BID720
CID752,BID1069
CID752,BID1273
CID752,BID1560
CID752,BID1754
CID752,BID2488
CID752,BID2868
CID752,BID361
CID752,BID633
CID752,BID641
CID753,BID1016
CID753,BID2228
CID753,BID2881
CID754,BID1547
CID754,BID2944
CID754,BID657
CID755,BID1044
CID755,BID1544
CID755,BID1823
CID755,BID1937
CID755,BID2110
CID755,BID2439
CID755,BID292
CID755,BID2955
CID756,BID1470
CID757,BID2647
CID757,BID842
CID758,BID1847
CID758,BID2588
CID758,BID2694
CID758,BID2837
CID758,BID2927
CID758,BID584
CID758,BID590
CID758,BID8
CID759,BID1082
CID759,BID2121
CID759,BID2388
CID760,BID137
CID760,BID1788
CID760,BID2534
CID760,BID2969
CID760,BID902
CID761,BID1000
CID761,BID1173
CID761,BID384
CID762,BID1302
CID762,BID1709
CID763,BID1416
CID764,BID1138
CID764,BID2371
CID764,BID2415
CID764,BID2685
CID764,BID2710
CID764,BID2788
CID764,BID2891
CID764,BID333
CID764,BID862
CID765,BID1306
CID765,BID453
CID765,BID697
CID766,BID140
CID766,BID1494
CID766,BID1713
CID766,BID2153
CID766,BID2218
CID766,BID2300
CID766,BID2620
CID766,BID2726
CID767,BID1212
CID767,BID307
CID768,BID1171
CID768,BID1450
CID768,BID1678
CID768,BID1763
CID768,BID210
CID768,BID2578
CID768,BID390
CID768,BID661
CID768,BID677
CID769,BID1135
CID769,BID1485
CID769,BID1533
CID769,BID2168
CID769,BID793
CID769,BID909
CID770,BID1317
CID770,BID1626
CID770,BID2435
CID770,BID2463
CID770,BID2999
CID770,BID72
CID770,BID932
CID770,BID968
CID771,BID2327
CID771,BID333
CID772,BID1349
CID772,BID291
CID772,BID989
CID773,BID997
CID774,BID1168
CID774,BID1186
CID774,BID1312
CID774,BID1805
CID774,BID2386
CID774,BID2500
CID774,BID2660
CID774,BID2856
CID774,BID2866
CID775,BID1928
CID776,BID1052
CID776,BID1204
CID776,BID2387
CID776,BID533
CID776,BID889
CID777,BID1701
CID778,BID1327
CID778,BID929
CID779,BID1488
CID779,BID2689
CID779,BID635
CID780,BID1156
CID781,BID928
CID782,BID1107
CID782,BID115
CID782,BID1152
CID782,BID1631
CID782,BID1880
CID782,BID2264
CID782,BID2288
CID782,BID467
CID782,BID633
CID783,BID1170
CID783,BID1219
CID783,BID1573
CID784,BID140
CID784,BID15
CID784,BID2972
CID784,BID304
CID784,BID981
CID785,BID1305
CID785,BID2306
CID785,BID2526
CID786,BID1795
CID786,BID374
CID787,BID171
CID788,BID2176
CID788,BID407
CID788,BID857
CID789,BID835
CID790,BID2836
CID791,BID170
CID792,BID1042
CID792,BID1351
CID792,BID2791
CID793,BID97
CID794,BID102
CID794,BID1454
CID794,BID1892
CID794,BID2392
CID794,BID2401
CID794,BID2897
CID794,BID403
CID794,BID499
CID795,BID1699
CID795,BID2566
CID795,BID2879
CID796,BID1280
CID796,BID1361
CID796,BID2231
CID796,BID2657
CID796,BID502
CID797,BID1052
CID797,BID2268
CID797,BID2405
CID797,BID2444
CID797,BID2517
CID797,BID2548
CID797,BID2566
CID797,BID2584
CID798,BID2414
CID798,BID56
CID799,BID1883
CID800,BID1176
CID800,BID2335
CID800,BID2474
CID800,BID679
CID800,BID862
CID801,BID575
CID802,BID149
CID802,BID1960
CID802,BID2623
CID802,BID730
CID803,BID1697
CID803,BID2078
CID804,BID10
CID804,BID1176
CID805,BID1890
CID806,BID2255
CID807,BID1089
CID807,BID239
CID808,BID1214
CID808,BID1323
CID808,BID1443
CID808,BID1946
CID808,BID2278
CID808,BID2460
CID808,BID2613
CID808,BID443
CID808,BID699
CID809,BID1109
CID809,BID1204
CID809,BID125
CID809,BID1499
CID809,BID2298
CID809,BID299
CID809,BID850
CID810,BID1514
CID811,BID1018
CID811,BID11
CID811,BID1359
CID811,BID1751
CID811,BID1775
CID811,BID2210
CID811,BID2719
CID811,BID304
CID812,BID146
CID812,BID1716
CID812,BID18
CID812,BID2206
CID812,BID2330
CID812,BID2422
CID812,BID2457
CID812,BID353
CID812,BID970
CID813,BID1103
CID813,BID1523
CID813,BID1543
CID813,BID1808
CID813,BID2319
CID813,BID2464
CID813,BID2522
CID813,BID453
CID814,BID2322
CID814,BID393
CID815,BID1277
CID815,BID2635
CID815,BID2692
CID816,BID1088
CID816,BID1910
CID816,BID2048
CID817,BID1450
CID818,BID2731
CID818,BID2794
CID819,BID1864
CID820,BID1363
CID820,BID1844
CID821,BID1996
CID821,BID2120
CID821,BID2518
CID821,BID2761
CID821,BID405
CID821,BID748
CID821,BID883
CID821,BID898
CID822,BID1853
CID822,BID236
CID822,BID76
CID822,BID833
CID823,BID2316
CID823,BID872
CID824,BID1985
CID825,BID1827
CID825,BID2091
CID826,BID2237
CID826,BID2535
CID826,BID582
CID827,BID2876
CID827,BID2943
CID828,BID1027
CID828,BID113
CID828,BID1418
CID828,BID1531
CID828,BID1858
CID828,BID2309
CID828,BID2311
CID828,BID25
CID828,BID345
CID829,BID1088
CID829,BID1203
CID829,BID1641
CID829,BID1643
CID829,BID2173
CID829,BID2205
CID829,BID2264
CID829,BID570
CID829,BID831
CID830,BID1859
CID830,BID190
CID830,BID2235
CID830,BID2313
CID830,BID235
CID830,BID256
CID830,BID2704
CID830,BID497
CID831,BID1754
CID831,BID2681
CID831,BID347
CID831,BID604
CID831,BID809
CID832,BID1337
CID832,BID1675
CID832,BID210
CID833,BID1374
CID833,BID2140
CID834,BID2112
CID834,BID2438
CID834,BID2554
CID834,BID2737
CID834,BID341
CID834,BID483
CID834,BID788
CID834,BID943
CID835,BID1105
CID835,BID2114
CID836,BID1004
CID836,BID1210
CID836,BID1685
CID836,BID1702
CID836,BID1953
CID836,BID2285
CID836,BID2713
CID836,BID421
CID836,BID803
CID837,BID2193
CID837,BID2444
CID837,BID671
CID838,BID1656
CID838,BID2099
CID839,BID2312
CID840,BID485
CID841,BID152
CID841,BID2089
CID841,BID2655
CID842,BID2398
CID842,BID2463
CID842,BID2595
CID842,BID2664
CID842,BID827
CID843,BID1557
CID843,BID1588
CID843,BID1882
CID844,BID1719
CID844,BID566
CID845,BID1575
CID845,BID2901
CID846,BID1700
CID846,BID1728
CID846,BID1742
CID846,BID1794
CID846,BID1809
CID846,BID345
CID846,BID368
CID846,BID402
CID846,BID844
CID847,BID1132
CID847,BID1865
CID847,BID2941
CID847,BID41
CID847,BID620
CID848,BID2076
CID848,BID296
CID849,BID1305
CID849,BID1418
CID849,BID1641
CID849,BID1688
CID849,BID2261
CID849,BID2311
CID849,BID2686
CID849,BID551
CID850,BID2341
CID850,BID755
CID851,BID1289
CID851,BID1462
CID851,BID1768
CID852,BID2268
CID852,BID2457
CID853,BID1647
CID854,BID1181
CID855,BID1463
CID856,BID1561
CID856,BID399
CID857,BID1846
CID858,BID1663
CID859,BID2720
CID860,BID1480
CID860,BID1535
CID860,BID183
CID860,BID1968
CID860,BID2344
CID860,BID2393
CID860,BID2562
CID860,BID342
CID861,BID1040
CID861,BID1203
CID861,BID2327
CID861,BID60
CID861,BID833
CID861,BID834
CID862,BID2984
CID863,BID1870
CID863,BID237
CID863,BID519
CID863,BID586
CID863,BID698
CID864,BID177
CID864,BID1828
CID864,BID2018
CID864,BID2313
CID864,BID2611
CID865,BID1074
CID865,BID1303
CID865,BID2024
CID865,BID2112
CID865,BID2220
CID865,BID2576
CID865,BID2604
CID865,BID767
CID865,BID973
CID866,BID551
CID867,BID1524
CID868,BID1782
CID868,BID200
CID868,BID2165
CID868,BID636
CID868,BID744
CID869,BID1550
CID870,BID1077
CID870,BID1291
CID870,BID1316
CID870,BID1344
CID870,BID1957
CID870,BID2957
CID870,BID882
CID871,BID1464
CID871,BID172
CID871,BID485
CID872,BID1291
CID872,BID1550
CID873,BID1305
CID873,BID2020
CID874,BID566
CID874,BID595
CID875,BID1378
CID875,BID1994
CID875,BID2302
CID875,BID2833
CID875,BID2880
CID876,BID2890
CID877,BID1577
CID877,BID539
CID878,BID1
CID878,BID2012
CID878,BID2113
CID878,BID2894
CID878,BID499
CID879,BID117
CID879,BID1227
CID879,BID1554
CID879,BID2638
CID879,BID2695
CID879,BID355
CID879,BID441
CID879,BID61
CID879,BID797
CID880,BID157
CID880,BID2704
CID881,BID1767
CID881,BID2467
CID881,BID2970
CID882,BID1519
CID882,BID2341
CID882,BID2391
CID882,BID2424
CID882,BID2624
CID882,BID479
CID882,BID482
CID882,BID634
CID882,BID637
CID883,BID902
CID884,BID1317
CID884,BID193
CID884,BID2697
CID885,BID1963
CID885,BID233
CID886,BID1127
CID886,BID1796
CID886,BID2802
CID887,BID2296
CID887,BID2513
CID887,BID2778
CID887,BID899
CID888,BID1138
CID888,BID1451
CID888,BID1672
CID888,BID2376
CID888,BID2407
CID888,BID2943
CID888,BID522
CID888,BID860
CID889,BID161
CID889,BID2218
CID889,BID2885
CID889,BID2992
CID889,BID362
CID889,BID588
CID890,BID1012
CID890,BID1136
CID890,BID1836
CID890,BID2028
CID890,BID2044
CID890,BID2597
CID890,BID345
CID890,BID600
CID891,BID2355
CID892,BID2168
CID893,BID1687
CID893,BID181
CID893,BID2308
CID894,BID1408
CID894,BID2480
CID894,BID2726
CID894,BID2785
CID894,BID431
CID894,BID624
CID894,BID641
CID894,BID744
CID894,BID900
CID895,BID994
CID896,BID1173
CID896,BID1634
CID896,BID179
CID896,BID2155
CID896,BID2229
CID896,BID2305
CID896,BID2923
CID896,BID758
CID897,BID18
CID897,BID2532
CID897,BID2570
CID897,BID352
CID897,BID363
CID897,BID372
CID897,BID409
CID897,BID944
CID898,BID2341
CID898,BID34
CID899,BID1875
CID899,BID2001
CID900,BID1245
CID900,BID521
CID901,BID1842
CID902,BID1236
CID903,BID1088
CID903,BID1659
CID903,BID218
CID903,BID224
CID903,BID2979
CID903,BID420
CID903,BID751
CID904,BID1592
CID904,BID2678
CID904,BID2959
CID904,BID408
CID904,BID812
CID904,BID9
CID905,BID1888
CID905,BID2554
CID905,BID2736
CID906,BID193
CID906,BID2536
CID906,BID2589
CID906,BID451
CID907,BID2498
CID908,BID2091
CID908,BID539
CID909,BID692
CID910,BID1109
CID910,BID2295
CID910,BID2826
CID911,BID1114
CID911,BID2493
CID911,BID840
CID912,BID1602
CID912,BID796
CID913,BID2624
CID913,BID372
CID914,BID1393
CID914,BID1473
CID914,BID1685
CID914,BID1825
CID914,BID2332
CID914,BID495
CID914,BID828
CID915,BID1859
CID915,BID2954
CID916,BID1353
CID916,BID1918
CID916,BID231
CID917,BID299
CID918,BID1503
CID918,BID954
CID919,BID112
CID919,BID2877
CID919,BID380
CID919,BID625
CID919,BID690
CID919,BID768
CID919,BID963
CID920,BID1661
CID920,BID1878
CID920,BID2400
CID921,BID1258
CID921,BID1410
CID921,BID1759
CID921,BID1860
CID921,BID684
CID921,BID717
CID922,BID1072
CID922,BID1664
CID922,BID1722
CID923,BID2121
CID923,BID430
CID924,BID2819
CID924,BID991
CID925,BID1030
CID925,BID2631
CID925,BID503
CID926,BID1172
CID926,BID176
CID926,BID2180
CID926,BID2294
CID926,BID2722
CID926,BID38
CID926,BID991
CID927,BID1265
CID927,BID1274
CID927,BID1571
CID927,BID1610
CID927,BID164
CID927,BID2609
CID927,BID442
CID928,BID1216
CID929,BID1299
CID929,BID343
CID930,BID2657
CID931,BID1266
CID931,BID929
CID932,BID14
CID932,BID146
CID932,BID1528
CID932,BID1867
CID932,BID200
CID932,BID2487
CID932,BID372
CID932,BID42
CID933,BID1067
CID933,BID2589
CID933,BID2711
CID934,BID104
CID935,BID1068
CID935,BID1199
CID935,BID1704
CID935,BID1733
CID935,BID1815
CID935,BID449
CID935,BID489
CID935,BID68
CID935,BID810
CID936,BID1051
CID936,BID1658
CID936,BID1938
CID936,BID355
CID936,BID426
CID936,BID84
CID937,BID111
CID937,BID1869
CID938,BID1657
CID938,BID1989
CID939,BID773
CID940,BID1474
CID940,BID1630
CID940,BID1837
CID940,BID215
CID940,BID2260
CID940,BID2714
CID940,BID534
CID940,BID813
CID941,BID1348
CID941,BID148
CID941,BID1516
CID941,BID1899
CID941,BID2247
CID941,BID784
CID941,BID811
CID942,BID26
CID942,BID2643
CID943,BID298
CID944,BID1347
CID944,BID146
CID944,BID2769
CID944,BID3
CID945,BID1974
CID945,BID2289
CID945,BID2380
CID945,BID2421
CID945,BID2431
CID945,BID2464
CID945,BID280
CID945,BID363
CID946,BID799
CID947,BID1231
CID947,BID2005
CID947,BID2582
CID947,BID2746
CID948,BID2879
CID948,BID457
CID948,BID545
CID949,BID1690
CID949,BID1825
CID949,BID888
CID950,BID1557
CID950,BID2947
CID950,BID892
CID951,BID1062
CID951,BID1067
CID951,BID1719
CID951,BID1864
CID951,BID2062
CID951,BID2976
CID951,BID413
CID951,BID50
CID952,BID1253
CID953,BID116
CID953,BID1313
CID953,BID1317
CID953,BID1362
CID953,BID1593
CID953,BID2564
CID953,BID812
CID953,BID858
CID954,BID728
CID955,BID1022
CID955,BID1214
CID955,BID2352
CID955,BID2744
CID955,BID2760
CID955,BID2937
CID955,BID603
CID956,BID1142
CID956,BID1214
CID956,BID1294
CID956,BID1533
CID956,BID1655
CID956,BID1858
CID956,BID2240
CID956,BID2854
CID956,BID733
CID957,BID2177
CID957,BID2207
CID957,BID251
CID958,BID1814
CID958,BID2125
CID959,BID1108
CID959,BID156
CID959,BID1788
CID959,BID2088
CID959,BID2168
CID959,BID2918
CID959,BID750
CID959,BID922
CID960,BID2061
CID960,BID691
CID960,BID977
CID961,BID1169
CID961,BID1200
CID961,BID1323
CID961,BID2156
CID961,BID2271
CID961,BID2376
CID961,BID646
CID961,BID800
CID962,BID564
CID962,BID650
CID963,BID1009
CID963,BID1035
CID963,BID1127
CID963,BID1741
CID963,BID2384
CID964,BID1599
CID964,BID1632
CID964,BID2347
CID964,BID2571
CID964,BID2716
CID964,BID2835
CID964,BID2852
CID964,BID601
CID965,BID1082
CID965,BID137
CID965,BID1723
CID965,BID1843
CID965,BID538
CID966,BID1342
CID966,BID1438
CID966,BID986
CID967,BID2127
CID967,BID2656
CID967,BID2853
CID967,BID412
CID968,BID1118
CID968,BID1274
CID968,BID1920
CID968,BID2928
CID968,BID293
CID968,BID586
CID969,BID1010
CID969,BID1672
CID969,BID1750
CID969,BID1752
CID969,BID246
CID969,BID2662
CID969,BID564
CID969,BID897
CID969,BID942
CID970,BID2309
CID970,BID2333
CID970,BID708
CID971,BID2682
CID972,BID1081
CID972,BID1434
CID972,BID147
CID972,BID1668
CID972,BID1775
CID972,BID2203
CID972,BID2910
CID972,BID485
CID972,BID795
CID973,BID1082
CID973,BID1166
CID974,BID1024
CID974,BID1028
CID974,BID1319
CID975,BID2223
CID975,BID302
CID975,BID945
CID976,BID2096
CID976,BID2406
CID976,BID586
CID977,BID1694
CID977,BID2897
CID978,BID1153
CID978,BID1204
CID978,BID1372
CID978,BID1655
CID978,BID2505
CID978,BID2950
CID978,BID348
CID978,BID500
CID978,BID860
CID979,BID1499
CID979,BID2005
CID979,BID535
CID980,BID772
CID981,BID2424
CID982,BID104
CID982,BID182
CID982,BID200
CID982,BID2525
CID982,BID2676
CID982,BID2927
CID982,BID2994
CID983,BID2706
CID984,BID1008
CID985,BID236
CID985,BID561
CID986,BID26
CID986,BID2620
CID986,BID450
CID987,BID1331
CID987,BID2193
CID987,BID223
CID987,BID2505
CID987,BID2588
CID987,BID2705
CID988,BID1428
CID988,BID482
CID988,BID517
CID989,BID2762
CID989,BID489
CID989,BID50
CID990,BID1243
CID990,BID1444
CID990,BID1664
CID990,BID1789
CID990,BID179
CID990,BID2284
CID990,BID75
CID990,BID786
CID990,BID829
CID991,BID1502
CID991,BID231
CID991,BID2942
CID991,BID792
CID992,BID1269
CID992,BID1276
CID992,BID2465
CID992,BID2553
CID992,BID2662
CID992,BID2933
CID993,BID2467
CID993,BID815
CID994,BID2638
CID994,BID2646
CID994,BID272
CID994,BID524
CID994,BID744
CID994,BID832
CID995,BID14
CID996,BID1141
CID996,BID124
CID996,BID688
CID996,BID916
CID997,BID2968
CID997,BID77
CID998,BID2529
CID998,BID2854
CID999,BID1733
CID999,BID2761
CID1000,BID2742
CID1000,BID798
CID1001,BID2091
CID1002,BID1551
CID1002,BID1745
CID1002,BID2115
CID1002,BID2460
CID1002,BID2893
CID1002,BID424
CID1002,BID602
CID1002,BID707
CID1002,BID88
CID1003,BID1132
CID1003,BID115
CID1003,BID1334
CID1003,BID2252
CID1004,BID1451
CID1004,BID1790
CID1004,BID1953
CID1004,BID2158
CID1004,BID2672
CID1004,BID2919
CID1005,BID359
CID1006,BID2026
CID1006,BID2784
CID1006,BID2801
CID1007,BID214
CID1007,BID554
CID1008,BID2055
CID1008,BID2330
CID1009,BID994
CID1010,BID1450
CID1010,BID634
CID1011,BID2510
CID1011,BID2704
CID1011,BID477
CID1012,BID1951
CID1013,BID148
CID1013,BID163
CID1013,BID2094
CID1014,BID1014
CID1014,BID13
CID1014,BID1584
CID1014,BID1746
CID1014,BID1943
CID1014,BID1993
CID1014,BID2670
CID1014,BID2911
CID1014,BID893
CID1015,BID1053
CID1015,BID1076
CID1015,BID2135
CID1016,BID71
CID1017,BID2273
CID1017,BID2935
CID1017,BID818
CID1018,BID1471
CID1018,BID1859
CID1018,BID2053
CID1018,BID2219
CID1018,BID2385
CID1018,BID519
CID1018,BID815
CID1018,BID932
CID1019,BID1362
CID1019,BID1656
CID1019,BID1996
CID1019,BID2543
CID1019,BID39
CID1019,BID420
CID1019,BID742
CID1019,BID819
CID1019,BID922
CID1020,BID1176
CID1020,BID1468
CID1020,BID1839
CID1020,BID1913
CID1020,BID1920
CID1020,BID1987
CID1020,BID2993
CID1020,BID722
CID1020,BID939
CID1021,BID354
CID1022,BID1018
CID1022,BID1718
CID1022,BID1806
CID1022,BID1842
CID1022,BID281
CID1023,BID1556
CID1024,BID1218
CID1024,BID1277
CID1024,BID402
CID1024,BID574
CID1025,BID1753
CID1026,BID2603
CID1027,BID1342
CID1027,BID1577
CID1027,BID1833
CID1027,BID2569
CID1027,BID2613
CID1027,BID325
CID1027,BID747
CID1027,BID973
CID1028,BID1034
CID1028,BID1255
CID1029,BID110
CID1029,BID1111
CID1029,BID1523
CID1029,BID1913
CID1029,BID1999
CID1029,BID2694
CID1029,BID2780
CID1029,BID43
CID1029,BID98
CID1030,BID74
CID1031,BID1365
CID1031,BID1433
CID1031,BID1592
CID1031,BID1652
CID1031,BID17
CID1031,BID2442
CID1031,BID2723
CID1032,BID2681
CID1032,BID2752
CID1032,BID2834
CID1033,BID1544
CID1033,BID2394
CID1033,BID373
CID1034,BID2476
CID1034,BID412
CID1035,BID639
CID1036,BID1818
CID1036,BID1831
CID1037,BID1086
CID1037,BID1253
CID1037,BID2974
CID1037,BID783
CID1038,BID2058
CID1038,BID597
CID1039,BID145
CID1039,BID160
CID1039,BID1606
CID1039,BID1617
CID1039,BID1707
CID1039,BID229
CID1039,BID2934
CID1039,BID856
CID1040,BID1018
CID1040,BID110
CID1040,BID1160
CID1040,BID1286
CID1040,BID1671
CID1040,BID188
CID1040,BID2425
CID1040,BID847
CID1041,BID103
CID1041,BID119
CID1041,BID1768
CID1041,BID2196
CID1041,BID2352
CID1041,BID2479
CID1041,BID2775
CID1041,BID984
CID1042,BID1653
CID1042,BID263
CID1042,BID479
CID1043,BID1441
CID1043,BID2753
CID1043,BID66
CID1044,BID1592
CID1045,BID619
CID1045,BID956
CID1046,BID2126
CID1047,BID2039
CID1047,BID2349
CID1047,BID813
CID1048,BID1328
CID1048,BID1978
CID1048,BID2239
CID1048,BID2389
CID1048,BID2988
CID1048,BID393
CID1048,BID416
CID1048,BID494
CID1048,BID850
CID1049,BID1116
CID1049,BID2016
CID1049,BID2631
CID1050,BID1124
CID1050,BID2343
CID1050,BID488
CID1051,BID1560
CID1051,BID1859
CID1051,BID2857
CID1051,BID646
CID1051,BID737
CID1051,BID900
CID1052,BID1206
CID1052,BID2357
CID1052,BID721
CID1053,BID2141
CID1053,BID2413
CID1053,BID998
CID1054,BID1126
CID1055,BID1304
CID1055,BID2517
CID1055,BID2581
CID1055,BID933
CID1056,BID1289
CID1056,BID1294
CID1056,BID1338
CID1056,BID1403
CID1056,BID1862
CID1056,BID2813
CID1056,BID2945
CID1056,BID827
CID1057,BID1010
CID1057,BID1182
CID1057,BID1189
CID1057,BID1760
CID1057,BID198
CID1057,BID2433
CID1057,BID2559
CID1057,BID2955
CID1057,BID691
CID1058,BID116
CID1058,BID2916
CID1058,BID36
CID1059,BID2586
CID1059,BID49
CID1060,BID731
CID1061,BID13
CID1061,BID1374
CID1061,BID140
CID1061,BID1708
CID1061,BID1867
CID1061,BID266
CID1061,BID2792
CID1061,BID2796
CID1061,BID590
CID1062,BID2115
CID1062,BID2992
CID1062,BID33
CID1063,BID143
CID1063,BID1435
CID1063,BID1595
CID1063,BID1626
CID1063,BID1696
CID1063,BID2091
CID1063,BID2115
CID1063,BID2522
CID1063,BID2764
CID1064,BID438
CID1064,BID834
CID1064,BID925
CID1065,BID2005
CID1066,BID1328
CID1066,BID1399
CID1066,BID1492
CID1066,BID1544
CID1066,BID2011
CID1066,BID2086
CID1066,BID2986
CID1066,BID377
CID1066,BID987
CID1067,BID1378
CID1067,BID2486
CID1067,BID901
CID1068,BID1724
CID1068,BID2405
CID1069,BID2587
CID1069,BID431
CID1069,BID569
CID1070,BID1008
CID1070,BID1093
CID1070,BID1135
CID1070,BID1250
CID1070,BID1387
CID1070,BID171
CID1070,BID1935
CID1070,BID28
CID1070,BID847
CID1071,BID1269
CID1071,BID127
CID1071,BID2103
CID1071,BID217
CID1071,BID2956
CID1071,BID391
CID1071,BID835
CID1071,BID959
CID1072,BID1905
CID1072,BID2120
CID1072,BID808
CID1073,BID1375
CID1073,BID740
CID1074,BID1181
CID1074,BID1458
CID1074,BID1472
CID1074,BID1576
CID1074,BID2488
CID1074,BID2743
CID1074,BID363
CID1074,BID829
CID1074,BID876
CID1075,BID1228
CID1075,BID2250
CID1075,BID999
CID1076,BID1449
CID1076,BID158
CID1076,BID2244
CID1077,BID1706
CID1078,BID1088
CID1078,BID1097
CID1078,BID1265
CID1078,BID1643
CID1078,BID2371
CID1078,BID2623
CID1078,BID2843
CID1078,BID2882
CID1078,BID305
CID1079,BID1201
CID1079,BID1293
CID1079,BID1599
CID1079,BID2749
CID1079,BID582
CID1080,BID1259
CID1080,BID2119
CID1081,BID2636
CID1082,BID1040
CID1082,BID1093
CID1082,BID1579
CID1082,BID1683
CID1082,BID1755
CID1082,BID1775
CID1082,BID2443
CID1082,BID2564
CID1083,BID2488
CID1083,BID938
CID1084,BID1043
CID1085,BID1522
CID1085,BID448
CID1086,BID36
CID1086,BID813
CID1087,BID1276
CID1087,BID1626
CID1087,BID1964
CID1087,BID1967
CID1087,BID2095
CID1087,BID2761
CID1087,BID292
CID1087,BID556
CID1087,BID943
CID1088,BID1095
CID1088,BID193
CID1088,BID222
CID1089,BID1566
CID1089,BID2311
CID1089,BID2638
CID1089,BID2814
CID1089,BID507
CID1089,BID823
CID1090,BID1056
CID1090,BID1365
CID1090,BID1463
CID1090,BID1979
CID1090,BID2835
CID1091,BID1772
CID1092,BID1632
CID1092,BID1829
CID1092,BID187
CID1092,BID2672
CID1092,BID2752
CID1092,BID703
CID1092,BID838
CID1092,BID93
CID1093,BID2602
CID1093,BID2955
CID1094,BID2184
CID1095,BID145
CID1095,BID1940
CID1095,BID2145
CID1095,BID2579
CID1095,BID462
CID1095,BID467
CID1095,BID549
CID1095,BID737
CID1096,BID1295
CID1096,BID1388
CID1096,BID1966
CID1096,BID370
CID1096,BID572
CID1096,BID7
CID1096,BID900
CID1097,BID1326
CID1097,BID1702
CID1097,BID1907
CID1097,BID2129
CID1097,BID219
CID1097,BID2404
CID1097,BID353
CID1097,BID80
CID1098,BID148
CID1098,BID223
CID1098,BID2442
CID1098,BID2503
CID1098,BID2583
CID1099,BID1297
CID1099,BID2234
CID1099,BID635
CID1100,BID201
CID1100,BID2458
CID1100,BID711
CID1101,BID1
CID1101,BID1018
CID1101,BID1661
CID1101,BID1758
CID1101,BID1952
CID1101,BID2902
CID1101,BID523
CID1101,BID774
CID1101,BID809
CID1102,BID1181
CID1102,BID1465
CID1102,BID1466
CID1102,BID1543
CID1102,BID1562
CID1102,BID1683
CID1102,BID1988
CID1102,BID2209
CID1102,BID2716
CID1103,BID1959
CID1103,BID293
CID1103,BID38
CID1104,BID1417
CID1104,BID2011
CID1104,BID2687
CID1104,BID336
CID1105,BID1717
CID1105,BID2204
CID1105,BID2359
CID1105,BID55
CID1106,BID1799
CID1107,BID1418
CID1107,BID1629
CID1107,BID2986
CID1107,BID494
CID1108,BID1398
CID1108,BID2717
CID1109,BID1342
CID1109,BID1433
CID1109,BID17
CID1109,BID191
CID1109,BID2414
CID1109,BID2774
CID1109,BID377
CID1109,BID379
CID1109,BID772
CID1110,BID1247
CID1110,BID1324
CID1110,BID1851
CID1110,BID2458
CID1111,BID1151
CID1111,BID1426
CID1111,BID1486
CID1111,BID1592
CID1111,BID1765
CID1111,BID1884
CID1111,BID267
CID1111,BID2973
CID1111,BID896
CID1112,BID1335
CID1112,BID1687
CID1112,BID1787
CID1113,BID2874
CID1114,BID2855
CID1115,BID1216
CID1115,BID180
CID1115,BID1960
CID1115,BID223
CID1115,BID2656
CID1115,BID471
CID1115,BID482
CID1115,BID887
CID1115,BID950
CID1116,BID1284
CID1116,BID1455
CID1116,BID1547
CID1116,BID1560
CID1116,BID1693
CID1116,BID1989
CID1116,BID2495
CID1116,BID592
CID1117,BID1226
CID1117,BID1653
CID1117,BID1921
CID1117,BID2033
CID1117,BID2570
CID1117,BID2902
CID1117,BID336
CID1117,BID397
CID1117,BID750
CID1118,BID1032
CID1118,BID1203
CID1118,BID1585
CID1118,BID170
CID1118,BID1987
CID1118,BID2270
CID1118,BID2432
CID1118,BID2779
CID1119,BID1174
CID1119,BID1885
CID1120,BID1082
CID1121,BID1085
CID1121,BID1519
CID1121,BID498
CID1122,BID1604
CID1122,BID1758
CID1123,BID1356
CID1123,BID1811
CID1123,BID2165
CID1123,BID2545
CID1123,BID2564
CID1123,BID2778
CID1123,BID761
CID1123,BID84
CID1124,BID1409
CID1124,BID1804
CID1124,BID2585
CID1124,BID2878
CID1125,BID679
CID1126,BID1359
CID1126,BID2325
CID1126,BID2693
CID1127,BID643
CID1127,BID860
CID1128,BID1103
CID1128,BID2384
CID1128,BID953
CID1129,BID1418
CID1129,BID66
CID1129,BID880
CID1130,BID1562
CID1130,BID1602
CID1130,BID43
CID1131,BID1103
CID1131,BID2394
CID1131,BID911
CID1132,BID1494
CID1132,BID1577
CID1132,BID2427
CID1132,BID2714
CID1132,BID2919
CID1132,BID395
CID1132,BID694
CID1132,BID862
CID1133,BID1039
CID1133,BID1506
CID1133,BID1870
CID1133,BID1964
CID1133,BID237
CID1133,BID2606
CID1133,BID280
CID1133,BID2862
CID1133,BID470
CID1134,BID1157
CID1134,BID1547
CID1134,BID2889
CID1135,BID2088
CID1136,BID160
CID1136,BID2096
CID1136,BID2708
CID1137,BID1128
CID1137,BID1247
CID1137,BID1905
CID1137,BID1983
CID1137,BID2326
CID1138,BID2110
CID1138,BID2121
CID1138,BID2863
CID1139,BID1081
CID1139,BID2384
CID1140,BID152
CID1140,BID859
CID1141,BID2167
CID1142,BID2837
CID1142,BID415
CID1143,BID2047
CID1143,BID250
CID1143,BID631
CID1144,BID1488
CID1144,BID330
CID1144,BID736
CID1145,BID1586
CID1145,BID1821
CID1145,BID200
CID1145,BID2696
CID1145,BID439
CID1145,BID492
CID1145,BID651
CID1145,BID697
CID1146,BID1943
CID1146,BID2154
CID1146,BID2420
CID1146,BID2463
CID1146,BID686
CID1147,BID1026
CID1147,BID1224
CID1148,BID113
CID1148,BID1447
CID1148,BID1602
CID1148,BID2546
CID1148,BID2641
CID1148,BID2880
CID1148,BID2974
CID1148,BID78
CID1149,BID1235
CID1149,BID1440
CID1149,BID1512
CID1149,BID1657
CID1149,BID179
CID1149,BID1889
CID1149,BID752
CID1149,BID888
CID1149,BID891
CID1150,BID126
CID1150,BID1656
CID1151,BID1073
CID1151,BID1458
CID1151,BID1628
CID1151,BID2434
CID1151,BID479
CID1151,BID700
CID1152,BID2033
CID1152,BID2661
CID1152,BID2665
CID1152,BID674
CID1152,BID700
CID1152,BID85
CID1152,BID883
CID1153,BID1214
CID1153,BID2885
CID1154,BID2120
CID1154,BID2859
CID1155,BID1534
CID1155,BID1723
CID1156,BID1296
CID1156,BID1968
CID1156,BID603
CID1157,BID1899
CID1157,BID2126
CID1157,BID2205
CID1158,BID2090
CID1158,BID2240
CID1158,BID2304
CID1159,BID35
CID1160,BID2797
CID1161,BID2229
CID1162,BID1565
CID1162,BID1721
CID1162,BID2762
CID1163,BID1552
CID1163,BID1853
CID1163,BID2050
CID1164,BID109
CID1164,BID1214
CID1164,BID1732
CID1164,BID1919
CID1164,BID2042
CID1164,BID67
CID1164,BID920
CID1164,BID938
CID1165,BID1196
CID1165,BID1285
CID1165,BID1373
CID1165,BID20
CID1165,BID2831
CID1165,BID317
CID1165,BID899
CID1166,BID1269
CID1166,BID1792
CID1166,BID1809
CID1166,BID248
CID1167,BID1364
CID1167,BID1602
CID1167,BID175
CID1167,BID2024
CID1167,BID2889
CID1167,BID910
CID1167,BID923
CID1168,BID2074
CID1168,BID2896
CID1169,BID1154
CID1169,BID1756
CID1169,BID2674
CID1170,BID2130
CID1171,BID2287
CID1171,BID2652
CID1172,BID1149
CID1173,BID1702
CID1173,BID1888
CID1173,BID1904
CID1173,BID2357
CID1173,BID2626
CID1173,BID2836
CID1173,BID460
CID1173,BID780
CID1173,BID894
CID1174,BID1183
CID1174,BID1380
CID1174,BID1741
CID1174,BID2081
CID1174,BID2552
CID1174,BID549
CID1174,BID906
CID1174,BID925
CID1175,BID1254
CID1175,BID1941
CID1175,BID2224
CID1175,BID2606
CID1176,BID1506
CID1176,BID2500
CID1177,BID1830
CID1177,BID2785
CID1177,BID476
CID1178,BID2094
CID1179,BID1138
CID1179,BID1146
CID1179,BID1410
CID1179,BID1654
CID1179,BID1858
CID1179,BID2164
CID1179,BID2382
CID1179,BID68
CID1179,BID734
CID1180,BID2110
CID1181,BID2842
CID1182,BID1116
CID1182,BID1497
CID1182,BID781
CID1183,BID1399
CID1183,BID1470
CID1183,BID1497
CID1183,BID1536
CID1183,BID1967
CID1183,BID2361
CID1183,BID2374
CID1183,BID637
CID1184,BID1371
CID1184,BID1428
CID1184,BID1445
CID1184,BID1818
CID1184,BID1878
CID1184,BID2134
CID1184,BID2533
CID1184,BID716
CID1185,BID1421
CID1185,BID1590
CID1185,BID1658
CID1186,BID1067
CID1186,BID2952
CID1186,BID572
CID1187,BID1849
CID1188,BID1092
CID1188,BID1478
CID1188,BID159
CID1188,BID1720
CID1188,BID1803
CID1188,BID2608
CID1188,BID2687
CID1188,BID2699
CID1188,BID725
CID1189,BID2424
CID1189,BID95
CID1190,BID2708
CID1191,BID879
CID1192,BID1637
CID1193,BID1638
CID1193,BID1675
CID1193,BID2095
CID1193,BID2173
CID1193,BID2218
CID1193,BID2785
CID1193,BID307
CID1193,BID893
CID1194,BID1800
CID1194,BID2905
CID1195,BID1449
CID1196,BID1565
CID1196,BID2934
CID1197,BID1829
CID1197,BID1911
CID1197,BID1989
CID1197,BID2451
CID1197,BID2665
CID1197,BID2867
CID1197,BID337
CID1197,BID70
CID1198,BID2682
CID1198,BID772
CID1199,BID1102
CID1199,BID1463
CID1199,BID2358
CID1199,BID2476
CID1199,BID65
CID1199,BID757
CID1199,BID863
CID1199,BID903
CID1200,BID1229
CID1200,BID1390
CID1200,BID1621
CID1200,BID1945
CID1200,BID2038
CID1200,BID482
CID1200,BID557
CID1200,BID56
CID1201,BID160
CID1201,BID1663
CID1201,BID1933
CID1201,BID2489
CID1201,BID2636
CID1201,BID2642
CID1201,BID287
CID1201,BID552
CID1201,BID828
CID1202,BID1003
CID1202,BID1217
CID1202,BID1333
CID1202,BID1341
CID1202,BID2616
CID1203,BID1646
CID1203,BID1765
CID1203,BID1789
CID1203,BID2395
CID1203,BID2973
CID1203,BID329
CID1203,BID467
CID1204,BID2511
CID1205,BID1851
CID1206,BID1085
CID1206,BID1245
CID1206,BID1275
CID1206,BID1640
CID1206,BID2123
CID1206,BID2821
CID1206,BID374
CID1206,BID689
CID1207,BID1222
CID1207,BID1290
CID1207,BID463
CID1208,BID1455
CID1208,BID863
CID1209,BID225
CID1209,BID441
CID1210,BID1125
CID1210,BID1283
CID1210,BID2245
CID1210,BID2389
CID1210,BID2790
CID1210,BID53
CID1210,BID824
CID1210,BID970
CID1211,BID1947
CID1212,BID686
CID1213,BID1605
CID1213,BID2104
CID1213,BID2491
CID1213,BID286
CID1213,BID472
CID1213,BID813
CID1213,BID919
CID1214,BID1974
CID1214,BID64
CID1214,BID984
CID1215,BID1295
CID1215,BID407
CID1216,BID105
CID1216,BID1987
CID1216,BID2261
CID1216,BID2375
CID1216,BID2495
CID1216,BID2700
CID1216,BID584
CID1216,BID713
CID1217,BID1285
CID1217,BID1885
CID1217,BID2597
CID1218,BID1696
CID1218,BID1836
CID1218,BID247
CID1218,BID65
CID1218,BID656
CID1218,BID968
CID1219,BID105
CID1220,BID1031
CID1220,BID1094
CID1220,BID1439
CID1220,BID1750
CID1220,BID2026
CID1220,BID2143
CID1220,BID2536
CID1220,BID2741
CID1220,BID750
CID1221,BID1071
CID1221,BID1517
CID1221,BID2743
CID1221,BID684
CID1221,BID718
CID1221,BID836
CID1222,BID1228
CID1223,BID169
CID1223,BID2045
CID1224,BID1616
CID1224,BID236
CID1225,BID1338
CID1225,BID2824
CID1226,BID1363
CID1226,BID225
CID1227,BID2269
CID1228,BID1146
CID1228,BID1168
CID1228,BID1783
CID1228,BID1805
CID1228,BID2877
CID1228,BID320
CID1228,BID661
CID1228,BID89
CID1229,BID1254
CID1229,BID1559
CID1229,BID2233
CID1229,BID2818
CID1229,BID2919
CID1229,BID463
CID1229,BID594
CID1230,BID1348
CID1230,BID2246
CID1230,BID370
CID1231,BID296
CID1231,BID675
CID1232,BID1609
CID1232,BID1999
CID1232,BID2003
CID1232,BID2478
CID1232,BID2728
CID1232,BID2963
CID1232,BID632
CID1233,BID1314
CID1233,BID1816
CID1233,BID1848
CID1233,BID2049
CID1233,BID2262
CID1233,BID283
CID1233,BID2832
CID1233,BID786
CID1233,BID885
CID1234,BID111
CID1234,BID1161
CID1234,BID2702
CID1235,BID1278
CID1235,BID1671
CID1235,BID177
CID1236,BID1113
CID1237,BID624
CID1238,BID2187
CID1239,BID1415
CID1239,BID2122
CID1239,BID2192
CID1239,BID2955
CID1240,BID1240
CID1240,BID652
CID1240,BID827
CID1241,BID408
CID1242,BID1028
CID1242,BID115
CID1242,BID1681
CID1242,BID749
CID1243,BID1196
CID1243,BID2178
CID1243,BID2728
CID1244,BID26
CID1245,BID1347
CID1245,BID1614
CID1245,BID2902
CID1246,BID1229
CID1246,BID1855
CID1246,BID2085
CID1246,BID31
CID1246,BID676
CID1246,BID801
CID1246,BID936
CID1246,BID97
CID1247,BID1318
CID1247,BID1642
CID1247,BID564
CID1248,BID2047
CID1248,BID409
CID1249,BID1287
CID1249,BID1802
CID1249,BID1956
CID1249,BID2046
CID1249,BID2285
CID1249,BID2433
CID1249,BID2610
CID1249,BID597
CID1249,BID714
CID1250,BID2029
CID1251,BID1162
CID1251,BID839
CID1251,BID88
CID1252,BID2315
CID1252,BID2562
CID1252,BID2602
CID1252,BID2844
CID1252,BID308
CID1253,BID1927
CID1253,BID210
CID1253,BID2219
CID1254,BID2364
CID1254,BID2825
CID1255,BID14
CID1255,BID193
CID1256,BID1079
CID1256,BID1179
CID1256,BID2204
CID1256,BID2248
CID1256,BID2540
CID1256,BID2992
CID1257,BID1318
CID1257,BID947
CID1258,BID1057
CID1258,BID1142
CID1258,BID1775
CID1258,BID1848
CID1259,BID1978
CID1260,BID103
CID1260,BID108
CID1260,BID116
CID1260,BID1964
CID1260,BID2195
CID1260,BID234
CID1260,BID2549
CID1260,BID2602
CID1261,BID1696
CID1261,BID2182
CID1261,BID2374
CID1261,BID2387
CID1261,BID2562
CID1261,BID270
CID1261,BID2731
CID1261,BID395
CID1262,BID1000
CID1262,BID1560
CID1262,BID2202
CID1262,BID2476
CID1262,BID2912
CID1262,BID2981
CID1262,BID552
CID1262,BID753
CID1263,BID1175
CID1263,BID2159
CID1263,BID812
CID1264,BID1313
CID1264,BID1952
CID1265,BID1407
CID1265,BID349
CID1265,BID366
CID1266,BID1000
CID1266,BID1029
CID1266,BID1804
CID1266,BID186
CID1266,BID2232
CID1266,BID2551
CID1266,BID415
CID1266,BID626
CID1266,BID870
CID1267,BID2803
CID1267,BID811
CID1268,BID1529
CID1268,BID1866
CID1268,BID2427
CID1268,BID252
CID1268,BID839
CID1269,BID1238
CID1269,BID1382
CID1269,BID1452
CID1269,BID1524
CID1269,BID170
CID1269,BID245
CID1269,BID2659
CID1269,BID684
CID1269,BID955
CID1270,BID2656
CID1271,BID1563
CID1271,BID1965
CID1271,BID2891
CID1272,BID1506
CID1272,BID163
CID1272,BID676
CID1273,BID132
CID1273,BID2757
CID1273,BID365
CID1274,BID1763
CID1274,BID2244
CID1274,BID395
CID1275,BID108
CID1275,BID1190
CID1275,BID1707
CID1275,BID2328
CID1275,BID2474
CID1275,BID2979
CID1275,BID978
CID1276,BID407
CID1277,BID147
CID1277,BID183
CID1278,BID1238
CID1278,BID1311
CID1278,BID1412
CID1278,BID1785
CID1278,BID2609
CID1278,BID294
CID1278,BID2961
CID1278,BID492
CID1279,BID10
CID1279,BID1248
CID1279,BID1741
CID1279,BID1836
CID1279,BID2047
CID1279,BID2552
CID1279,BID2879
CID1279,BID500
CID1279,BID644
CID1280,BID1545
CID1280,BID1648
CID1280,BID1737
CID1280,BID1949
CID1280,BID2437
CID1280,BID2552
CID1280,BID809
CID1281,BID1607
CID1281,BID164
CID1281,BID1765
CID1281,BID1847
CID1281,BID2167
CID1281,BID2339
CID1281,BID2702
CID1281,BID2923
CID1281,BID691
CID1282,BID1029
CID1282,BID2488
CID1283,BID1767
CID1284,BID1202
CID1284,BID1297
CID1284,BID1948
CID1284,BID2341
CID1284,BID2827
CID1284,BID357
CID1284,BID609
CID1285,BID1095
CID1285,BID1464
CID1285,BID388
CID1286,BID1457
CID1286,BID1610
CID1286,BID1821
CID1286,BID1866
CID1286,BID1950
CID1286,BID2655
CID1286,BID564
CID1286,BID84
CID1287,BID1425
CID1287,BID337
CID1288,BID589
CID1289,BID1121
CID1289,BID2266
CID1289,BID2794
CID1289,BID680
CID1289,BID759
CID1289,BID87
CID1290,BID1195
CID1290,BID1222
CID1290,BID1828
CID1290,BID1961
CID1290,BID2488
CID1290,BID344
CID1290,BID440
CID1290,BID643
CID1291,BID2753
CID1292,BID1352
CID1292,BID1734
CID1292,BID1981
CID1292,BID2344
CID1292,BID2491
CID1292,BID2606
CID1292,BID577
CID1292,BID625
CID1292,BID902
CID1293,BID101
CID1293,BID1037
CID1293,BID1240
CID1293,BID1414
CID1293,BID2624
CID1293,BID2640
CID1293,BID2906
CID1293,BID328
CID1293,BID523
CID1294,BID1653
CID1294,BID960
CID1295,BID1176
CID1296,BID714
CID1297,BID1378
CID1297,BID1505
CID1297,BID1547
CID1297,BID1803
CID1297,BID318
CID1297,BID616
CID1297,BID798
CID1297,BID908
CID1298,BID1298
CID1298,BID1716
CID1298,BID2001
CID1298,BID2217
CID1298,BID2479
CID1298,BID278
CID1298,BID479
CID1298,BID583
CID1298,BID804
CID1299,BID1231
CID1299,BID1258
CID1299,BID2145
CID1299,BID2987
CID1299,BID401
CID1299,BID642
CID1300,BID1384
CID1300,BID1422
CID1300,BID1494
CID1300,BID2456
CID1300,BID2947
CID1300,BID30
CID1300,BID415
CID1300,BID549
CID1301,BID1422
CID1301,BID1928
CID1301,BID1954
CID1301,BID213
CID1301,BID2253
CID1301,BID708
CID1301,BID959
CID1301,BID965
CID1302,BID1198
CID1302,BID1390
CID1303,BID1000
CID1304,BID2598
CID1304,BID329
CID1304,BID460
CID1305,BID1453
CID1305,BID659
CID1305,BID788
CID1306,BID2127
CID1307,BID1422
CID1307,BID1448
CID1307,BID2227
CID1307,BID2384
CID1307,BID2431
CID1307,BID2521
CID1307,BID2763
CID1307,BID702
CID1308,BID1497
CID1308,BID2131
CID1308,BID807
CID1309,BID109
CID1309,BID116
CID1309,BID1312
CID1309,BID1527
CID1309,BID1554
CID1309,BID160
CID1309,BID2289
CID1309,BID2602
CID1309,BID724
CID1310,BID2983
CID1311,BID1760
CID1311,BID2782
CID1311,BID2811
CID1312,BID1050
CID1312,BID1135
CID1312,BID2326
CID1312,BID2671
CID1312,BID2755
CID1312,BID346
CID1312,BID689
CID1312,BID98
CID1313,BID1485
CID1313,BID1648
CID1313,BID2083
CID1313,BID2094
CID1313,BID2949
CID1313,BID779
CID1314,BID2237
CID1314,BID482
CID1315,BID1669
CID1315,BID2025
CID1315,BID2254
CID1315,BID2268
CID1315,BID2522
CID1315,BID423
CID1315,BID824
CID1315,BID999
CID1316,BID1526
CID1317,BID1957
CID1317,BID2197
CID1317,BID2796
CID1318,BID1518
CID1318,BID685
CID1319,BID16
CID1319,BID1997
CID1319,BID2159
CID1319,BID2695
CID1319,BID2874
CID1320,BID2176
CID1320,BID2510
CID1320,BID374
CID1321,BID1464
CID1321,BID1734
CID1321,BID207
CID1321,BID479
CID1321,BID738
CID1321,BID800
CID1321,BID823
CID1322,BID1952
CID1322,BID2908
CID1322,BID390
CID1323,BID1180
CID1323,BID593
CID1324,BID1097
CID1324,BID1855
CID1324,BID2006
CID1324,BID416
CID1324,BID832
CID1325,BID1832
CID1325,BID2883
CID1325,BID484
CID1325,BID74
CID1326,BID1699
CID1326,BID2453
CID1326,BID645
CID1327,BID1266
CID1327,BID753
CID1327,BID860
CID1328,BID1318
CID1328,BID144
CID1328,BID1478
CID1328,BID1885
CID1328,BID2046
CID1328,BID2570
CID1328,BID2733
CID1328,BID493
CID1328,BID907
CID1329,BID222
CID1330,BID1150
CID1330,BID1534
CID1330,BID2398
CID1330,BID2478
CID1330,BID2799
CID1331,BID124
CID1331,BID1926
CID1331,BID346
CID1332,BID1059
CID1332,BID1970
CID1333,BID1289
CID1333,BID2387
CID1333,BID2628
CID1333,BID2856
CID1333,BID405
CID1333,BID41
CID1333,BID569
CID1334,BID1500
CID1334,BID1521
CID1334,BID1955
CID1334,BID415
CID1335,BID2271
CID1335,BID758
CID1336,BID1158
CID1336,BID2218
CID1337,BID199
CID1337,BID2452
CID1337,BID327
CID1338,BID1186
CID1339,BID144
CID1339,BID2188
CID1339,BID2729
CID1340,BID1342
CID1340,BID1606
CID1340,BID2063
CID1341,BID1350
CID1341,BID1602
CID1341,BID1681
CID1342,BID116
CID1342,BID1808
CID1342,BID2506
CID1343,BID1476
CID1343,BID1568
CID1343,BID1792
CID1343,BID2501
CID1343,BID2755
CID1343,BID437
CID1343,BID704
CID1344,BID1923
CID1345,BID119
CID1345,BID2965
CID1345,BID298
CID1345,BID403
CID1345,BID596
CID1345,BID611
CID1345,BID688
CID1345,BID740
CID1346,BID1536
CID1346,BID253
CID1346,BID969
CID1347,BID1128
CID1347,BID145
CID1347,BID1720
CID1347,BID2131
CID1347,BID2914
CID1347,BID388
CID1347,BID573
CID1347,BID615
CID1347,BID719
CID1348,BID1220
CID1348,BID442
CID1349,BID2028
CID1349,BID2399
CID1350,BID137
CID1351,BID1758
CID1351,BID65
CID1351,BID870
CID1352,BID110
CID1352,BID1103
CID1352,BID1118
CID1352,BID1165
CID1352,BID1749
CID1352,BID2709
CID1352,BID757
CID1352,BID988
CID1353,BID168
CID1353,BID175
CID1353,BID2123
CID1353,BID2409
CID1353,BID2437
CID1353,BID2682
CID1353,BID2714
CID1353,BID283
CID1353,BID845
CID1354,BID2007
CID1354,BID2693
CID1355,BID1979
CID1355,BID631
CID1355,BID7
CID1356,BID1083
CID1356,BID1678
CID1356,BID208
CID1356,BID2402
CID1356,BID593
CID1356,BID610
CID1356,BID647
CID1356,BID819
CID1356,BID822
CID1357,BID1353
CID1357,BID2109
CID1358,BID1168
CID1358,BID2124
CID1358,BID2125
CID1358,BID250
CID1358,BID2589
CID1358,BID770
CID1359,BID2476
CID1359,BID2678
CID1359,BID680
CID1360,BID370
CID1360,BID539
CID1360,BID650
CID1361,BID528
CID1362,BID1032
CID1362,BID1251
CID1362,BID1919
CID1362,BID1923
CID1362,BID2306
CID1362,BID2531
CID1363,BID1317
CID1363,BID1803
CID1363,BID1842
CID1363,BID1957
CID1363,BID217
CID1363,BID380
CID1363,BID467
CID1363,BID543
CID1363,BID760
CID1364,BID2885
CID1364,BID709
CID1365,BID1768
CID1365,BID209
CID1365,BID2370
CID1365,BID2380
CID1365,BID2871
CID1365,BID488
CID1365,BID895
CID1366,BID111
CID1366,BID1124
CID1366,BID1399
CID1366,BID1404
CID1366,BID1443
CID1366,BID2147
CID1366,BID276
CID1366,BID2981
CID1366,BID612
CID1367,BID1161
CID1367,BID1292
CID1367,BID2250
CID1367,BID2295
CID1367,BID2975
CID1367,BID458
CID1368,BID1434
CID1368,BID2710
CID1368,BID622
CID1369,BID2215
CID1370,BID860
CID1371,BID1051
CID1371,BID117
CID1371,BID1491
CID1371,BID2765
CID1371,BID378
CID1372,BID657
CID1373,BID1489
CID1373,BID1664
CID1373,BID1981
CID1373,BID2129
CID1373,BID2479
CID1373,BID2831
CID1373,BID2973
CID1373,BID438
CID1373,BID444
CID1374,BID1216
CID1374,BID1503
CID1374,BID2864
CID1375,BID2959
CID1375,BID930
CID1376,BID1536
CID1376,BID2360
CID1376,BID2976
CID1377,BID1007
CID1377,BID1412
CID1377,BID1920
CID1377,BID2180
CID1377,BID2563
CID1377,BID562
CID1378,BID1593
CID1378,BID2126
CID1378,BID2482
CID1378,BID2707
CID1378,BID2811
CID1378,BID2834
CID1378,BID31
CID1378,BID751
CID1378,BID894
CID1379,BID1564
CID1380,BID1195
CID1380,BID2374
CID1380,BID2708
CID1380,BID2774
CID1380,BID2903
CID1381,BID2550
CID1381,BID78
CID1382,BID138
CID1382,BID836
CID1382,BID909
CID1383,BID1003
CID1383,BID1598
CID1383,BID1830
CID1383,BID2367
CID1383,BID256
CID1383,BID2763
CID1383,BID670
CID1383,BID995
CID1384,BID1708
CID1384,BID1720
CID1384,BID1906
CID1384,BID567
CID1384,BID800
CID1384,BID833
CID1384,BID910
CID1385,BID1757
CID1385,BID2407
CID1386,BID2304
CID1387,BID1182
CID1387,BID1216
CID1387,BID1751
CID1387,BID1944
CID1387,BID2031
CID1387,BID2729
CID1387,BID2854
CID1388,BID758
CID1389,BID1640
CID1389,BID1909
CID1389,BID224
CID1389,BID2271
CID1389,BID2371
CID1389,BID392
CID1389,BID788
CID1389,BID931
CID1390,BID1203
CID1390,BID1592
CID1390,BID1837
CID1390,BID19
CID1390,BID2690
CID1390,BID2699
CID1390,BID362
CID1390,BID592
CID1390,BID878
CID1391,BID1520
CID1391,BID1565
CID1391,BID1572
CID1391,BID1715
CID1391,BID2200
CID1391,BID896
CID1392,BID2592
CID1392,BID2975
CID1393,BID1200
CID1393,BID1391
CID1393,BID1817
CID1393,BID2224
CID1393,BID2853
CID1393,BID764
CID1394,BID1581
CID1395,BID173
CID1395,BID1929
CID1396,BID940
CID1397,BID1458
CID1397,BID501
CID1398,BID1128
CID1398,BID125
CID1398,BID1822
CID1398,BID2673
CID1398,BID272
CID1398,BID2859
CID1398,BID290
CID1398,BID726
CID1398,BID99
CID1399,BID1076
CID1399,BID2203
CID1399,BID2354
CID1400,BID1428
CID1400,BID1625
CID1400,BID1673
CID1400,BID1693
CID1400,BID1873
CID1400,BID472
CID1400,BID71
CID1401,BID2242
CID1401,BID2653
CID1401,BID2747
CID1401,BID2804
CID1401,BID2849
CID1401,BID369
CID1402,BID657
CID1402,BID80
CID1403,BID1038
CID1403,BID2805
CID1404,BID204
CID1404,BID2048
CID1404,BID693
CID1405,BID2029
CID1405,BID2570
CID1405,BID2617
CID1405,BID553
CID1406,BID1134
CID1406,BID1828
CID1406,BID2100
CID1406,BID2416
CID1406,BID609
CID1406,BID856
CID1406,BID874
CID1406,BID931
CID1407,BID1592
CID1407,BID1754
CID1407,BID1848
CID1407,BID2124
CID1407,BID227
CID1407,BID655
CID1407,BID661
CID1407,BID990
CID1408,BID1119
CID1408,BID1325
CID1408,BID2185
CID1408,BID2394
CID1408,BID2428
CID1408,BID2497
CID1408,BID413
CID1408,BID578
CID1408,BID829
CID1409,BID1415
CID1409,BID1417
CID1409,BID19
CID1409,BID2037
CID1409,BID2761
CID1409,BID2819
CID1409,BID403
CID1409,BID63
CID1409,BID748
CID1410,BID1982
CID1411,BID1779
CID1411,BID2559
CID1412,BID2256
CID1413,BID1263
CID1413,BID1957
CID1413,BID2206
CID1413,BID289
CID1413,BID303
CID1413,BID519
CID1413,BID601
CID1413,BID842
CID1413,BID954
CID1414,BID1071
CID1414,BID1368
CID1414,BID199
CID1414,BID2036
CID1414,BID2493
CID1414,BID2849
CID1414,BID2872
CID1414,BID813
CID1415,BID658
CID1416,BID1441
CID1416,BID1479
CID1416,BID2099
CID1416,BID2390
CID1416,BID2726
CID1416,BID483
CID1416,BID630
CID1416,BID671
CID1417,BID447
CID1417,BID740
CID1418,BID2612
CID1418,BID2635
CID1418,BID753
CID1418,BID968
CID1419,BID1236
CID1419,BID1565
CID1420,BID1376
CID1420,BID1768
CID1420,BID2157
CID1420,BID2672
CID1420,BID2767
CID1420,BID298
CID1420,BID618
CID1420,BID706
CID1421,BID1098
CID1421,BID2086
CID1421,BID2633
CID1421,BID299
CID1422,BID797
CID1423,BID227
CID1423,BID84
CID1424,BID1426
CID1424,BID18
CID1424,BID520
CID1425,BID2157
CID1426,BID1999
CID1426,BID2118
CID1426,BID2258
CID1426,BID2625
CID1426,BID585
CID1426,BID792
CID1426,BID796
CID1427,BID1894
CID1427,BID2136
CID1427,BID2272
CID1427,BID2288
CID1427,BID2446
CID1427,BID2452
CID1427,BID34
CID1427,BID341
CID1427,BID46
CID1428,BID877
CID1429,BID120
CID1429,BID1382
CID1429,BID1765
CID1429,BID1918
CID1429,BID2074
CID1429,BID2199
CID1429,BID2260
CID1429,BID2872
CID1429,BID720
CID1430,BID1614
CID1430,BID2611
CID1430,BID746
CID1431,BID1048
CID1431,BID1532
CID1431,BID1949
CID1431,BID2291
CID1431,BID2375
CID1431,BID2678
CID1431,BID2718
CID1431,BID631
CID1431,BID645
CID1432,BID1014
CID1432,BID2597
CID1432,BID570
CID1432,BID62
CID1433,BID1079
CID1433,BID173
CID1433,BID1939
CID1434,BID1114
CID1434,BID1188
CID1434,BID1437
CID1434,BID1764
CID1434,BID35
CID1434,BID440
CID1434,BID474
CID1434,BID69
CID1435,BID1853
CID1435,BID860
CID1436,BID1438
CID1436,BID151
CID1436,BID1754
CID1436,BID2327
CID1436,BID266
CID1436,BID269
CID1436,BID470
CID1436,BID594
CID1437,BID772
CID1438,BID1242
CID1438,BID547
CID1439,BID1570
CID1439,BID2000
CID1440,BID1463
CID1440,BID1558
CID1440,BID1752
CID1440,BID2611
CID1440,BID2728
CID1440,BID465
CID1440,BID619
CID1440,BID756
CID1440,BID769
CID1441,BID1213
CID1441,BID473
CID1441,BID574
CID1442,BID1005
CID1442,BID1055
CID1442,BID2108
CID1443,BID1849
CID1443,BID2563
CID1444,BID1079
CID1444,BID21
CID1444,BID504
CID1444,BID617
CID1444,BID815
CID1445,BID1158
CID1445,BID1649
CID1446,BID698
CID1447,BID1046
CID1447,BID1297
CID1447,BID1784
CID1447,BID3
CID1448,BID1634
CID1448,BID1703
CID1449,BID2147
CID1449,BID236
CID1449,BID281
CID1450,BID2338
CID1451,BID1544
CID1451,BID2107
CID1451,BID2686
CID1452,BID2261
CID1452,BID2791
CID1453,BID2486
CID1453,BID643
CID1454,BID1052
CID1454,BID1730
CID1454,BID1780
CID1454,BID2206
CID1454,BID2249
CID1454,BID2348
CID1455,BID1329
CID1456,BID372
CID1457,BID1350
CID1457,BID1448
CID1457,BID1477
CID1457,BID1546
CID1457,BID1663
CID1457,BID244
CID1457,BID2492
CID1457,BID2621
CID1457,BID863
CID1458,BID398
CID1458,BID876
CID1458,BID904
CID1459,BID1093
CID1459,BID2337
CID1459,BID2395
CID1459,BID2759
CID1459,BID293
CID1459,BID375
CID1459,BID474
CID1459,BID586
CID1459,BID773
CID1460,BID246
CID1460,BID2641
CID1461,BID121
CID1461,BID1473
CID1461,BID1697
CID1461,BID1787
CID1461,BID2582
CID1461,BID640
CID1462,BID1091
CID1462,BID1562
CID1462,BID816
CID1463,BID1416
CID1463,BID1558
CID1463,BID1633
CID1463,BID1687
CID1463,BID2091
CID1463,BID2442
CID1463,BID2883
CID1463,BID540
CID1463,BID929
CID1464,BID1166
CID1464,BID1257
CID1464,BID2000
CID1464,BID2178
CID1464,BID2350
CID1464,BID2755
CID1464,BID2803
CID1464,BID74
CID1464,BID762
CID1465,BID1995
CID1465,BID734
CID1466,BID1054
CID1466,BID2718
CID1466,BID2878
CID1467,BID1588
CID1467,BID1753
CID1467,BID2037
CID1467,BID2628
CID1468,BID1220
CID1468,BID1280
CID1468,BID1321
CID1468,BID2522
CID1468,BID793
CID1468,BID839
CID1468,BID873
CID1468,BID937
CID1469,BID229
CID1470,BID1438
CID1470,BID2508
CID1471,BID2766
CID1471,BID537
CID1472,BID289
CID1473,BID1673
CID1473,BID2840
CID1474,BID2443
CID1474,BID431
CID1475,BID1052
CID1475,BID109
CID1475,BID1209
CID1475,BID1369
CID1475,BID1372
CID1475,BID2711
CID1475,BID2751
CID1475,BID2885
CID1475,BID816
CID1476,BID2162
CID1476,BID2331
CID1477,BID2097
CID1477,BID625
CID1478,BID1218
CID1478,BID2052
CID1478,BID2628
CID1478,BID2799
CID1478,BID302
CID1478,BID477
CID1478,BID55
CID1478,BID821
CID1479,BID736
CID1480,BID1145
CID1480,BID2453
CID1480,BID2848
CID1480,BID643
CID1480,BID660
CID1480,BID676
CID1480,BID856
CID1480,BID943
CID1481,BID2651
CID1481,BID413
CID1482,BID1041
CID1482,BID1411
CID1483,BID271
CID1484,BID1177
CID1484,BID1817
CID1484,BID2212
CID1484,BID477
CID1484,BID882
CID1484,BID930
CID1485,BID1397
CID1485,BID1434
CID1485,BID1473
CID1485,BID1773
CID1485,BID2120
CID1485,BID2927
CID1485,BID596
CID1485,BID631
CID1486,BID1555
CID1486,BID2243
CID1486,BID2474
CID1487,BID1066
CID1487,BID1335
CID1487,BID1699
CID1487,BID2124
CID1487,BID2566
CID1487,BID2822
CID1487,BID2894
CID1487,BID2906
CID1488,BID1272
CID1488,BID1367
CID1488,BID137
CID1488,BID153
CID1488,BID1854
CID1488,BID2246
CID1488,BID2275
CID1488,BID2381
CID1488,BID2435
CID1489,BID1363
CID1489,BID1599
CID1489,BID1730
CID1489,BID200
CID1489,BID2449
CID1489,BID467
CID1489,BID638
CID1490,BID1239
CID1490,BID1422
CID1491,BID1055
CID1491,BID1159
CID1491,BID129
CID1491,BID1452
CID1491,BID1600
CID1491,BID268
CID1491,BID47
CID1491,BID586
CID1491,BID72
CID1492,BID280
CID1492,BID2896
CID1492,BID549
CID1493,BID2788
CID1493,BID711
CID1494,BID1667
CID1494,BID1687
CID1494,BID1745
CID1494,BID1768
CID1494,BID2674
CID1494,BID693
CID1494,BID927
CID1495,BID1453
CID1495,BID847
CID1496,BID598
CID1497,BID1134
CID1497,BID1167
CID1497,BID1172
CID1497,BID1578
CID1497,BID1894
CID1497,BID2803
CID1497,BID559
CID1497,BID562
CID1497,BID664
CID1498,BID1367
CID1498,BID1609
CID1498,BID2063
CID1498,BID2355
CID1498,BID369
CID1499,BID1257
CID1499,BID1723
CID1499,BID1760
CID1499,BID2063
CID1500,BID1930
CID1500,BID2409
