"BID","DID"
"BID538","DID1"
"BID582","DID1"
"BID1134","DID1"
"BID706","DID5"
"BID1388","DID6"
"BID2021","DID6"
"BID1181","DID7"
"BID2975","DID7"
"BID1073","DID11"
"BID1894","DID11"
"BID2291","DID11"
"BID4","DID11"
"BID2514","DID11"
"BID1003","DID12"
"BID701","DID13"
"BID1636","DID13"
"BID2127","DID14"
"BID2762","DID14"
"BID1383","DID15"
"BID607","DID17"
"BID392","DID20"
"BID2746","DID20"
"BID2834","DID24"
"BID1701","DID25"
"BID1722","DID25"
"BID2914","DID25"
"BID2515","DID25"
"BID1672","DID27"
"BID2313","DID27"
"BID2666","DID27"
"BID955","DID28"
"BID1210","DID28"
"BID1687","DID28"
"BID2093","DID28"
"BID1502","DID29"
"BID1986","DID29"
"BID2492","DID29"
"BID292","DID31"
"BID1291","DID31"
"BID1484","DID31"
"BID1756","DID31"
"BID2522","DID33"
"BID1307","DID35"
"BID137","DID37"
"BID678","DID37"
"BID1323","DID37"
"BID2241","DID37"
"BID2074","DID38"
"BID1014","DID42"
"BID868","DID45"
"BID1742","DID45"
"BID315","DID47"
"BID568","DID47"
"BID282","DID49"
"BID2723","DID49"
"BID2834","DID53"
"BID680","DID56"
"BID1351","DID58"
"BID2929","DID58"
"BID1243","DID59"
"BID2497","DID63"
"BID856","DID63"
"BID2781","DID63"
"BID203","DID64"
"BID2901","DID70"
"BID1478","DID71"
"BID2546","DID75"
"BID1075","DID76"
"BID1449","DID76"
"BID1555","DID76"
"BID1587","DID76"
"BID246","DID78"
"BID1162","DID82"
"BID396","DID84"
"BID589","DID84"
"BID1163","DID84"
"BID2632","DID84"
"BID1946","DID85"
"BID625","DID85"
"BID759","DID86"
"BID2180","DID86"
"BID2336","DID88"
"BID1485","DID90"
"BID1894","DID90"
"BID2020","DID90"
"BID2516","DID90"
"BID897","DID94"
"BID1814","DID94"
"BID508","DID97"
"BID267","DID98"
"BID1070","DID98"
"BID2209","DID98"
"BID2434","DID98"
"BID525","DID102"
"BID556","DID102"
"BID1373","DID102"
"BID541","DID102"
"BID1461","DID103"
"BID2711","DID103"
"BID461","DID105"
"BID1652","DID105"
"BID2897","DID106"
"BID2014","DID107"
"BID2478","DID107"
"BID187","DID109"
"BID532","DID109"
"BID720","DID109"
"BID1044","DID111"
"BID1395","DID112"
"BID2502","DID112"
"BID363","DID118"
"BID1175","DID118"
"BID1331","DID118"
"BID1507","DID119"
"BID2185","DID119"
"BID2854","DID119"
"BID30","DID120"
"BID80","DID120"
"BID2014","DID120"
"BID605","DID124"
"BID2168","DID124"
"BID765","DID125"
"BID2794","DID127"
"BID1855","DID128"
"BID667","DID131"
"BID1202","DID131"
"BID2545","DID131"
"BID2777","DID131"
"BID2494","DID132"
"BID1113","DID134"
"BID525","DID139"
"BID556","DID139"
"BID1373","DID139"
"BID516","DID141"
"BID2197","DID142"
"BID655","DID143"
"BID2860","DID143"
"BID2645","DID145"
"BID629","DID146"
"BID2511","DID146"
"BID2176","DID147"
"BID437","DID148"
"BID2302","DID148"
"BID1638","DID148"
"BID1685","DID148"
"BID304","DID148"
"BID1534","DID148"
"BID1784","DID148"
"BID1696","DID150"
"BID1944","DID150"
"BID141","DID151"
"BID707","DID153"
"BID1062","DID153"
"BID1414","DID153"
"BID380","DID157"
"BID622","DID157"
"BID1346","DID157"
"BID1562","DID157"
"BID1802","DID157"
"BID2265","DID157"
"BID838","DID158"
"BID1048","DID158"
"BID2439","DID159"
"BID1383","DID160"
"BID2136","DID161"
"BID2834","DID162"
"BID1650","DID165"
"BID2689","DID165"
"BID2736","DID165"
"BID712","DID167"
"BID600","DID168"
"BID2407","DID168"
"BID2573","DID168"
"BID898","DID172"
"BID1801","DID174"
"BID1353","DID175"
"BID1480","DID175"
"BID2872","DID175"
"BID1978","DID180"
"BID2214","DID180"
"BID393","DID181"
"BID20","DID182"
"BID46","DID182"
"BID396","DID182"
"BID135","DID183"
"BID140","DID185"
"BID648","DID185"
"BID790","DID187"
"BID1891","DID190"
"BID252","DID192"
"BID944","DID194"
"BID2528","DID194"
"BID1373","DID196"
"BID2559","DID196"
"BID2830","DID196"
"BID2876","DID196"
"BID29","DID203"
"BID1898","DID203"
"BID1781","DID203"
"BID1938","DID206"
"BID1652","DID207"
"BID1007","DID207"
"BID1596","DID208"
"BID2407","DID208"
"BID2654","DID208"
"BID114","DID209"
"BID512","DID209"
"BID792","DID209"
"BID1017","DID209"
"BID1047","DID209"
"BID317","DID210"
"BID826","DID210"
"BID2669","DID210"
"BID217","DID211"
"BID1172","DID211"
"BID1283","DID211"
"BID1824","DID211"
"BID1925","DID211"
"BID2504","DID211"
"BID2835","DID211"
"BID2071","DID212"
"BID918","DID214"
"BID941","DID214"
"BID942","DID214"
"BID1087","DID214"
"BID2244","DID214"
"BID2301","DID214"
"BID1164","DID214"
"BID2375","DID214"
"BID133","DID218"
"BID2491","DID218"
"BID856","DID219"
"BID2781","DID219"
"BID8","DID220"
"BID161","DID220"
"BID2704","DID220"
"BID1102","DID220"
"BID1352","DID220"
"BID727","DID220"
"BID1607","DID221"
"BID2481","DID221"
"BID719","DID221"
"BID1509","DID221"
"BID2777","DID221"
"BID666","DID222"
"BID1689","DID222"
"BID1433","DID224"
"BID1855","DID224"
"BID894","DID225"
"BID547","DID228"
"BID1486","DID229"
"BID1680","DID231"
"BID303","DID232"
"BID312","DID232"
"BID1086","DID234"
"BID2214","DID234"
"BID1602","DID235"
"BID2325","DID235"
"BID1252","DID241"
"BID413","DID242"
"BID2546","DID242"
"BID1070","DID242"
"BID1175","DID242"
"BID157","DID244"
"BID718","DID245"
"BID1119","DID245"
"BID1520","DID245"
"BID1934","DID245"
"BID2962","DID245"
"BID2677","DID250"
"BID2357","DID252"
"BID1580","DID252"
"BID954","DID253"
"BID2678","DID253"
"BID1234","DID254"
"BID900","DID255"
"BID2545","DID255"
"BID2083","DID257"
"BID28","DID258"
"BID83","DID263"
"BID2057","DID263"
"BID2319","DID263"
"BID1921","DID265"
"BID14","DID265"
"BID1955","DID268"
"BID2248","DID268"
"BID1313","DID271"
"BID1865","DID271"
"BID2046","DID271"
"BID2511","DID271"
"BID618","DID277"
"BID512","DID278"
"BID950","DID278"
"BID2392","DID278"
"BID2472","DID278"
"BID1491","DID283"
"BID2573","DID283"
"BID1063","DID283"
"BID1535","DID283"
"BID1458","DID284"
"BID1612","DID284"
"BID1079","DID284"
"BID1476","DID285"
"BID2172","DID285"
"BID2335","DID285"
"BID953","DID285"
"BID2622","DID285"
"BID2068","DID286"
"BID2226","DID286"
"BID805","DID288"
"BID128","DID289"
"BID1112","DID289"
"BID1163","DID290"
"BID2073","DID291"
"BID2990","DID291"
"BID2940","DID291"
"BID1617","DID291"
"BID2185","DID292"
"BID2205","DID292"
"BID448","DID294"
"BID1090","DID294"
"BID2049","DID294"
"BID1007","DID294"
"BID900","DID296"
"BID1151","DID296"
"BID1650","DID296"
"BID2594","DID296"
"BID1893","DID297"
"BID178","DID300"
"BID613","DID300"
"BID2458","DID300"
"BID411","DID300"
"BID2539","DID300"
"BID1143","DID302"
"BID1459","DID302"
"BID1595","DID302"
"BID1799","DID302"
"BID2077","DID303"
"BID1521","DID304"
"BID1681","DID306"
"BID664","DID307"
"BID1239","DID307"
"BID464","DID308"
"BID2923","DID308"
"BID1707","DID309"
"BID2365","DID309"
"BID2600","DID310"
"BID89","DID315"
"BID570","DID315"
"BID1276","DID316"
"BID2471","DID317"
"BID1159","DID318"
"BID1973","DID318"
"BID1580","DID320"
"BID204","DID323"
"BID881","DID323"
"BID315","DID323"
"BID568","DID323"
"BID2200","DID324"
"BID1023","DID325"
"BID2280","DID325"
"BID205","DID327"
"BID1297","DID327"
"BID1515","DID327"
"BID377","DID327"
"BID2139","DID327"
"BID1529","DID328"
"BID402","DID331"
"BID608","DID331"
"BID1017","DID331"
"BID1188","DID331"
"BID539","DID336"
"BID1332","DID336"
"BID128","DID338"
"BID388","DID338"
"BID1166","DID338"
"BID1445","DID338"
"BID1521","DID338"
"BID2118","DID338"
"BID1240","DID341"
"BID2008","DID343"
"BID1184","DID344"
"BID2194","DID345"
"BID1117","DID346"
"BID2357","DID346"
"BID2834","DID350"
"BID222","DID353"
"BID818","DID353"
"BID2103","DID354"
"BID2778","DID354"
"BID1007","DID355"
"BID1423","DID355"
"BID1872","DID355"
"BID1680","DID355"
"BID732","DID356"
"BID2845","DID356"
"BID997","DID356"
"BID1906","DID356"
"BID259","DID356"
"BID778","DID356"
"BID2828","DID356"
"BID1652","DID357"
"BID2597","DID360"
"BID41","DID361"
"BID198","DID361"
"BID778","DID361"
"BID869","DID364"
"BID1338","DID364"
"BID1741","DID364"
"BID1419","DID367"
"BID1540","DID367"
"BID1620","DID367"
"BID2394","DID367"
"BID62","DID368"
"BID1159","DID368"
"BID1438","DID368"
"BID2159","DID368"
"BID1309","DID369"
"BID1407","DID369"
"BID612","DID370"
"BID2117","DID370"
"BID2782","DID370"
"BID898","DID371"
"BID1","DID373"
"BID384","DID375"
"BID1917","DID375"
"BID277","DID377"
"BID1502","DID377"
"BID299","DID377"
"BID55","DID379"
"BID223","DID379"
"BID2127","DID379"
"BID1707","DID380"
"BID549","DID380"
"BID2471","DID380"
"BID1414","DID381"
"BID1099","DID386"
"BID2589","DID386"
"BID1952","DID387"
"BID2273","DID389"
"BID993","DID391"
"BID1322","DID391"
"BID136","DID394"
"BID149","DID394"
"BID968","DID396"
"BID1587","DID396"
"BID1073","DID398"
"BID1894","DID398"
"BID2291","DID398"
"BID2465","DID400"
"BID137","DID400"
"BID678","DID400"
"BID1323","DID400"
"BID2241","DID400"
"BID1079","DID402"
"BID1782","DID402"
"BID2634","DID402"
"BID2709","DID402"
"BID765","DID405"
"BID1812","DID406"
"BID280","DID406"
"BID2621","DID406"
"BID2503","DID407"
"BID538","DID409"
"BID884","DID409"
"BID2497","DID410"
"BID2579","DID410"
"BID1476","DID413"
"BID2172","DID413"
"BID2335","DID413"
"BID2290","DID413"
"BID651","DID415"
"BID826","DID415"
"BID1670","DID415"
"BID2800","DID415"
"BID622","DID417"
"BID2745","DID417"
"BID721","DID417"
"BID1833","DID418"
"BID2310","DID418"
"BID350","DID422"
"BID1886","DID422"
"BID2520","DID422"
"BID2063","DID426"
"BID2198","DID426"
"BID717","DID427"
"BID2592","DID427"
"BID43","DID428"
"BID100","DID429"
"BID1582","DID431"
"BID2214","DID431"
"BID1463","DID431"
"BID1613","DID431"
"BID1110","DID431"
"BID1383","DID432"
"BID1941","DID434"
"BID1216","DID437"
"BID2651","DID437"
"BID1794","DID439"
"BID434","DID439"
"BID1424","DID443"
"BID2382","DID446"
"BID2934","DID446"
"BID206","DID446"
"BID284","DID446"
"BID1633","DID446"
"BID1954","DID446"
"BID925","DID447"
"BID1650","DID447"
"BID1673","DID447"
"BID2314","DID449"
"BID657","DID452"
"BID1133","DID452"
"BID854","DID453"
"BID1655","DID460"
"BID1486","DID461"
"BID2335","DID463"
"BID806","DID464"
"BID1114","DID464"
"BID2474","DID464"
"BID2911","DID464"
"BID2213","DID466"
"BID1811","DID468"
"BID1855","DID471"
"BID678","DID475"
"BID750","DID477"
"BID1364","DID477"
"BID847","DID479"
"BID896","DID479"
"BID2767","DID479"
"BID1003","DID480"
"BID1502","DID480"
"BID1986","DID480"
"BID2492","DID480"
"BID907","DID482"
"BID1014","DID482"
"BID2487","DID482"
"BID622","DID483"
"BID2745","DID483"
"BID434","DID486"
"BID1252","DID489"
"BID30","DID490"
"BID13","DID491"
"BID1316","DID492"
"BID2603","DID492"
"BID2966","DID493"
"BID2439","DID494"
"BID136","DID496"
"BID1148","DID496"
"BID805","DID496"
"BID1004","DID496"
"BID440","DID497"
"BID1267","DID497"
"BID1579","DID498"
"BID2538","DID498"
"BID2926","DID498"
"BID1506","DID500"
"BID2814","DID500"
"BID311","DID500"
"BID1198","DID500"
"BID1450","DID501"
"BID1543","DID501"
"BID1855","DID502"
"BID661","DID502"
"BID2532","DID502"
"BID2543","DID502"
"BID2795","DID508"
"BID1369","DID509"
"BID1727","DID509"
"BID1852","DID509"
"BID350","DID514"
"BID1886","DID514"
"BID2520","DID514"
"BID1899","DID517"
"BID1184","DID518"
"BID2720","DID519"
"BID712","DID520"
"BID783","DID520"
"BID371","DID521"
"BID715","DID521"
"BID1155","DID522"
"BID2755","DID522"
"BID1879","DID524"
"BID2071","DID525"
"BID436","DID525"
"BID449","DID525"
"BID704","DID526"
"BID2678","DID526"
"BID114","DID526"
"BID1676","DID526"
"BID1522","DID529"
"BID1506","DID533"
"BID2814","DID533"
"BID367","DID535"
"BID2081","DID535"
"BID975","DID535"
"BID1492","DID535"
"BID1238","DID536"
"BID656","DID536"
"BID2421","DID536"
"BID2754","DID536"
"BID50","DID540"
"BID142","DID540"
"BID2125","DID540"
"BID508","DID547"
"BID1889","DID550"
"BID1612","DID552"
"BID2525","DID552"
"BID2772","DID552"
"BID1696","DID553"
"BID1944","DID553"
"BID2842","DID555"
"BID62","DID556"
"BID1617","DID556"
"BID289","DID556"
"BID706","DID557"
"BID253","DID558"
"BID215","DID558"
"BID977","DID558"
"BID1652","DID559"
"BID228","DID560"
"BID538","DID560"
"BID1196","DID560"
"BID1486","DID560"
"BID47","DID562"
"BID978","DID562"
"BID1459","DID562"
"BID2606","DID562"
"BID942","DID566"
"BID593","DID566"
"BID416","DID567"
"BID2134","DID569"
"BID2580","DID569"
"BID525","DID571"
"BID556","DID571"
"BID1373","DID571"
"BID2017","DID572"
"BID1424","DID573"
"BID147","DID581"
"BID1372","DID581"
"BID2221","DID581"
"BID2272","DID581"
"BID618","DID581"
"BID1133","DID581"
"BID2633","DID586"
"BID519","DID591"
"BID1941","DID592"
"BID2467","DID592"
"BID2561","DID592"
"BID1852","DID594"
"BID2552","DID594"
"BID1930","DID596"
"BID617","DID598"
"BID1036","DID598"
"BID1154","DID598"
"BID1934","DID599"
"BID389","DID603"
"BID868","DID603"
"BID1742","DID603"
"BID1413","DID603"
"BID2146","DID603"
"BID2845","DID603"
"BID1330","DID607"
"BID1847","DID609"
"BID2753","DID613"
"BID387","DID613"
"BID2767","DID615"
"BID550","DID616"
"BID237","DID617"
"BID479","DID617"
"BID2229","DID617"
"BID1941","DID619"
"BID2467","DID619"
"BID2561","DID619"
"BID879","DID622"
"BID589","DID623"
"BID822","DID623"
"BID991","DID623"
"BID194","DID625"
"BID1347","DID626"
"BID271","DID635"
"BID1636","DID635"
"BID2291","DID635"
"BID1551","DID635"
"BID1935","DID635"
"BID2433","DID636"
"BID1465","DID636"
"BID56","DID636"
"BID1308","DID636"
"BID826","DID637"
"BID1636","DID642"
"BID2291","DID642"
"BID1313","DID643"
"BID1712","DID643"
"BID2978","DID643"
"BID721","DID644"
"BID719","DID646"
"BID1509","DID646"
"BID2777","DID646"
"BID946","DID655"
"BID2920","DID655"
"BID105","DID660"
"BID2762","DID660"
"BID40","DID663"
"BID828","DID663"
"BID1586","DID663"
"BID1728","DID663"
"BID1093","DID664"
"BID508","DID664"
"BID765","DID666"
"BID1062","DID666"
"BID919","DID668"
"BID2882","DID668"
"BID291","DID668"
"BID1322","DID669"
"BID2614","DID669"
"BID1116","DID669"
"BID2725","DID669"
"BID2976","DID670"
"BID849","DID673"
"BID2758","DID673"
"BID389","DID674"
"BID415","DID675"
"BID730","DID675"
"BID1675","DID675"
"BID2450","DID675"
"BID2884","DID675"
"BID104","DID675"
"BID131","DID675"
"BID1531","DID675"
"BID1730","DID676"
"BID2690","DID676"
"BID777","DID682"
"BID910","DID682"
"BID2974","DID682"
"BID539","DID686"
"BID1870","DID686"
"BID2533","DID687"
"BID2537","DID687"
"BID2884","DID687"
"BID64","DID687"
"BID1787","DID688"
"BID1371","DID693"
"BID2965","DID693"
"BID913","DID693"
"BID2594","DID693"
"BID2999","DID694"
"BID1120","DID696"
"BID2775","DID696"
"BID184","DID697"
"BID1072","DID697"
"BID436","DID699"
"BID449","DID699"
"BID565","DID700"
"BID1589","DID700"
"BID2357","DID700"
"BID1640","DID700"
"BID2329","DID700"
"BID1508","DID701"
"BID1863","DID701"
"BID1794","DID705"
"BID2745","DID705"
"BID1047","DID706"
"BID1051","DID706"
"BID1059","DID706"
"BID1134","DID706"
"BID1206","DID706"
"BID1675","DID706"
"BID1802","DID706"
"BID508","DID708"
"BID773","DID710"
"BID1314","DID713"
"BID2328","DID713"
"BID863","DID714"
"BID1430","DID714"
"BID2940","DID715"
"BID1277","DID715"
"BID168","DID715"
"BID1432","DID715"
"BID2080","DID715"
"BID847","DID716"
"BID896","DID716"
"BID2767","DID716"
"BID1627","DID716"
"BID194","DID719"
"BID630","DID719"
"BID1941","DID721"
"BID2298","DID721"
"BID2631","DID721"
"BID88","DID721"
"BID2717","DID721"
"BID2994","DID721"
"BID386","DID722"
"BID2540","DID722"
"BID1085","DID730"
"BID2008","DID730"
"BID2937","DID730"
"BID2994","DID730"
"BID1388","DID731"
"BID1351","DID733"
"BID2929","DID733"
"BID396","DID733"
"BID2025","DID733"
"BID1253","DID736"
"BID1519","DID736"
"BID2144","DID736"
"BID98","DID740"
"BID499","DID740"
"BID998","DID741"
"BID2821","DID741"
"BID2873","DID746"
"BID1635","DID748"
"BID657","DID751"
"BID1093","DID752"
"BID17","DID753"
"BID35","DID753"
"BID1327","DID753"
"BID1953","DID753"
"BID2315","DID753"
"BID2422","DID757"
"BID265","DID758"
"BID915","DID758"
"BID41","DID758"
"BID198","DID758"
"BID778","DID758"
"BID865","DID760"
"BID978","DID762"
"BID2377","DID762"
"BID1272","DID763"
"BID70","DID765"
"BID1796","DID765"
"BID2568","DID765"
"BID2952","DID765"
"BID420","DID766"
"BID1179","DID769"
"BID2117","DID770"
"BID2034","DID772"
"BID2204","DID772"
"BID2574","DID773"
"BID1635","DID775"
"BID2860","DID775"
"BID899","DID776"
"BID2622","DID776"
"BID2640","DID776"
"BID97","DID777"
"BID525","DID777"
"BID796","DID777"
"BID891","DID777"
"BID1594","DID777"
"BID1715","DID778"
"BID140","DID778"
"BID648","DID778"
"BID2744","DID779"
"BID1558","DID781"
"BID2325","DID788"
"BID315","DID791"
"BID567","DID791"
"BID2726","DID791"
"BID1708","DID791"
"BID2131","DID791"
"BID199","DID793"
"BID937","DID793"
"BID1619","DID793"
"BID1838","DID794"
"BID2495","DID794"
"BID2843","DID794"
"BID1366","DID797"
"BID1042","DID798"
"BID98","DID800"
"BID499","DID800"
"BID663","DID801"
"BID1252","DID801"
"BID1682","DID801"
"BID2943","DID801"
"BID720","DID802"
"BID960","DID802"
"BID1102","DID802"
"BID1352","DID802"
"BID14","DID804"
"BID2932","DID808"
"BID851","DID809"
"BID2802","DID809"
"BID323","DID810"
"BID677","DID810"
"BID1893","DID810"
"BID2612","DID810"
"BID1995","DID812"
"BID526","DID813"
"BID1098","DID813"
"BID1735","DID813"
"BID1967","DID813"
"BID2242","DID813"
"BID2900","DID813"
"BID2999","DID813"
"BID11","DID816"
"BID856","DID816"
"BID2240","DID816"
"BID228","DID821"
"BID114","DID822"
"BID1676","DID822"
"BID790","DID822"
"BID1849","DID822"
"BID1146","DID823"
"BID677","DID828"
"BID550","DID830"
"BID70","DID832"
"BID2008","DID832"
"BID2064","DID832"
"BID581","DID835"
"BID590","DID836"
"BID1503","DID836"
"BID419","DID837"
"BID1938","DID837"
"BID815","DID840"
"BID1505","DID840"
"BID1774","DID840"
"BID845","DID841"
"BID2817","DID841"
"BID1596","DID841"
"BID2407","DID841"
"BID2072","DID842"
"BID2234","DID842"
"BID2843","DID842"
"BID84","DID845"
"BID163","DID845"
"BID323","DID845"
"BID327","DID845"
"BID2980","DID845"
"BID98","DID847"
"BID1050","DID847"
"BID1753","DID847"
"BID2758","DID847"
"BID39","DID851"
"BID251","DID851"
"BID508","DID851"
"BID2505","DID851"
"BID2647","DID851"
"BID2724","DID851"
"BID1406","DID851"
"BID1187","DID853"
"BID2836","DID853"
"BID2929","DID853"
"BID2955","DID853"
"BID871","DID859"
"BID2615","DID859"
"BID2071","DID861"
"BID1234","DID865"
"BID134","DID865"
"BID1144","DID865"
"BID1450","DID865"
"BID1513","DID865"
"BID765","DID866"
"BID1099","DID867"
"BID2155","DID868"
"BID2852","DID869"
"BID2865","DID869"
"BID1459","DID870"
"BID1526","DID870"
"BID246","DID876"
"BID556","DID876"
"BID1893","DID876"
"BID2951","DID876"
"BID222","DID880"
"BID816","DID880"
"BID1870","DID880"
"BID1848","DID880"
"BID1332","DID882"
"BID2883","DID882"
"BID310","DID882"
"BID2274","DID882"
"BID380","DID883"
"BID622","DID883"
"BID1346","DID883"
"BID1562","DID883"
"BID1802","DID883"
"BID2265","DID883"
"BID2136","DID883"
"BID901","DID885"
"BID2993","DID885"
"BID427","DID886"
"BID862","DID886"
"BID2059","DID886"
"BID12","DID889"
"BID629","DID890"
"BID2511","DID890"
"BID2677","DID891"
"BID508","DID895"
"BID986","DID897"
"BID1090","DID899"
"BID1395","DID899"
"BID1792","DID899"
"BID1065","DID904"
"BID2012","DID904"
"BID1452","DID907"
"BID2098","DID907"
"BID2714","DID907"
"BID2871","DID907"
"BID155","DID909"
"BID2506","DID909"
"BID944","DID911"
"BID2528","DID911"
"BID1093","DID912"
"BID1923","DID913"
"BID2157","DID913"
"BID622","DID913"
"BID631","DID914"
"BID1311","DID914"
"BID1504","DID914"
"BID238","DID915"
"BID1075","DID915"
"BID1267","DID915"
"BID2038","DID915"
"BID2103","DID916"
"BID2778","DID916"
"BID2465","DID916"
"BID2964","DID916"
"BID1334","DID918"
"BID2754","DID918"
"BID1320","DID919"
"BID365","DID919"
"BID2164","DID919"
"BID154","DID922"
"BID671","DID922"
"BID805","DID922"
"BID1102","DID922"
"BID142","DID922"
"BID402","DID922"
"BID1362","DID922"
"BID1247","DID930"
"BID1571","DID930"
"BID1713","DID930"
"BID2609","DID930"
"BID2359","DID933"
"BID700","DID934"
"BID124","DID937"
"BID198","DID939"
"BID1644","DID939"
"BID2768","DID939"
"BID2239","DID943"
"BID2694","DID943"
"BID592","DID944"
"BID2230","DID944"
"BID592","DID945"
"BID751","DID945"
"BID1191","DID947"
"BID412","DID948"
"BID2633","DID948"
"BID1488","DID949"
"BID1521","DID950"
"BID2892","DID950"
"BID1852","DID950"
"BID2350","DID950"
"BID1719","DID954"
"BID2750","DID955"
"BID1006","DID955"
"BID2124","DID955"
"BID617","DID956"
"BID1219","DID956"
"BID277","DID957"
"BID1502","DID957"
"BID2783","DID964"
"BID282","DID964"
"BID982","DID964"
"BID1777","DID964"
"BID136","DID965"
"BID149","DID965"
"BID629","DID966"
"BID2511","DID966"
"BID527","DID966"
"BID1010","DID969"
"BID1826","DID969"
"BID2538","DID969"
"BID2433","DID973"
"BID1113","DID974"
"BID204","DID975"
"BID881","DID975"
"BID1558","DID975"
"BID198","DID976"
"BID499","DID976"
"BID1176","DID976"
"BID1309","DID976"
"BID869","DID976"
"BID1338","DID976"
"BID1741","DID976"
"BID6","DID977"
"BID1525","DID977"
"BID2057","DID977"
"BID1923","DID981"
"BID2157","DID981"
"BID669","DID982"
"BID1090","DID982"
"BID700","DID985"
"BID88","DID986"
"BID2717","DID986"
"BID2994","DID986"
"BID1044","DID987"
"BID1700","DID987"
"BID1776","DID987"
"BID948","DID988"
"BID903","DID988"
"BID2911","DID988"
"BID2750","DID989"
"BID686","DID990"
"BID1215","DID990"
"BID2850","DID990"
"BID181","DID992"
"BID1447","DID992"
"BID2769","DID993"
"BID638","DID993"
"BID857","DID994"
"BID1434","DID994"
"BID1163","DID997"
"BID558","DID1002"
"BID2442","DID1002"
"BID942","DID1004"
"BID590","DID1005"
"BID1027","DID1005"
"BID563","DID1006"
"BID1930","DID1007"
"BID2786","DID1008"
"BID815","DID1008"
"BID1505","DID1008"
"BID1774","DID1008"
"BID412","DID1013"
"BID2633","DID1013"
"BID817","DID1013"
"BID2985","DID1013"
"BID744","DID1019"
"BID1364","DID1019"
"BID1466","DID1019"
"BID1349","DID1021"
"BID2476","DID1021"
"BID253","DID1029"
"BID358","DID1029"
"BID2297","DID1029"
"BID1756","DID1030"
"BID1846","DID1030"
"BID2135","DID1032"
"BID1780","DID1035"
"BID1647","DID1035"
"BID1422","DID1039"
"BID1511","DID1039"
"BID1832","DID1039"
"BID2408","DID1039"
"BID260","DID1039"
"BID1792","DID1039"
"BID2359","DID1041"
"BID290","DID1041"
"BID2565","DID1041"
"BID1491","DID1042"
"BID1183","DID1044"
"BID1233","DID1044"
"BID2817","DID1044"
"BID2958","DID1044"
"BID153","DID1045"
"BID1358","DID1045"
"BID2138","DID1045"
"BID261","DID1046"
"BID1833","DID1048"
"BID2310","DID1048"
"BID1577","DID1048"
"BID1668","DID1048"
"BID2428","DID1051"
"BID2493","DID1051"
"BID2807","DID1051"
"BID1578","DID1051"
"BID2408","DID1052"
"BID1491","DID1053"
"BID2573","DID1053"
"BID1112","DID1059"
"BID1316","DID1059"
"BID2597","DID1061"
"BID31","DID1065"
"BID1669","DID1065"
"BID2669","DID1065"
"BID2826","DID1065"
"BID2964","DID1065"
"BID487","DID1068"
"BID947","DID1068"
"BID625","DID1069"
"BID1374","DID1069"
"BID2601","DID1069"
"BID376","DID1070"
"BID2067","DID1070"
"BID2938","DID1070"
"BID1555","DID1071"
"BID647","DID1071"
"BID864","DID1072"
"BID1590","DID1072"
"BID1737","DID1072"
"BID415","DID1073"
"BID730","DID1073"
"BID1070","DID1073"
"BID1175","DID1073"
"BID655","DID1076"
"BID1313","DID1076"
"BID1712","DID1076"
"BID2978","DID1076"
"BID1285","DID1077"
"BID438","DID1078"
"BID1106","DID1078"
"BID1939","DID1078"
"BID794","DID1080"
"BID2926","DID1080"
"BID2411","DID1080"
"BID723","DID1083"
"BID771","DID1083"
"BID917","DID1083"
"BID681","DID1086"
"BID2328","DID1086"
"BID1060","DID1086"
"BID1554","DID1091"
"BID2292","DID1092"
"BID13","DID1094"
"BID1144","DID1094"
"BID2436","DID1094"
"BID825","DID1096"
"BID2795","DID1096"
"BID2601","DID1096"
"BID1060","DID1096"
"BID1646","DID1096"
"BID2687","DID1096"
"BID1547","DID1096"
"BID2744","DID1096"
"BID2884","DID1096"
"BID2289","DID1098"
"BID187","DID1099"
"BID532","DID1099"
"BID399","DID1099"
"BID661","DID1099"
"BID2251","DID1099"
"BID1118","DID1100"
"BID27","DID1102"
"BID2083","DID1103"
"BID530","DID1105"
"BID876","DID1105"
"BID983","DID1105"
"BID1106","DID1105"
"BID1288","DID1105"
"BID1982","DID1106"
"BID2237","DID1106"
"BID2503","DID1106"
"BID8","DID1108"
"BID161","DID1108"
"BID2704","DID1108"
"BID833","DID1109"
"BID555","DID1109"
"BID1951","DID1109"
"BID1133","DID1111"
"BID1183","DID1111"
"BID1233","DID1111"
"BID2817","DID1111"
"BID2958","DID1111"
"BID749","DID1114"
"BID1980","DID1114"
"BID2923","DID1114"
"BID2343","DID1116"
"BID805","DID1116"
"BID825","DID1118"
"BID649","DID1121"
"BID1083","DID1121"
"BID1186","DID1121"
"BID2767","DID1121"
"BID2962","DID1121"
"BID583","DID1122"
"BID1831","DID1122"
"BID2416","DID1124"
"BID1577","DID1128"
"BID1668","DID1128"
"BID1619","DID1130"
"BID2038","DID1132"
"BID2214","DID1132"
"BID592","DID1134"
"BID2230","DID1134"
"BID997","DID1134"
"BID1588","DID1135"
"BID2251","DID1135"
"BID1170","DID1136"
"BID1891","DID1141"
"BID596","DID1141"
"BID114","DID1142"
"BID512","DID1142"
"BID792","DID1142"
"BID1017","DID1142"
"BID1047","DID1142"
"BID2489","DID1143"
"BID1111","DID1145"
"BID289","DID1148"
"BID491","DID1148"
"BID893","DID1148"
"BID1606","DID1148"
"BID2459","DID1148"
"BID925","DID1148"
"BID1650","DID1148"
"BID1673","DID1148"
"BID678","DID1149"
"BID128","DID1153"
"BID388","DID1153"
"BID1166","DID1153"
"BID1445","DID1153"
"BID1521","DID1153"
"BID2118","DID1153"
"BID1769","DID1153"
"BID2764","DID1153"
"BID2801","DID1153"
"BID1051","DID1155"
"BID2002","DID1155"
"BID2511","DID1155"
"BID69","DID1156"
"BID262","DID1156"
"BID793","DID1156"
"BID1646","DID1156"
"BID977","DID1159"
"BID260","DID1163"
"BID399","DID1163"
"BID1272","DID1163"
"BID2084","DID1163"
"BID1760","DID1166"
"BID2340","DID1166"
"BID978","DID1167"
"BID1635","DID1170"
"BID574","DID1170"
"BID596","DID1170"
"BID1735","DID1170"
"BID2925","DID1171"
"BID718","DID1171"
"BID1119","DID1171"
"BID1520","DID1171"
"BID1934","DID1171"
"BID2962","DID1171"
"BID671","DID1172"
"BID274","DID1174"
"BID1052","DID1174"
"BID187","DID1174"
"BID532","DID1174"
"BID140","DID1174"
"BID648","DID1174"
"BID1167","DID1174"
"BID2301","DID1174"
"BID2446","DID1174"
"BID350","DID1175"
"BID2235","DID1175"
"BID1424","DID1178"
"BID839","DID1181"
"BID2279","DID1181"
"BID55","DID1185"
"BID841","DID1185"
"BID2740","DID1185"
"BID2295","DID1187"
"BID2803","DID1187"
"BID437","DID1191"
"BID2302","DID1191"
"BID348","DID1191"
"BID469","DID1191"
"BID938","DID1191"
"BID1194","DID1191"
"BID2463","DID1191"
"BID2353","DID1192"
"BID2699","DID1192"
"BID2860","DID1192"
"BID1862","DID1196"
"BID605","DID1196"
"BID2168","DID1196"
"BID1847","DID1198"
"BID772","DID1199"
"BID1535","DID1199"
"BID563","DID1201"
"BID629","DID1201"
"BID435","DID1202"
"BID2252","DID1202"
"BID278","DID1204"
"BID1769","DID1204"
"BID2103","DID1205"
"BID2778","DID1205"
"BID310","DID1206"
"BID2747","DID1206"
"BID1995","DID1208"
"BID320","DID1209"
"BID891","DID1209"
"BID732","DID1209"
"BID2845","DID1209"
"BID83","DID1210"
"BID2057","DID1210"
"BID2290","DID1211"
"BID2850","DID1213"
"BID833","DID1216"
"BID40","DID1217"
"BID318","DID1217"
"BID1337","DID1217"
"BID1181","DID1219"
"BID2975","DID1219"
"BID2155","DID1220"
"BID31","DID1220"
"BID20","DID1220"
"BID476","DID1223"
"BID1459","DID1225"
"BID1526","DID1225"
"BID784","DID1227"
"BID1179","DID1228"
"BID76","DID1229"
"BID598","DID1229"
"BID2651","DID1229"
"BID88","DID1230"
"BID2037","DID1230"
"BID2333","DID1230"
"BID835","DID1230"
"BID1310","DID1230"
"BID2533","DID1230"
"BID617","DID1232"
"BID960","DID1232"
"BID2218","DID1232"
"BID788","DID1233"
"BID2276","DID1233"
"BID2462","DID1233"
"BID2767","DID1233"
"BID1837","DID1234"
"BID2343","DID1237"
"BID2526","DID1245"
"BID2802","DID1245"
"BID275","DID1247"
"BID385","DID1247"
"BID2683","DID1251"
"BID470","DID1252"
"BID2998","DID1252"
"BID1007","DID1253"
"BID1515","DID1253"
"BID2161","DID1253"
"BID2790","DID1253"
"BID527","DID1253"
"BID586","DID1254"
"BID806","DID1254"
"BID994","DID1254"
"BID1074","DID1254"
"BID150","DID1254"
"BID263","DID1254"
"BID2302","DID1255"
"BID259","DID1255"
"BID1643","DID1255"
"BID581","DID1256"
"BID1937","DID1260"
"BID2184","DID1260"
"BID2897","DID1260"
"BID1900","DID1261"
"BID2610","DID1261"
"BID2788","DID1261"
"BID1295","DID1261"
"BID2991","DID1263"
"BID1234","DID1263"
"BID978","DID1265"
"BID2377","DID1265"
"BID1444","DID1268"
"BID2844","DID1272"
"BID2941","DID1272"
"BID2185","DID1272"
"BID2205","DID1272"
"BID895","DID1275"
"BID218","DID1275"
"BID1719","DID1275"
"BID2340","DID1275"
"BID1331","DID1278"
"BID1617","DID1278"
"BID2788","DID1278"
"BID2821","DID1278"
"BID2068","DID1279"
"BID2943","DID1279"
"BID2295","DID1282"
"BID2803","DID1282"
"BID275","DID1283"
"BID385","DID1283"
"BID831","DID1284"
"BID1699","DID1284"
"BID2526","DID1284"
"BID1085","DID1289"
"BID2008","DID1289"
"BID2937","DID1289"
"BID2994","DID1289"
"BID631","DID1290"
"BID436","DID1293"
"BID1530","DID1293"
"BID1652","DID1293"
"BID2494","DID1297"
"BID1952","DID1298"
"BID1976","DID1299"
"BID1120","DID1299"
"BID2328","DID1299"
"BID461","DID1300"
"BID347","DID1300"
"BID1027","DID1300"
"BID2322","DID1301"
"BID432","DID1304"
"BID2402","DID1304"
"BID124","DID1306"
"BID1321","DID1306"
"BID2444","DID1306"
"BID2889","DID1306"
"BID1851","DID1307"
"BID923","DID1307"
"BID2239","DID1308"
"BID2694","DID1308"
"BID589","DID1308"
"BID822","DID1308"
"BID991","DID1308"
"BID2187","DID1310"
"BID104","DID1311"
"BID131","DID1311"
"BID1531","DID1311"
"BID894","DID1312"
"BID1419","DID1314"
"BID2007","DID1314"
"BID117","DID1315"
"BID366","DID1316"
"BID2082","DID1316"
"BID2224","DID1316"
"BID1731","DID1316"
"BID304","DID1316"
"BID1534","DID1316"
"BID1784","DID1316"
"BID744","DID1316"
"BID282","DID1318"
"BID2186","DID1318"
"BID997","DID1319"
"BID1906","DID1319"
"BID261","DID1321"
"BID649","DID1322"
"BID1083","DID1322"
"BID1186","DID1322"
"BID2767","DID1322"
"BID2962","DID1322"
"BID1276","DID1322"
"BID254","DID1323"
"BID1871","DID1323"
"BID2009","DID1325"
"BID42","DID1325"
"BID2365","DID1327"
"BID1491","DID1328"
"BID2573","DID1328"
"BID731","DID1328"
"BID406","DID1329"
"BID1767","DID1333"
"BID1974","DID1333"
"BID2959","DID1333"
"BID2348","DID1336"
"BID118","DID1338"
"BID137","DID1338"
"BID1316","DID1341"
"BID2603","DID1341"
"BID1372","DID1342"
"BID2797","DID1342"
"BID1690","DID1343"
"BID286","DID1344"
"BID403","DID1344"
"BID681","DID1347"
"BID2328","DID1347"
"BID1891","DID1348"
"BID1336","DID1352"
"BID2790","DID1352"
"BID2962","DID1352"
"BID542","DID1353"
"BID232","DID1354"
"BID329","DID1354"
"BID2444","DID1354"
"BID1602","DID1355"
"BID2325","DID1355"
"BID753","DID1355"
"BID1069","DID1355"
"BID6","DID1356"
"BID1525","DID1356"
"BID2057","DID1356"
"BID2781","DID1359"
"BID2791","DID1359"
"BID538","DID1360"
"BID1646","DID1363"
"BID1968","DID1363"
"BID953","DID1364"
"BID1761","DID1364"
"BID2053","DID1364"
"BID816","DID1365"
"BID1421","DID1365"
"BID1528","DID1365"
"BID1654","DID1365"
"BID2923","DID1365"
"BID587","DID1365"
"BID1857","DID1365"
"BID2800","DID1365"
"BID222","DID1366"
"BID818","DID1366"
"BID361","DID1367"
"BID1206","DID1367"
"BID1684","DID1367"
"BID1854","DID1367"
"BID1878","DID1367"
"BID1794","DID1368"
"BID2745","DID1368"
"BID1700","DID1370"
"BID1776","DID1370"
"BID537","DID1372"
"BID744","DID1374"
"BID1769","DID1375"
"BID2764","DID1375"
"BID2801","DID1375"
"BID18","DID1376"
"BID2844","DID1376"
"BID2869","DID1376"
"BID2494","DID1377"
"BID206","DID1377"
"BID284","DID1377"
"BID1633","DID1377"
"BID1954","DID1377"
"BID1890","DID1378"
"BID2049","DID1380"
"BID2065","DID1380"
"BID227","DID1380"
"BID2543","DID1380"
"BID613","DID1381"
"BID1013","DID1381"
"BID2990","DID1381"
"BID1709","DID1381"
"BID1519","DID1382"
"BID1930","DID1383"
"BID2402","DID1383"
"BID201","DID1385"
"BID1324","DID1385"
"BID2045","DID1385"
"BID2844","DID1385"
"BID545","DID1385"
"BID1830","DID1385"
"BID1485","DID1387"
"BID1894","DID1387"
"BID2463","DID1387"
"BID812","DID1388"
"BID1110","DID1388"
"BID1306","DID1389"
"BID2038","DID1392"
"BID76","DID1392"
"BID1325","DID1394"
"BID2448","DID1394"
"BID354","DID1394"
"BID1247","DID1394"
"BID1962","DID1394"
"BID2736","DID1394"
"BID1801","DID1394"
"BID2113","DID1396"
"BID1794","DID1400"
"BID2745","DID1400"
"BID859","DID1400"
"BID1277","DID1403"
"BID133","DID1406"
"BID2491","DID1406"
"BID197","DID1407"
"BID1825","DID1407"
"BID2108","DID1407"
"BID637","DID1408"
"BID868","DID1408"
"BID1378","DID1408"
"BID759","DID1409"
"BID1260","DID1414"
"BID476","DID1417"
"BID2773","DID1417"
"BID1521","DID1418"
"BID2892","DID1418"
"BID86","DID1421"
"BID1494","DID1421"
"BID1934","DID1421"
"BID658","DID1421"
"BID1381","DID1427"
"BID2159","DID1427"
"BID1008","DID1427"
"BID1705","DID1427"
"BID2729","DID1427"
"BID2979","DID1427"
"BID2601","DID1428"
"BID2702","DID1429"
"BID583","DID1430"
"BID355","DID1432"
"BID1247","DID1434"
"BID1571","DID1434"
"BID411","DID1434"
"BID732","DID1434"
"BID2126","DID1434"
"BID1171","DID1435"
"BID1294","DID1435"
"BID2540","DID1438"
"BID2633","DID1438"
"BID2976","DID1440"
"BID1113","DID1445"
"BID1652","DID1448"
"BID2538","DID1451"
"BID885","DID1455"
"BID1626","DID1455"
"BID1958","DID1455"
"BID2538","DID1457"
"BID420","DID1457"
"BID70","DID1458"
"BID2008","DID1458"
"BID2064","DID1458"
"BID667","DID1459"
"BID362","DID1460"
"BID642","DID1461"
"BID736","DID1461"
"BID1235","DID1461"
"BID1774","DID1461"
"BID1756","DID1464"
"BID1846","DID1464"
"BID2373","DID1464"
"BID16","DID1466"
"BID1115","DID1466"
"BID833","DID1468"
"BID2125","DID1468"
"BID1954","DID1468"
"BID538","DID1470"
"BID582","DID1470"
"BID1134","DID1470"
"BID20","DID1471"
"BID46","DID1471"
"BID396","DID1471"
"BID758","DID1471"
"BID2879","DID1471"
"BID2881","DID1471"
"BID1201","DID1474"
"BID2575","DID1474"
"BID1128","DID1479"
"BID1410","DID1479"
"BID1612","DID1479"
"BID900","DID1482"
"BID1151","DID1482"
"BID1650","DID1482"
"BID2594","DID1482"
"BID502","DID1483"
"BID1542","DID1483"
"BID2345","DID1483"
"BID271","DID1485"
"BID1766","DID1490"
"BID1703","DID1491"
"BID819","DID1493"
"BID1525","DID1493"
"BID2420","DID1493"
"BID2743","DID1493"
"BID1450","DID1496"
"BID1450","DID1497"
"BID2393","DID1497"
"BID4","DID1497"
"BID2514","DID1497"
"BID128","DID1498"
"BID388","DID1498"
"BID1166","DID1498"
"BID1445","DID1498"
"BID1521","DID1498"
"BID2118","DID1498"
"BID2650","DID1499"
"BID986","DID1499"
"BID706","DID1505"
"BID323","DID1507"
"BID677","DID1507"
"BID1893","DID1507"
"BID2612","DID1507"
"BID2458","DID1510"
"BID1269","DID1510"
"BID1525","DID1510"
"BID1259","DID1511"
"BID1574","DID1511"
"BID234","DID1513"
"BID2766","DID1513"
"BID751","DID1515"
"BID1639","DID1515"
"BID2346","DID1517"
"BID1373","DID1519"
"BID2559","DID1519"
"BID2830","DID1519"
"BID2876","DID1519"
"BID148","DID1521"
"BID2615","DID1521"
"BID1065","DID1527"
"BID2012","DID1527"
"BID2579","DID1531"
"BID1722","DID1532"
"BID1768","DID1532"
"BID5","DID1532"
"BID334","DID1532"
"BID1661","DID1532"
"BID2976","DID1534"
"BID48","DID1535"
"BID1541","DID1535"
"BID1654","DID1535"
"BID1755","DID1535"
"BID2339","DID1535"
"BID879","DID1537"
"BID278","DID1540"
"BID1769","DID1540"
"BID2612","DID1543"
"BID2225","DID1544"
"BID2266","DID1544"
"BID581","DID1545"
"BID1099","DID1548"
"BID2497","DID1552"
"BID1133","DID1552"
"BID1163","DID1552"
"BID617","DID1553"
"BID1219","DID1553"
"BID1329","DID1557"
"BID1935","DID1557"
"BID2940","DID1558"
"BID1829","DID1558"
"BID2009","DID1562"
"BID476","DID1564"
"BID2773","DID1564"
"BID1183","DID1565"
"BID1233","DID1565"
"BID2817","DID1565"
"BID2958","DID1565"
"BID2286","DID1565"
"BID370","DID1565"
"BID1937","DID1565"
"BID205","DID1566"
"BID1297","DID1566"
"BID1515","DID1566"
"BID1331","DID1567"
"BID1617","DID1567"
"BID2788","DID1567"
"BID2821","DID1567"
"BID128","DID1575"
"BID1112","DID1575"
"BID40","DID1575"
"BID318","DID1575"
"BID1337","DID1575"
"BID1198","DID1577"
"BID1138","DID1581"
"BID20","DID1582"
"BID46","DID1582"
"BID396","DID1582"
"BID1730","DID1582"
"BID2690","DID1582"
"BID1337","DID1583"
"BID989","DID1584"
"BID1253","DID1587"
"BID1519","DID1587"
"BID1180","DID1593"
"BID1086","DID1596"
"BID2214","DID1596"
"BID1008","DID1596"
"BID1705","DID1596"
"BID2729","DID1596"
"BID2979","DID1596"
"BID738","DID1597"
"BID2689","DID1597"
"BID333","DID1598"
"BID1233","DID1598"
"BID2499","DID1598"
"BID868","DID1599"
"BID1378","DID1599"
"BID269","DID1603"
"BID1713","DID1603"
"BID1909","DID1603"
"BID1378","DID1604"
"BID1283","DID1604"
"BID1824","DID1604"
"BID1925","DID1604"
"BID2504","DID1604"
"BID2835","DID1604"
"BID63","DID1605"
"BID484","DID1605"
"BID1709","DID1608"
"BID2282","DID1608"
"BID2978","DID1608"
"BID1184","DID1609"
"BID1982","DID1610"
"BID2722","DID1610"
"BID692","DID1610"
"BID930","DID1610"
"BID2818","DID1610"
"BID555","DID1613"
"BID1527","DID1613"
"BID61","DID1614"
"BID1327","DID1614"
"BID1309","DID1617"
"BID2871","DID1617"
"BID377","DID1617"
"BID769","DID1617"
"BID55","DID1619"
"BID841","DID1619"
"BID2740","DID1619"
"BID1135","DID1619"
"BID1692","DID1619"
"BID759","DID1622"
"BID1253","DID1625"
"BID1519","DID1625"
"BID1446","DID1625"
"BID2261","DID1625"
"BID2480","DID1625"
"BID2838","DID1625"
"BID1388","DID1630"
"BID841","DID1631"
"BID904","DID1631"
"BID1937","DID1631"
"BID315","DID1631"
"BID568","DID1631"
"BID1255","DID1632"
"BID2109","DID1632"
"BID2592","DID1632"
"BID1716","DID1633"
"BID2218","DID1638"
"BID2872","DID1639"
"BID265","DID1641"
"BID915","DID1641"
"BID700","DID1643"
"BID2080","DID1643"
"BID2497","DID1643"
"BID2148","DID1648"
"BID2201","DID1648"
"BID2350","DID1648"
"BID1971","DID1648"
"BID198","DID1652"
"BID868","DID1654"
"BID1742","DID1654"
"BID3","DID1655"
"BID2883","DID1655"
"BID1259","DID1655"
"BID1574","DID1655"
"BID1577","DID1655"
"BID1158","DID1656"
"BID1644","DID1656"
"BID793","DID1657"
"BID2135","DID1657"
"BID2264","DID1657"
"BID1790","DID1659"
"BID2103","DID1661"
"BID2778","DID1661"
"BID434","DID1664"
"BID2533","DID1665"
"BID2537","DID1665"
"BID2884","DID1665"
"BID2579","DID1667"
"BID919","DID1667"
"BID1186","DID1667"
"BID724","DID1667"
"BID1035","DID1667"
"BID2852","DID1672"
"BID1351","DID1672"
"BID2929","DID1672"
"BID826","DID1674"
"BID453","DID1675"
"BID1804","DID1675"
"BID88","DID1676"
"BID2717","DID1676"
"BID2994","DID1676"
"BID995","DID1678"
"BID1269","DID1678"
"BID2928","DID1678"
"BID55","DID1678"
"BID841","DID1678"
"BID2740","DID1678"
"BID2052","DID1679"
"BID2166","DID1679"
"BID2605","DID1679"
"BID2702","DID1682"
"BID1476","DID1682"
"BID2172","DID1682"
"BID2335","DID1682"
"BID700","DID1684"
"BID1968","DID1685"
"BID1572","DID1686"
"BID2601","DID1686"
"BID1145","DID1686"
"BID1419","DID1689"
"BID2007","DID1689"
"BID56","DID1690"
"BID810","DID1690"
"BID2469","DID1690"
"BID1241","DID1690"
"BID2073","DID1691"
"BID2990","DID1691"
"BID2179","DID1693"
"BID2480","DID1693"
"BID646","DID1695"
"BID1536","DID1697"
"BID2946","DID1697"
"BID2683","DID1697"
"BID1790","DID1700"
"BID15","DID1701"
"BID1448","DID1701"
"BID2282","DID1701"
"BID40","DID1702"
"BID318","DID1702"
"BID1337","DID1702"
"BID146","DID1703"
"BID873","DID1703"
"BID2008","DID1703"
"BID2621","DID1703"
"BID2698","DID1703"
"BID2614","DID1704"
"BID1330","DID1704"
"BID1284","DID1706"
"BID1910","DID1706"
"BID1110","DID1711"
"BID1331","DID1713"
"BID1617","DID1713"
"BID2788","DID1713"
"BID2821","DID1713"
"BID423","DID1714"
"BID1101","DID1714"
"BID1684","DID1714"
"BID1613","DID1715"
"BID2118","DID1716"
"BID854","DID1717"
"BID2822","DID1717"
"BID411","DID1717"
"BID732","DID1717"
"BID2126","DID1717"
"BID885","DID1718"
"BID1686","DID1719"
"BID1006","DID1725"
"BID2124","DID1725"
"BID2334","DID1726"
"BID87","DID1727"
"BID616","DID1727"
"BID1617","DID1727"
"BID2571","DID1727"
"BID383","DID1728"
"BID497","DID1728"
"BID920","DID1728"
"BID1765","DID1728"
"BID1997","DID1728"
"BID508","DID1729"
"BID711","DID1735"
"BID2306","DID1735"
"BID666","DID1737"
"BID1689","DID1737"
"BID70","DID1739"
"BID2008","DID1739"
"BID2064","DID1739"
"BID367","DID1741"
"BID2081","DID1741"
"BID1794","DID1746"
"BID1669","DID1749"
"BID2015","DID1749"
"BID2489","DID1749"
"BID1824","DID1749"
"BID519","DID1750"
"BID1234","DID1751"
"BID1709","DID1756"
"BID842","DID1758"
"BID2810","DID1758"
"BID1057","DID1759"
"BID1118","DID1759"
"BID1237","DID1759"
"BID1754","DID1759"
"BID2985","DID1760"
"BID767","DID1760"
"BID11","DID1761"
"BID856","DID1761"
"BID2240","DID1761"
"BID2373","DID1766"
"BID2633","DID1766"
"BID1211","DID1767"
"BID1649","DID1767"
"BID1829","DID1767"
"BID539","DID1767"
"BID2742","DID1767"
"BID2208","DID1768"
"BID28","DID1769"
"BID2018","DID1771"
"BID1232","DID1771"
"BID2592","DID1773"
"BID377","DID1774"
"BID769","DID1774"
"BID61","DID1774"
"BID1612","DID1774"
"BID1919","DID1774"
"BID2609","DID1774"
"BID1751","DID1777"
"BID2106","DID1778"
"BID2962","DID1778"
"BID2982","DID1778"
"BID199","DID1781"
"BID937","DID1781"
"BID1619","DID1781"
"BID219","DID1782"
"BID677","DID1782"
"BID57","DID1783"
"BID2167","DID1783"
"BID1709","DID1785"
"BID1040","DID1786"
"BID1258","DID1786"
"BID2766","DID1788"
"BID631","DID1788"
"BID1311","DID1788"
"BID1504","DID1788"
"BID1693","DID1789"
"BID499","DID1790"
"BID217","DID1790"
"BID1172","DID1790"
"BID173","DID1792"
"BID1135","DID1796"
"BID770","DID1797"
"BID1021","DID1797"
"BID2466","DID1797"
"BID2956","DID1797"
"BID278","DID1798"
"BID419","DID1798"
"BID131","DID1799"
"BID1944","DID1799"
"BID2645","DID1800"
"BID198","DID1803"
"BID499","DID1803"
"BID1176","DID1803"
"BID1309","DID1803"
"BID865","DID1803"
"BID1124","DID1803"
"BID1446","DID1803"
"BID2382","DID1809"
"BID635","DID1810"
"BID556","DID1811"
"BID1893","DID1811"
"BID2951","DID1811"
"BID1521","DID1815"
"BID1649","DID1817"
"BID2489","DID1819"
"BID1700","DID1819"
"BID1776","DID1819"
"BID901","DID1822"
"BID947","DID1822"
"BID2871","DID1822"
"BID198","DID1823"
"BID1006","DID1826"
"BID2124","DID1826"
"BID619","DID1828"
"BID1643","DID1828"
"BID2190","DID1828"
"BID997","DID1832"
"BID1906","DID1832"
"BID995","DID1833"
"BID1269","DID1833"
"BID2928","DID1833"
"BID114","DID1835"
"BID1676","DID1835"
"BID1184","DID1839"
"BID1647","DID1844"
"BID2834","DID1845"
"BID2282","DID1846"
"BID600","DID1848"
"BID2407","DID1848"
"BID2573","DID1848"
"BID637","DID1849"
"BID2503","DID1849"
"BID1281","DID1851"
"BID629","DID1852"
"BID2511","DID1852"
"BID571","DID1852"
"BID2184","DID1852"
"BID1400","DID1855"
"BID807","DID1855"
"BID1831","DID1855"
"BID1848","DID1855"
"BID1577","DID1856"
"BID369","DID1857"
"BID2107","DID1857"
"BID2481","DID1857"
"BID18","DID1859"
"BID303","DID1859"
"BID1658","DID1859"
"BID646","DID1862"
"BID1031","DID1862"
"BID1997","DID1862"
"BID2068","DID1862"
"BID2673","DID1862"
"BID426","DID1863"
"BID611","DID1863"
"BID2951","DID1863"
"BID128","DID1866"
"BID933","DID1866"
"BID738","DID1867"
"BID2689","DID1867"
"BID562","DID1868"
"BID977","DID1868"
"BID1639","DID1868"
"BID2357","DID1868"
"BID1079","DID1871"
"BID1782","DID1871"
"BID2634","DID1871"
"BID2709","DID1871"
"BID612","DID1871"
"BID2117","DID1871"
"BID2782","DID1871"
"BID628","DID1871"
"BID1429","DID1871"
"BID1595","DID1871"
"BID2626","DID1871"
"BID2813","DID1871"
"BID1881","DID1873"
"BID1555","DID1878"
"BID1057","DID1880"
"BID1118","DID1880"
"BID1237","DID1880"
"BID1754","DID1880"
"BID2877","DID1881"
"BID2960","DID1881"
"BID836","DID1881"
"BID1624","DID1881"
"BID380","DID1882"
"BID622","DID1882"
"BID1346","DID1882"
"BID1562","DID1882"
"BID1802","DID1882"
"BID2265","DID1882"
"BID1568","DID1882"
"BID2918","DID1882"
"BID2928","DID1882"
"BID307","DID1883"
"BID1050","DID1883"
"BID1984","DID1884"
"BID2769","DID1885"
"BID863","DID1886"
"BID1430","DID1886"
"BID730","DID1888"
"BID1533","DID1888"
"BID1486","DID1892"
"BID1812","DID1892"
"BID1450","DID1893"
"BID2142","DID1893"
"BID200","DID1895"
"BID413","DID1895"
"BID2234","DID1895"
"BID581","DID1896"
"BID556","DID1896"
"BID1893","DID1896"
"BID2951","DID1896"
"BID2226","DID1897"
"BID2977","DID1897"
"BID1934","DID1897"
"BID2112","DID1899"
"BID2613","DID1899"
"BID1679","DID1899"
"BID861","DID1900"
"BID1261","DID1900"
"BID1320","DID1902"
"BID89","DID1902"
"BID623","DID1902"
"BID2006","DID1902"
"BID2683","DID1902"
"BID1737","DID1903"
"BID2136","DID1905"
"BID2618","DID1905"
"BID861","DID1908"
"BID2526","DID1908"
"BID2971","DID1908"
"BID2313","DID1912"
"BID1238","DID1915"
"BID2253","DID1917"
"BID2920","DID1917"
"BID527","DID1917"
"BID383","DID1918"
"BID898","DID1919"
"BID416","DID1919"
"BID409","DID1921"
"BID2427","DID1921"
"BID1577","DID1921"
"BID8","DID1924"
"BID2126","DID1924"
"BID622","DID1925"
"BID269","DID1926"
"BID1713","DID1926"
"BID1909","DID1926"
"BID805","DID1926"
"BID1004","DID1926"
"BID979","DID1928"
"BID1336","DID1928"
"BID2817","DID1928"
"BID2253","DID1929"
"BID2920","DID1929"
"BID1921","DID1931"
"BID618","DID1933"
"BID169","DID1936"
"BID399","DID1942"
"BID661","DID1942"
"BID2251","DID1942"
"BID84","DID1943"
"BID163","DID1943"
"BID323","DID1943"
"BID327","DID1943"
"BID2980","DID1943"
"BID567","DID1945"
"BID919","DID1945"
"BID2747","DID1945"
"BID1498","DID1945"
"BID1847","DID1946"
"BID291","DID1946"
"BID2176","DID1949"
"BID2636","DID1949"
"BID703","DID1950"
"BID2963","DID1950"
"BID2783","DID1954"
"BID562","DID1954"
"BID1910","DID1954"
"BID861","DID1956"
"BID1042","DID1956"
"BID704","DID1956"
"BID1175","DID1956"
"BID1387","DID1957"
"BID1388","DID1959"
"BID2021","DID1959"
"BID2373","DID1959"
"BID1010","DID1962"
"BID2578","DID1962"
"BID50","DID1962"
"BID142","DID1962"
"BID323","DID1967"
"BID677","DID1967"
"BID1893","DID1967"
"BID2612","DID1967"
"BID2804","DID1970"
"BID2965","DID1970"
"BID968","DID1973"
"BID1587","DID1973"
"BID1065","DID1975"
"BID2012","DID1975"
"BID370","DID1975"
"BID1937","DID1975"
"BID1572","DID1977"
"BID575","DID1978"
"BID1038","DID1980"
"BID618","DID1981"
"BID1458","DID1982"
"BID1612","DID1982"
"BID1180","DID1983"
"BID1853","DID1985"
"BID2059","DID1985"
"BID2281","DID1985"
"BID1640","DID1987"
"BID2329","DID1987"
"BID719","DID1992"
"BID1509","DID1992"
"BID2777","DID1992"
"BID835","DID1993"
"BID1310","DID1993"
"BID2533","DID1993"
"BID1215","DID1993"
"BID1557","DID1993"
"BID739","DID1995"
"BID752","DID1995"
"BID1224","DID1995"
"BID1269","DID1995"
"BID1395","DID1997"
"BID2502","DID1997"
"BID619","DID1998"
"BID1643","DID1998"
"BID2190","DID1998"
"BID31","DID1999"
"BID1669","DID1999"
"BID2669","DID1999"
"BID2826","DID1999"
"BID2964","DID1999"
"BID2646","DID1999"
"BID41","DID2000"
"BID198","DID2000"
"BID778","DID2000"
"BID512","DID2001"
"BID950","DID2001"
"BID2392","DID2001"
"BID2472","DID2001"
"BID581","DID2002"
"BID1649","DID2004"
"BID515","DID2005"
"BID1602","DID2005"
"BID2281","DID2005"
"BID884","DID2005"
"BID2507","DID2005"
"BID237","DID2007"
"BID426","DID2007"
"BID1160","DID2007"
"BID2695","DID2008"
"BID1790","DID2008"
"BID1102","DID2010"
"BID1352","DID2010"
"BID82","DID2011"
"BID1009","DID2011"
"BID573","DID2016"
"BID940","DID2016"
"BID1217","DID2016"
"BID445","DID2017"
"BID1987","DID2017"
"BID1130","DID2018"
"BID2142","DID2018"
"BID2820","DID2018"
"BID1605","DID2019"
"BID2997","DID2019"
"BID2761","DID2019"
"BID607","DID2020"
"BID259","DID2020"
"BID1643","DID2020"
"BID416","DID2025"
"BID773","DID2025"
"BID1446","DID2025"
"BID492","DID2026"
"BID1966","DID2026"
"BID128","DID2026"
"BID388","DID2026"
"BID1166","DID2026"
"BID1445","DID2026"
"BID1521","DID2026"
"BID2118","DID2026"
"BID1638","DID2031"
"BID1685","DID2031"
"BID516","DID2032"
"BID2714","DID2032"
"BID1686","DID2032"
"BID1760","DID2034"
"BID2340","DID2034"
"BID1760","DID2038"
"BID2340","DID2038"
"BID519","DID2039"
"BID2750","DID2039"
"BID1733","DID2043"
"BID2033","DID2043"
"BID765","DID2044"
"BID649","DID2051"
"BID1814","DID2051"
"BID2712","DID2051"
"BID2481","DID2053"
"BID840","DID2053"
"BID961","DID2053"
"BID188","DID2054"
"BID320","DID2054"
"BID2247","DID2054"
"BID2639","DID2054"
"BID1130","DID2055"
"BID2142","DID2055"
"BID2820","DID2055"
"BID1543","DID2057"
"BID2484","DID2057"
"BID2723","DID2057"
"BID1434","DID2061"
"BID1803","DID2061"
"BID899","DID2064"
"BID2622","DID2064"
"BID2640","DID2064"
"BID848","DID2065"
"BID48","DID2071"
"BID1541","DID2071"
"BID1654","DID2071"
"BID1755","DID2071"
"BID2339","DID2071"
"BID1536","DID2073"
"BID2946","DID2073"
"BID188","DID2075"
"BID320","DID2075"
"BID2247","DID2075"
"BID2639","DID2075"
"BID1686","DID2075"
"BID1601","DID2077"
"BID865","DID2078"
"BID1630","DID2080"
"BID919","DID2082"
"BID1186","DID2082"
"BID516","DID2082"
"BID1388","DID2084"
"BID1613","DID2086"
"BID989","DID2086"
"BID2314","DID2088"
"BID2767","DID2091"
"BID2414","DID2094"
"BID711","DID2095"
"BID2306","DID2095"
"BID1566","DID2096"
"BID1577","DID2096"
"BID2546","DID2097"
"BID1204","DID2098"
"BID1674","DID2098"
"BID2295","DID2098"
"BID551","DID2099"
"BID892","DID2099"
"BID2977","DID2100"
"BID971","DID2101"
"BID1085","DID2101"
"BID1199","DID2103"
"BID1891","DID2103"
"BID1414","DID2106"
"BID765","DID2106"
"BID629","DID2107"
"BID2511","DID2107"
"BID98","DID2108"
"BID1050","DID2108"
"BID1753","DID2108"
"BID2758","DID2108"
"BID1158","DID2108"
"BID1892","DID2108"
"BID2643","DID2108"
"BID622","DID2109"
"BID1526","DID2109"
"BID1870","DID2109"
"BID2133","DID2109"
"BID2313","DID2113"
"BID545","DID2114"
"BID1785","DID2114"
"BID2999","DID2115"
"BID124","DID2116"
"BID1321","DID2116"
"BID2444","DID2116"
"BID2889","DID2116"
"BID487","DID2116"
"BID1027","DID2116"
"BID56","DID2119"
"BID810","DID2119"
"BID2469","DID2119"
"BID1635","DID2120"
"BID476","DID2120"
"BID2773","DID2120"
"BID1491","DID2121"
"BID1767","DID2121"
"BID2106","DID2121"
"BID2145","DID2121"
"BID2432","DID2121"
"BID1369","DID2124"
"BID1727","DID2124"
"BID1852","DID2124"
"BID1515","DID2126"
"BID2133","DID2126"
"BID2798","DID2126"
"BID2681","DID2127"
"BID1890","DID2127"
"BID2632","DID2127"
"BID1761","DID2129"
"BID2064","DID2129"
"BID1331","DID2133"
"BID1617","DID2133"
"BID2788","DID2133"
"BID2821","DID2133"
"BID1531","DID2134"
"BID2999","DID2134"
"BID1201","DID2136"
"BID2575","DID2136"
"BID955","DID2136"
"BID1210","DID2136"
"BID1687","DID2136"
"BID2093","DID2136"
"BID114","DID2138"
"BID1676","DID2138"
"BID678","DID2138"
"BID31","DID2142"
"BID180","DID2142"
"BID482","DID2142"
"BID2430","DID2142"
"BID14","DID2142"
"BID250","DID2144"
"BID681","DID2144"
"BID819","DID2144"
"BID2281","DID2144"
"BID2093","DID2146"
"BID416","DID2146"
"BID97","DID2153"
"BID525","DID2153"
"BID796","DID2153"
"BID891","DID2153"
"BID1594","DID2153"
"BID2463","DID2156"
"BID2978","DID2156"
"BID2300","DID2157"
"BID2403","DID2157"
"BID2412","DID2157"
"BID2441","DID2157"
"BID1167","DID2157"
"BID2301","DID2157"
"BID2446","DID2157"
"BID2612","DID2158"
"BID1674","DID2160"
"BID2059","DID2160"
"BID104","DID2161"
"BID1989","DID2161"
"BID2118","DID2161"
"BID2300","DID2163"
"BID2403","DID2163"
"BID2412","DID2163"
"BID2441","DID2163"
"BID1453","DID2167"
"BID2095","DID2167"
"BID2008","DID2167"
"BID31","DID2170"
"BID2305","DID2171"
"BID334","DID2171"
"BID411","DID2171"
"BID1396","DID2171"
"BID1689","DID2171"
"BID13","DID2172"
"BID111","DID2172"
"BID1688","DID2172"
"BID1565","DID2173"
"BID555","DID2175"
"BID1527","DID2175"
"BID1269","DID2175"
"BID1525","DID2175"
"BID2155","DID2177"
"BID2683","DID2178"
"BID929","DID2182"
"BID1624","DID2182"
"BID1780","DID2182"
"BID1507","DID2184"
"BID2185","DID2184"
"BID2854","DID2184"
"BID574","DID2187"
"BID596","DID2187"
"BID1735","DID2187"
"BID1284","DID2187"
"BID2414","DID2187"
"BID2562","DID2187"
"BID645","DID2187"
"BID11","DID2189"
"BID851","DID2189"
"BID1158","DID2190"
"BID550","DID2192"
"BID97","DID2196"
"BID374","DID2197"
"BID544","DID2197"
"BID1867","DID2197"
"BID1607","DID2200"
"BID2104","DID2200"
"BID2302","DID2201"
"BID2844","DID2202"
"BID1879","DID2203"
"BID1357","DID2204"
"BID1080","DID2205"
"BID2140","DID2205"
"BID1771","DID2209"
"BID2075","DID2209"
"BID1128","DID2213"
"BID1410","DID2213"
"BID1612","DID2213"
"BID482","DID2214"
"BID2503","DID2217"
"BID374","DID2218"
"BID544","DID2218"
"BID1867","DID2218"
"BID86","DID2219"
"BID423","DID2221"
"BID1101","DID2221"
"BID1684","DID2221"
"BID57","DID2222"
"BID1847","DID2222"
"BID530","DID2223"
"BID1253","DID2226"
"BID309","DID2226"
"BID1138","DID2230"
"BID1369","DID2236"
"BID1727","DID2236"
"BID1852","DID2236"
"BID2218","DID2236"
"BID1255","DID2236"
"BID2411","DID2237"
"BID1383","DID2239"
"BID1255","DID2240"
"BID2542","DID2241"
"BID128","DID2244"
"BID889","DID2244"
"BID1930","DID2244"
"BID2243","DID2245"
"BID2916","DID2245"
"BID1322","DID2247"
"BID2614","DID2247"
"BID243","DID2249"
"BID1412","DID2249"
"BID1703","DID2249"
"BID719","DID2250"
"BID1509","DID2250"
"BID2777","DID2250"
"BID371","DID2254"
"BID715","DID2254"
"BID692","DID2254"
"BID930","DID2254"
"BID255","DID2256"
"BID2640","DID2256"
"BID2938","DID2256"
"BID461","DID2257"
"BID596","DID2257"
"BID246","DID2260"
"BID570","DID2260"
"BID1617","DID2260"
"BID2429","DID2260"
"BID1930","DID2263"
"BID2402","DID2263"
"BID867","DID2263"
"BID817","DID2264"
"BID2985","DID2264"
"BID1018","DID2266"
"BID131","DID2267"
"BID1944","DID2267"
"BID1526","DID2268"
"BID1960","DID2268"
"BID37","DID2268"
"BID1258","DID2268"
"BID2353","DID2268"
"BID445","DID2269"
"BID1987","DID2269"
"BID310","DID2273"
"BID2747","DID2273"
"BID135","DID2273"
"BID2930","DID2274"
"BID1203","DID2275"
"BID1745","DID2275"
"BID2592","DID2275"
"BID1424","DID2276"
"BID416","DID2276"
"BID1984","DID2276"
"BID2056","DID2276"
"BID12","DID2277"
"BID1715","DID2278"
"BID2654","DID2278"
"BID1158","DID2283"
"BID2609","DID2283"
"BID2505","DID2285"
"BID600","DID2288"
"BID2407","DID2288"
"BID2573","DID2288"
"BID896","DID2288"
"BID2920","DID2288"
"BID1537","DID2290"
"BID896","DID2290"
"BID2920","DID2290"
"BID1080","DID2291"
"BID2140","DID2291"
"BID1702","DID2292"
"BID1982","DID2292"
"BID1092","DID2293"
"BID1889","DID2293"
"BID1336","DID2294"
"BID2790","DID2294"
"BID2962","DID2294"
"BID1366","DID2295"
"BID597","DID2296"
"BID1765","DID2296"
"BID2869","DID2296"
"BID420","DID2297"
"BID1015","DID2300"
"BID2608","DID2300"
"BID130","DID2303"
"BID1703","DID2303"
"BID2602","DID2303"
"BID1388","DID2304"
"BID2021","DID2304"
"BID303","DID2305"
"BID312","DID2305"
"BID129","DID2306"
"BID365","DID2306"
"BID649","DID2306"
"BID1211","DID2306"
"BID1225","DID2306"
"BID2148","DID2307"
"BID2278","DID2307"
"BID812","DID2308"
"BID1092","DID2308"
"BID1889","DID2308"
"BID637","DID2309"
"BID1133","DID2309"
"BID806","DID2310"
"BID2443","DID2311"
"BID2724","DID2311"
"BID1952","DID2316"
"BID1671","DID2316"
"BID1397","DID2325"
"BID1670","DID2325"
"BID2950","DID2325"
"BID854","DID2329"
"BID706","DID2329"
"BID399","DID2330"
"BID1859","DID2330"
"BID942","DID2331"
"BID585","DID2334"
"BID721","DID2334"
"BID2439","DID2336"
"BID1368","DID2337"
"BID2416","DID2337"
"BID2442","DID2337"
"BID517","DID2337"
"BID2683","DID2337"
"BID420","DID2338"
"BID978","DID2341"
"BID2377","DID2341"
"BID2465","DID2342"
"BID2832","DID2343"
"BID1807","DID2345"
"BID1909","DID2345"
"BID2816","DID2345"
"BID871","DID2345"
"BID2615","DID2345"
"BID104","DID2346"
"BID131","DID2346"
"BID1531","DID2346"
"BID2892","DID2347"
"BID1240","DID2348"
"BID1177","DID2348"
"BID1933","DID2348"
"BID787","DID2350"
"BID1200","DID2350"
"BID1375","DID2350"
"BID1812","DID2351"
"BID160","DID2352"
"BID2474","DID2352"
"BID2549","DID2352"
"BID1465","DID2352"
"BID879","DID2354"
"BID918","DID2355"
"BID941","DID2355"
"BID942","DID2355"
"BID1087","DID2355"
"BID2244","DID2355"
"BID2301","DID2355"
"BID515","DID2358"
"BID1602","DID2358"
"BID2281","DID2358"
"BID1008","DID2361"
"BID1625","DID2366"
"BID2441","DID2366"
"BID492","DID2370"
"BID1966","DID2370"
"BID2695","DID2370"
"BID2750","DID2370"
"BID1617","DID2371"
"BID383","DID2372"
"BID1258","DID2372"
"BID1012","DID2373"
"BID1845","DID2374"
"BID1820","DID2375"
"BID1949","DID2375"
"BID1671","DID2376"
"BID114","DID2379"
"BID2481","DID2380"
"BID2382","DID2381"
"BID2540","DID2382"
"BID140","DID2382"
"BID648","DID2382"
"BID1525","DID2383"
"BID157","DID2386"
"BID2177","DID2386"
"BID1982","DID2389"
"BID2722","DID2389"
"BID222","DID2389"
"BID816","DID2389"
"BID1870","DID2389"
"BID824","DID2389"
"BID2534","DID2389"
"BID2953","DID2389"
"BID2966","DID2389"
"BID1741","DID2394"
"BID993","DID2395"
"BID1322","DID2395"
"BID88","DID2397"
"BID2037","DID2397"
"BID2333","DID2397"
"BID526","DID2397"
"BID1098","DID2397"
"BID1735","DID2397"
"BID1967","DID2397"
"BID2242","DID2397"
"BID2900","DID2397"
"BID1982","DID2400"
"BID2722","DID2400"
"BID569","DID2400"
"BID2405","DID2411"
"BID637","DID2413"
"BID918","DID2414"
"BID941","DID2414"
"BID942","DID2414"
"BID1087","DID2414"
"BID2244","DID2414"
"BID2301","DID2414"
"BID922","DID2420"
"BID2174","DID2420"
"BID2296","DID2421"
"BID1463","DID2422"
"BID703","DID2424"
"BID673","DID2428"
"BID43","DID2428"
"BID2975","DID2431"
"BID827","DID2432"
"BID1211","DID2432"
"BID2322","DID2437"
"BID702","DID2438"
"BID1128","DID2438"
"BID2416","DID2439"
"BID2424","DID2442"
"BID1050","DID2445"
"BID1605","DID2445"
"BID2980","DID2445"
"BID169","DID2446"
"BID1497","DID2447"
"BID2384","DID2447"
"BID1253","DID2449"
"BID1042","DID2450"
"BID750","DID2451"
"BID1364","DID2451"
"BID1238","DID2458"
"BID947","DID2461"
"BID507","DID2465"
"BID1979","DID2466"
"BID2313","DID2468"
"BID672","DID2470"
"BID2818","DID2470"
"BID1410","DID2471"
"BID437","DID2476"
"BID2302","DID2476"
"BID856","DID2476"
"BID2781","DID2476"
"BID2669","DID2478"
"BID1881","DID2479"
"BID790","DID2480"
"BID592","DID2481"
"BID2230","DID2481"
"BID1309","DID2482"
"BID1407","DID2482"
"BID445","DID2482"
"BID1987","DID2482"
"BID141","DID2485"
"BID472","DID2485"
"BID1496","DID2485"
"BID1907","DID2485"
"BID2038","DID2485"
"BID284","DID2489"
"BID317","DID2493"
"BID826","DID2493"
"BID2669","DID2493"
"BID673","DID2494"
"BID857","DID2494"
"BID1434","DID2494"
"BID704","DID2494"
"BID1175","DID2494"
"BID1510","DID2495"
"BID2681","DID2495"
"BID402","DID2495"
"BID608","DID2495"
"BID1017","DID2495"
"BID1188","DID2495"
"BID1424","DID2497"
"BID593","DID2499"
"BID134","DID2500"
"BID1144","DID2500"
"BID1450","DID2500"
"BID1513","DID2500"
"BID2289","DID2501"
"BID1080","DID2503"
"BID2140","DID2503"
"BID2703","DID2506"
"BID2475","DID2511"
"BID939","DID2511"
"BID1781","DID2514"
"BID2043","DID2514"
"BID2828","DID2515"
"BID322","DID2518"
"BID1022","DID2518"
"BID2264","DID2518"
"BID1648","DID2519"
"BID1900","DID2520"
"BID2952","DID2522"
"BID562","DID2523"
"BID1080","DID2523"
"BID1701","DID2527"
"BID1722","DID2527"
"BID2914","DID2527"
"BID91","DID2527"
"BID831","DID2527"
"BID1040","DID2527"
"BID2843","DID2527"
"BID2964","DID2535"
"BID628","DID2535"
"BID1429","DID2535"
"BID1595","DID2535"
"BID2626","DID2535"
"BID2813","DID2535"
"BID2394","DID2536"
"BID411","DID2537"
"BID2539","DID2537"
"BID879","DID2539"
"BID411","DID2539"
"BID2539","DID2539"
"BID605","DID2543"
"BID2168","DID2543"
"BID131","DID2546"
"BID1944","DID2546"
"BID1852","DID2546"
"BID2552","DID2546"
"BID2465","DID2546"
"BID2964","DID2546"
"BID2106","DID2547"
"BID2962","DID2547"
"BID315","DID2548"
"BID568","DID2548"
"BID2602","DID2550"
"BID291","DID2550"
"BID2872","DID2553"
"BID323","DID2555"
"BID677","DID2555"
"BID1893","DID2555"
"BID2612","DID2555"
"BID1372","DID2557"
"BID2797","DID2557"
"BID316","DID2558"
"BID1904","DID2558"
"BID2509","DID2558"
"BID12","DID2561"
"BID2858","DID2561"
"BID684","DID2563"
"BID600","DID2564"
"BID1306","DID2564"
"BID2521","DID2567"
"BID228","DID2569"
"BID564","DID2574"
"BID2854","DID2574"
"BID222","DID2575"
"BID816","DID2575"
"BID1870","DID2575"
"BID2424","DID2575"
"BID1040","DID2575"
"BID1258","DID2575"
"BID1976","DID2576"
"BID2421","DID2576"
"BID2465","DID2577"
"BID2964","DID2577"
"BID1707","DID2579"
"BID2113","DID2579"
"BID919","DID2579"
"BID2882","DID2579"
"BID1502","DID2580"
"BID1986","DID2580"
"BID2492","DID2580"
"BID1597","DID2580"
"BID148","DID2582"
"BID1191","DID2582"
"BID1353","DID2582"
"BID1480","DID2582"
"BID2872","DID2582"
"BID201","DID2586"
"BID1324","DID2586"
"BID2045","DID2586"
"BID2844","DID2586"
"BID765","DID2590"
"BID1834","DID2592"
"BID2104","DID2592"
"BID2435","DID2592"
"BID366","DID2594"
"BID2082","DID2594"
"BID2224","DID2594"
"BID2976","DID2594"
"BID801","DID2594"
"BID92","DID2599"
"BID1340","DID2599"
"BID2472","DID2599"
"BID2986","DID2599"
"BID1566","DID2599"
"BID1879","DID2599"
"BID2945","DID2599"
"BID1146","DID2601"
"BID1689","DID2602"
"BID1669","DID2604"
"BID2574","DID2604"
"BID2709","DID2604"
"BID1777","DID2605"
"BID134","DID2606"
"BID1144","DID2606"
"BID1450","DID2606"
"BID1513","DID2606"
"BID751","DID2606"
"BID1639","DID2606"
"BID953","DID2608"
"BID2622","DID2608"
"BID723","DID2609"
"BID765","DID2610"
"BID1719","DID2611"
"BID2074","DID2611"
"BID89","DID2611"
"BID623","DID2611"
"BID2006","DID2611"
"BID1130","DID2616"
"BID2142","DID2616"
"BID2820","DID2616"
"BID2601","DID2618"
"BID57","DID2622"
"BID2167","DID2622"
"BID516","DID2623"
"BID989","DID2623"
"BID1744","DID2623"
"BID1907","DID2623"
"BID1263","DID2624"
"BID8","DID2625"
"BID1304","DID2625"
"BID1551","DID2627"
"BID1935","DID2627"
"BID128","DID2629"
"BID933","DID2629"
"BID1330","DID2634"
"BID2433","DID2636"
"BID499","DID2638"
"BID646","DID2640"
"BID1031","DID2640"
"BID1997","DID2640"
"BID2068","DID2640"
"BID2673","DID2640"
"BID661","DID2642"
"BID1005","DID2642"
"BID2433","DID2644"
"BID185","DID2647"
"BID1521","DID2650"
"BID1672","DID2652"
"BID2313","DID2652"
"BID2183","DID2652"
"BID1952","DID2653"
"BID2008","DID2653"
"BID901","DID2653"
"BID2993","DID2653"
"BID35","DID2653"
"BID2458","DID2654"
"BID1847","DID2655"
"BID1406","DID2655"
"BID601","DID2656"
"BID2932","DID2657"
"BID278","DID2658"
"BID1769","DID2658"
"BID2411","DID2659"
"BID1116","DID2660"
"BID2893","DID2660"
"BID1102","DID2661"
"BID516","DID2662"
"BID2714","DID2662"
"BID102","DID2663"
"BID2894","DID2663"
"BID2465","DID2666"
"BID2964","DID2666"
"BID706","DID2667"
"BID1405","DID2667"
"BID145","DID2667"
"BID723","DID2667"
"BID1976","DID2670"
"BID95","DID2671"
"BID899","DID2675"
"BID2622","DID2675"
"BID2640","DID2675"
"BID1","DID2678"
"BID5","DID2678"
"BID334","DID2678"
"BID1661","DID2678"
"BID452","DID2679"
"BID1715","DID2679"
"BID759","DID2680"
"BID2180","DID2680"
"BID102","DID2681"
"BID2894","DID2681"
"BID269","DID2682"
"BID1713","DID2682"
"BID1909","DID2682"
"BID1146","DID2683"
"BID1547","DID2684"
"BID2104","DID2684"
"BID2304","DID2684"
"BID2162","DID2688"
"BID2314","DID2689"
"BID1079","DID2689"
"BID1782","DID2689"
"BID2634","DID2689"
"BID2709","DID2689"
"BID349","DID2689"
"BID703","DID2690"
"BID322","DID2690"
"BID1022","DID2690"
"BID2264","DID2690"
"BID913","DID2691"
"BID2594","DID2691"
"BID1419","DID2692"
"BID2007","DID2692"
"BID1124","DID2692"
"BID1446","DID2692"
"BID1531","DID2693"
"BID1080","DID2695"
"BID2140","DID2695"
"BID124","DID2695"
"BID224","DID2696"
"BID1094","DID2696"
"BID1374","DID2696"
"BID2042","DID2696"
"BID2455","DID2696"
"BID2798","DID2696"
"BID1381","DID2699"
"BID2159","DID2699"
"BID2683","DID2699"
"BID700","DID2702"
"BID377","DID2705"
"BID769","DID2705"
"BID948","DID2708"
"BID1709","DID2712"
"BID1243","DID2715"
"BID1416","DID2719"
"BID2629","DID2719"
"BID1766","DID2719"
"BID1311","DID2723"
"BID1991","DID2723"
"BID2136","DID2723"
"BID1276","DID2726"
"BID622","DID2727"
"BID1526","DID2727"
"BID1870","DID2727"
"BID2133","DID2727"
"BID2769","DID2728"
"BID1645","DID2732"
"BID2923","DID2732"
"BID706","DID2732"
"BID40","DID2733"
"BID318","DID2733"
"BID1337","DID2733"
"BID2335","DID2736"
"BID188","DID2738"
"BID2147","DID2738"
"BID2435","DID2738"
"BID1260","DID2739"
"BID1138","DID2743"
"BID2","DID2744"
"BID1344","DID2744"
"BID676","DID2746"
"BID2718","DID2746"
"BID807","DID2748"
"BID1831","DID2748"
"BID2677","DID2749"
"BID96","DID2750"
"BID1268","DID2750"
"BID411","DID2750"
"BID732","DID2750"
"BID2126","DID2750"
"BID2748","DID2753"
"BID1645","DID2755"
"BID2923","DID2755"
"BID350","DID2756"
"BID1886","DID2756"
"BID2520","DID2756"
"BID1276","DID2757"
"BID40","DID2762"
"BID318","DID2762"
"BID1337","DID2762"
"BID2707","DID2764"
"BID2930","DID2765"
"BID416","DID2766"
"BID2055","DID2766"
"BID1104","DID2767"
"BID1927","DID2767"
"BID2039","DID2767"
"BID366","DID2772"
"BID2082","DID2772"
"BID2224","DID2772"
"BID2940","DID2772"
"BID1617","DID2772"
"BID263","DID2778"
"BID358","DID2778"
"BID2667","DID2778"
"BID618","DID2779"
"BID638","DID2782"
"BID299","DID2785"
"BID930","DID2785"
"BID989","DID2786"
"BID1744","DID2786"
"BID1907","DID2786"
"BID2750","DID2787"
"BID2314","DID2791"
"BID2957","DID2794"
"BID2991","DID2794"
"BID87","DID2795"
"BID1640","DID2796"
"BID2949","DID2796"
"BID1110","DID2797"
"BID2753","DID2797"
"BID279","DID2798"
"BID1288","DID2798"
"BID2401","DID2798"
"BID1041","DID2799"
"BID723","DID2801"
"BID1531","DID2801"
"BID2999","DID2801"
"BID1613","DID2802"
"BID600","DID2805"
"BID2407","DID2805"
"BID2573","DID2805"
"BID1510","DID2806"
"BID2681","DID2806"
"BID2966","DID2808"
"BID1253","DID2809"
"BID2136","DID2809"
"BID1331","DID2810"
"BID337","DID2810"
"BID2179","DID2810"
"BID159","DID2812"
"BID925","DID2813"
"BID1650","DID2813"
"BID1673","DID2813"
"BID128","DID2816"
"BID889","DID2816"
"BID1930","DID2816"
"BID2669","DID2817"
"BID830","DID2817"
"BID885","DID2818"
"BID1011","DID2818"
"BID1230","DID2818"
"BID1655","DID2818"
"BID1649","DID2818"
"BID1428","DID2819"
"BID2419","DID2820"
"BID2689","DID2820"
"BID246","DID2821"
"BID1179","DID2821"
"BID869","DID2824"
"BID1747","DID2824"
"BID2086","DID2824"
"BID1967","DID2825"
"BID2734","DID2825"
"BID2474","DID2827"
"BID1159","DID2827"
"BID294","DID2828"
"BID372","DID2828"
"BID790","DID2828"
"BID20","DID2830"
"BID2018","DID2831"
"BID328","DID2832"
"BID510","DID2832"
"BID1110","DID2832"
"BID2010","DID2832"
"BID2217","DID2832"
"BID2761","DID2832"
"BID706","DID2832"
"BID349","DID2833"
"BID731","DID2835"
"BID703","DID2836"
"BID154","DID2845"
"BID176","DID2845"
"BID424","DID2845"
"BID1793","DID2845"
"BID2982","DID2845"
"BID1453","DID2850"
"BID2095","DID2850"
"BID1787","DID2850"
"BID2834","DID2852"
"BID702","DID2853"
"BID1128","DID2853"
"BID1660","DID2853"
"BID2633","DID2853"
"BID2743","DID2853"
"BID779","DID2854"
"BID838","DID2854"
"BID990","DID2854"
"BID2319","DID2854"
"BID2557","DID2856"
"BID1050","DID2856"
"BID1605","DID2856"
"BID2980","DID2856"
"BID929","DID2857"
"BID1624","DID2857"
"BID1780","DID2857"
"BID625","DID2858"
"BID1374","DID2858"
"BID836","DID2858"
"BID1457","DID2858"
"BID2324","DID2858"
"BID1064","DID2859"
"BID2981","DID2859"
"BID57","DID2859"
"BID1847","DID2859"
"BID2646","DID2861"
"BID1182","DID2863"
"BID2627","DID2863"
"BID1007","DID2865"
"BID663","DID2870"
"BID1252","DID2870"
"BID1682","DID2870"
"BID2943","DID2870"
"BID1647","DID2870"
"BID2603","DID2873"
"BID198","DID2874"
"BID499","DID2874"
"BID1176","DID2874"
"BID1309","DID2874"
"BID1890","DID2874"
"BID885","DID2875"
"BID1626","DID2875"
"BID1958","DID2875"
"BID308","DID2875"
"BID1666","DID2875"
"BID1758","DID2880"
"BID541","DID2883"
"BID895","DID2883"
"BID2144","DID2884"
"BID913","DID2887"
"BID2693","DID2887"
"BID2983","DID2887"
"BID436","DID2889"
"BID1530","DID2889"
"BID1652","DID2889"
"BID320","DID2890"
"BID891","DID2890"
"BID2336","DID2890"
"BID690","DID2890"
"BID695","DID2890"
"BID764","DID2890"
"BID649","DID2893"
"BID1290","DID2893"
"BID1564","DID2893"
"BID237","DID2893"
"BID426","DID2893"
"BID1160","DID2893"
"BID2458","DID2894"
"BID1930","DID2895"
"BID2402","DID2895"
"BID1497","DID2897"
"BID1246","DID2898"
"BID1600","DID2898"
"BID1175","DID2898"
"BID1331","DID2898"
"BID445","DID2899"
"BID1987","DID2899"
"BID958","DID2900"
"BID1727","DID2900"
"BID1410","DID2902"
"BID2113","DID2908"
"BID571","DID2909"
"BID2184","DID2909"
"BID2112","DID2911"
"BID2613","DID2911"
"BID1491","DID2911"
"BID1767","DID2911"
"BID2106","DID2911"
"BID2145","DID2911"
"BID2432","DID2911"
"BID1812","DID2912"
"BID919","DID2918"
"BID1186","DID2918"
"BID1133","DID2919"
"BID1034","DID2919"
"BID2766","DID2921"
"BID642","DID2921"
"BID736","DID2921"
"BID145","DID2922"
"BID419","DID2923"
"BID1905","DID2923"
"BID1692","DID2927"
"BID2840","DID2927"
"BID1012","DID2928"
"BID71","DID2928"
"BID1318","DID2929"
"BID1158","DID2930"
"BID2609","DID2930"
"BID1177","DID2932"
"BID1933","DID2932"
"BID1041","DID2932"
"BID885","DID2933"
"BID1625","DID2933"
"BID260","DID2933"
"BID1135","DID2939"
"BID1463","DID2940"
"BID1613","DID2940"
"BID790","DID2941"
"BID2328","DID2941"
"BID2651","DID2941"
"BID1689","DID2941"
"BID790","DID2943"
"BID2209","DID2950"
"BID409","DID2951"
"BID837","DID2951"
"BID106","DID2952"
"BID2209","DID2952"
"BID637","DID2952"
"BID95","DID2953"
"BID788","DID2953"
"BID2276","DID2953"
"BID2462","DID2953"
"BID2767","DID2953"
"BID1685","DID2954"
"BID658","DID2955"
"BID254","DID2955"
"BID871","DID2955"
"BID361","DID2957"
"BID1206","DID2957"
"BID1684","DID2957"
"BID1854","DID2957"
"BID1878","DID2957"
"BID2314","DID2957"
"BID922","DID2959"
"BID2174","DID2959"
"BID2892","DID2960"
"BID1110","DID2964"
"BID615","DID2966"
"BID997","DID2966"
"BID328","DID2969"
"BID1314","DID2970"
"BID284","DID2971"
"BID727","DID2975"
"BID829","DID2976"
"BID1500","DID2976"
"BID1514","DID2976"
"BID1558","DID2977"
"BID2359","DID2978"
"BID1276","DID2981"
"BID2720","DID2983"
"BID366","DID2984"
"BID2082","DID2984"
"BID2224","DID2984"
"BID1692","DID2985"
"BID2840","DID2985"
"BID104","DID2986"
"BID508","DID2986"
"BID1305","DID2986"
"BID2977","DID2988"
"BID2239","DID2989"
"BID2694","DID2989"
"BID1777","DID2990"
"BID1690","DID2990"
"BID312","DID2993"
"BID2957","DID2993"
"BID954","DID2995"
"BID2678","DID2995"
"BID503","DID2996"
"BID2373","DID2998"
"BID724","DID3003"
"BID1818","DID3003"
"BID1837","DID3003"
"BID2852","DID3003"
"BID2865","DID3003"
"BID1038","DID3006"
"BID1728","DID3006"
"BID1830","DID3006"
"BID165","DID3010"
"BID519","DID3011"
"BID100","DID3012"
"BID87","DID3013"
"BID616","DID3013"
"BID1617","DID3013"
"BID2571","DID3013"
"BID2982","DID3013"
"BID600","DID3013"
"BID1306","DID3013"
"BID1554","DID3015"
"BID2934","DID3015"
"BID1730","DID3018"
"BID2690","DID3018"
"BID2822","DID3019"
"BID2505","DID3019"
"BID2196","DID3020"
"BID759","DID3020"
"BID194","DID3022"
"BID788","DID3023"
"BID2276","DID3023"
"BID2462","DID3023"
"BID2767","DID3023"
"BID175","DID3024"
"BID2309","DID3024"
"BID2533","DID3026"
"BID2537","DID3026"
"BID2884","DID3026"
"BID897","DID3029"
"BID2020","DID3029"
"BID2516","DID3029"
"BID1873","DID3030"
"BID2295","DID3030"
"BID1675","DID3031"
"BID2450","DID3031"
"BID2884","DID3031"
"BID211","DID3032"
"BID244","DID3032"
"BID486","DID3032"
"BID2852","DID3032"
"BID861","DID3034"
"BID2526","DID3034"
"BID2971","DID3034"
"BID945","DID3034"
"BID994","DID3034"
"BID543","DID3036"
"BID333","DID3037"
"BID1233","DID3037"
"BID2499","DID3037"
"BID721","DID3038"
"BID128","DID3038"
"BID388","DID3038"
"BID1166","DID3038"
"BID1445","DID3038"
"BID1521","DID3038"
"BID2118","DID3038"
"BID1470","DID3039"
"BID2893","DID3039"
"BID1428","DID3039"
"BID1283","DID3042"
"BID1824","DID3042"
"BID1925","DID3042"
"BID2504","DID3042"
"BID2835","DID3042"
"BID553","DID3044"
"BID1560","DID3044"
"BID1714","DID3044"
"BID1722","DID3044"
"BID1187","DID3044"
"BID2836","DID3044"
"BID2929","DID3044"
"BID2955","DID3044"
"BID1574","DID3048"
"BID380","DID3049"
"BID622","DID3049"
"BID1346","DID3049"
"BID1562","DID3049"
"BID1802","DID3049"
"BID2265","DID3049"
"BID1690","DID3049"
"BID727","DID3055"
"BID574","DID3059"
"BID134","DID3060"
"BID1303","DID3060"
"BID2449","DID3060"
"BID2611","DID3060"
"BID470","DID3060"
"BID2370","DID3060"
"BID2800","DID3060"
"BID211","DID3061"
"BID244","DID3061"
"BID486","DID3061"
"BID2852","DID3061"
"BID724","DID3062"
"BID1818","DID3062"
"BID1837","DID3062"
"BID1463","DID3064"
"BID2978","DID3070"
"BID2458","DID3075"
"BID153","DID3075"
"BID1358","DID3075"
"BID2138","DID3075"
"BID415","DID3081"
"BID1387","DID3081"
"BID720","DID3081"
"BID2901","DID3082"
"BID104","DID3084"
"BID508","DID3084"
"BID1305","DID3084"
"BID1155","DID3085"
"BID40","DID3085"
"BID318","DID3085"
"BID1337","DID3085"
"BID2638","DID3086"
"BID1014","DID3086"
"BID300","DID3086"
"BID1120","DID3091"
"BID282","DID3093"
"BID2186","DID3093"
"BID261","DID3094"
"BID2804","DID3097"
"BID2965","DID3097"
"BID923","DID3097"
"BID538","DID3098"
"BID1196","DID3098"
"BID1486","DID3098"
"BID706","DID3101"
"BID699","DID3102"
"BID2582","DID3102"
"BID2158","DID3102"
"BID1316","DID3105"
"BID2603","DID3105"
"BID371","DID3107"
"BID715","DID3107"
"BID476","DID3107"
"BID872","DID3110"
"BID1672","DID3110"
"BID2038","DID3111"
"BID2214","DID3111"
"BID1767","DID3112"
"BID12","DID3113"
"BID2858","DID3113"
"BID1710","DID3119"
"BID2763","DID3119"
"BID1144","DID3121"
"BID2436","DID3121"
"BID567","DID3123"
"BID919","DID3123"
"BID2747","DID3123"
"BID254","DID3124"
"BID1871","DID3124"
"BID2769","DID3125"
"BID1713","DID3126"
"BID2609","DID3126"
"BID1849","DID3130"
"BID1253","DID3130"
"BID1648","DID3130"
"BID315","DID3131"
"BID568","DID3131"
"BID2209","DID3132"
"BID2052","DID3132"
"BID2166","DID3132"
"BID2605","DID3132"
"BID328","DID3136"
"BID2929","DID3138"
"BID2239","DID3141"
"BID2694","DID3141"
"BID2801","DID3141"
"BID137","DID3145"
"BID1835","DID3145"
"BID2690","DID3145"
"BID868","DID3146"
"BID1862","DID3146"
"BID349","DID3149"
"BID1873","DID3155"
"BID2295","DID3155"
"BID1143","DID3158"
"BID1459","DID3158"
"BID1595","DID3158"
"BID1799","DID3158"
"BID322","DID3158"
"BID1022","DID3158"
"BID2264","DID3158"
"BID406","DID3159"
"BID592","DID3160"
"BID751","DID3160"
"BID193","DID3161"
"BID309","DID3161"
"BID1646","DID3161"
"BID1689","DID3161"
"BID1465","DID3161"
"BID2750","DID3161"
"BID2864","DID3161"
"BID635","DID3162"
"BID109","DID3165"
"BID1686","DID3165"
"BID1988","DID3165"
"BID2411","DID3165"
"BID2984","DID3165"
"BID1952","DID3167"
"BID921","DID3168"
"BID56","DID3169"
"BID810","DID3169"
"BID2469","DID3169"
"BID129","DID3170"
"BID365","DID3170"
"BID649","DID3170"
"BID1211","DID3170"
"BID1225","DID3170"
"BID436","DID3172"
"BID449","DID3172"
"BID1041","DID3172"
"BID1802","DID3174"
"BID2059","DID3174"
"BID2973","DID3174"
"BID2600","DID3175"
"BID636","DID3177"
"BID2926","DID3177"
"BID321","DID3177"
"BID1489","DID3179"
"BID2604","DID3179"
"BID237","DID3180"
"BID479","DID3180"
"BID2229","DID3180"
"BID37","DID3181"
"BID2492","DID3181"
"BID1530","DID3183"
"BID2572","DID3183"
"BID2515","DID3184"
"BID2196","DID3185"
"BID1929","DID3187"
"BID223","DID3188"
"BID2749","DID3188"
"BID2828","DID3189"
"BID2453","DID3191"
"BID2841","DID3191"
"BID585","DID3193"
"BID975","DID3195"
"BID2122","DID3195"
"BID2638","DID3197"
"BID2076","DID3198"
"BID56","DID3199"
"BID810","DID3199"
"BID2469","DID3199"
"BID539","DID3200"
"BID1870","DID3200"
"BID1769","DID3200"
"BID2764","DID3200"
"BID2801","DID3200"
"BID2411","DID3202"
"BID277","DID3208"
"BID1502","DID3208"
"BID1177","DID3208"
"BID2850","DID3208"
"BID2031","DID3209"
"BID871","DID3209"
"BID2615","DID3209"
"BID2786","DID3215"
"BID2220","DID3215"
"BID2181","DID3215"
"BID2354","DID3215"
"BID2672","DID3215"
"BID885","DID3217"
"BID1625","DID3217"
"BID89","DID3218"
"BID623","DID3218"
"BID2006","DID3218"
"BID659","DID3219"
"BID2757","DID3219"
"BID368","DID3221"
"BID933","DID3221"
"BID1543","DID3223"
"BID2484","DID3223"
"BID2723","DID3223"
"BID453","DID3224"
"BID1804","DID3224"
"BID2","DID3224"
"BID2925","DID3225"
"BID117","DID3226"
"BID2963","DID3227"
"BID1524","DID3228"
"BID1739","DID3228"
"BID2753","DID3229"
"BID517","DID3230"
"BID2683","DID3230"
"BID590","DID3231"
"BID1027","DID3231"
"BID1050","DID3233"
"BID1605","DID3233"
"BID2980","DID3233"
"BID787","DID3236"
"BID411","DID3239"
"BID732","DID3239"
"BID2126","DID3239"
"BID703","DID3242"
"BID1766","DID3246"
"BID612","DID3247"
"BID2117","DID3247"
"BID2782","DID3247"
"BID389","DID3248"
"BID816","DID3249"
"BID738","DID3249"
"BID2689","DID3249"
"BID590","DID3249"
"BID1503","DID3249"
"BID1384","DID3250"
"BID2761","DID3252"
"BID1751","DID3253"
"BID1660","DID3257"
"BID2633","DID3257"
"BID2743","DID3257"
"BID1116","DID3259"
"BID2893","DID3259"
"BID1999","DID3260"
"BID986","DID3262"
"BID1252","DID3262"
"BID1453","DID3262"
"BID2753","DID3262"
"BID551","DID3264"
"BID2182","DID3264"
"BID2574","DID3265"
"BID865","DID3266"
"BID787","DID3266"
"BID1719","DID3270"
"BID183","DID3271"
"BID1369","DID3273"
"BID1727","DID3273"
"BID1852","DID3273"
"BID2971","DID3275"
"BID840","DID3276"
"BID961","DID3276"
"BID2505","DID3277"
"BID2647","DID3277"
"BID2724","DID3277"
"BID2300","DID3277"
"BID2403","DID3277"
"BID2412","DID3277"
"BID2441","DID3277"
"BID1329","DID3278"
"BID1935","DID3278"
"BID824","DID3280"
"BID2534","DID3280"
"BID2953","DID3280"
"BID2966","DID3280"
"BID944","DID3281"
"BID2528","DID3281"
"BID1099","DID3283"
"BID2603","DID3285"
"BID353","DID3286"
"BID1371","DID3286"
"BID2140","DID3286"
"BID865","DID3287"
"BID2494","DID3288"
"BID562","DID3288"
"BID1910","DID3288"
"BID532","DID3288"
"BID260","DID3289"
"BID1982","DID3290"
"BID2237","DID3290"
"BID2503","DID3290"
"BID2466","DID3291"
"BID1406","DID3291"
"BID1158","DID3292"
"BID1892","DID3292"
"BID2643","DID3292"
"BID859","DID3294"
"BID989","DID3294"
"BID1744","DID3294"
"BID1907","DID3294"
"BID1034","DID3295"
"BID677","DID3295"
"BID2006","DID3296"
"BID2106","DID3296"
"BID2493","DID3296"
"BID2874","DID3296"
"BID947","DID3297"
"BID953","DID3298"
"BID1761","DID3298"
"BID2053","DID3298"
"BID389","DID3299"
"BID312","DID3300"
"BID2957","DID3300"
"BID1524","DID3305"
"BID1739","DID3305"
"BID1085","DID3308"
"BID2008","DID3308"
"BID2937","DID3308"
"BID2994","DID3308"
"BID42","DID3309"
"BID2126","DID3312"
"BID1158","DID3314"
"BID30","DID3314"
"BID80","DID3314"
"BID2014","DID3314"
"BID2601","DID3315"
"BID1715","DID3315"
"BID141","DID3316"
"BID865","DID3318"
"BID147","DID3318"
"BID1372","DID3318"
"BID2221","DID3318"
"BID2272","DID3318"
"BID2207","DID3321"
"BID324","DID3325"
"BID2403","DID3330"
"BID2929","DID3330"
"BID136","DID3331"
"BID1148","DID3331"
"BID55","DID3331"
"BID223","DID3331"
"BID2127","DID3331"
"BID2394","DID3332"
"BID128","DID3345"
"BID889","DID3345"
"BID1930","DID3345"
"BID117","DID3347"
"BID1794","DID3347"
"BID2902","DID3347"
"BID784","DID3352"
"BID434","DID3352"
"BID236","DID3357"
"BID830","DID3357"
"BID1126","DID3357"
"BID583","DID3358"
"BID1831","DID3358"
"BID1164","DID3359"
"BID2375","DID3359"
"BID777","DID3362"
"BID910","DID3362"
"BID1400","DID3362"
"BID70","DID3365"
"BID2008","DID3365"
"BID2064","DID3365"
"BID1767","DID3365"
"BID918","DID3368"
"BID941","DID3368"
"BID942","DID3368"
"BID1087","DID3368"
"BID2244","DID3368"
"BID2301","DID3368"
"BID254","DID3371"
"BID871","DID3371"
"BID300","DID3373"
"BID1036","DID3380"
"BID2625","DID3380"
"BID1701","DID3382"
"BID1722","DID3382"
"BID2914","DID3382"
"BID539","DID3387"
"BID2742","DID3387"
"BID2873","DID3388"
"BID618","DID3392"
"BID1133","DID3392"
"BID1787","DID3393"
"BID263","DID3394"
"BID358","DID3394"
"BID2667","DID3394"
"BID903","DID3394"
"BID892","DID3394"
"BID1040","DID3395"
"BID930","DID3395"
"BID206","DID3395"
"BID284","DID3395"
"BID1633","DID3395"
"BID1954","DID3395"
"BID508","DID3395"
"BID2546","DID3396"
"BID318","DID3399"
"BID1452","DID3399"
"BID2098","DID3399"
"BID2714","DID3399"
"BID2871","DID3399"
"BID1530","DID3401"
"BID2572","DID3401"
"BID562","DID3402"
"BID977","DID3402"
"BID1639","DID3402"
"BID2357","DID3402"
"BID1873","DID3402"
"BID2295","DID3402"
"BID1259","DID3405"
"BID1574","DID3405"
"BID2213","DID3406"
"BID591","DID3411"
"BID370","DID3411"
"BID1937","DID3411"
"BID1041","DID3414"
"BID861","DID3415"
"BID1261","DID3415"
"BID753","DID3415"
"BID581","DID3416"
"BID2877","DID3417"
"BID2960","DID3417"
"BID83","DID3418"
"BID2057","DID3418"
"BID1113","DID3418"
"BID238","DID3421"
"BID1075","DID3421"
"BID1267","DID3421"
"BID2038","DID3421"
"BID2181","DID3422"
"BID1579","DID3422"
"BID2538","DID3422"
"BID2926","DID3422"
"BID582","DID3423"
"BID846","DID3423"
"BID2791","DID3423"
"BID1976","DID3427"
"BID2421","DID3427"
"BID599","DID3429"
"BID2296","DID3429"
"BID2783","DID3430"
"BID2720","DID3431"
"BID145","DID3433"
"BID759","DID3435"
"BID649","DID3440"
"BID1083","DID3440"
"BID1186","DID3440"
"BID2767","DID3440"
"BID2962","DID3440"
"BID2218","DID3440"
"BID62","DID3443"
"BID1617","DID3443"
"BID1041","DID3443"
"BID2031","DID3444"
"BID942","DID3447"
"BID8","DID3448"
"BID221","DID3448"
"BID650","DID3448"
"BID1210","DID3448"
"BID1838","DID3450"
"BID878","DID3451"
"BID1133","DID3451"
"BID1799","DID3451"
"BID1841","DID3451"
"BID631","DID3451"
"BID1311","DID3451"
"BID1504","DID3451"
"BID250","DID3452"
"BID681","DID3452"
"BID819","DID3452"
"BID2281","DID3452"
"BID114","DID3453"
"BID1676","DID3453"
"BID857","DID3454"
"BID1434","DID3454"
"BID1995","DID3454"
"BID2418","DID3454"
"BID1683","DID3457"
"BID2359","DID3457"
"BID2879","DID3457"
"BID1255","DID3459"
"BID2109","DID3459"
"BID2592","DID3459"
"BID8","DID3460"
"BID1304","DID3460"
"BID1313","DID3460"
"BID1712","DID3460"
"BID2978","DID3460"
"BID2645","DID3461"
"BID2334","DID3462"
"BID849","DID3462"
"BID1683","DID3463"
"BID2359","DID3463"
"BID2879","DID3463"
"BID1368","DID3468"
"BID2534","DID3468"
"BID2899","DID3468"
"BID1919","DID3472"
"BID1316","DID3475"
"BID2603","DID3475"
"BID2653","DID3476"
"BID81","DID3477"
"BID1780","DID3477"
"BID2513","DID3477"
"BID765","DID3477"
"BID1639","DID3478"
"BID921","DID3478"
"BID1018","DID3479"
"BID2666","DID3479"
"BID212","DID3481"
"BID538","DID3481"
"BID1727","DID3481"
"BID1111","DID3485"
"BID1820","DID3491"
"BID1949","DID3491"
"BID788","DID3493"
"BID2522","DID3498"
"BID88","DID3501"
"BID2037","DID3501"
"BID2333","DID3501"
"BID2083","DID3501"
"BID1709","DID3502"
"BID519","DID3505"
"BID1334","DID3506"
"BID2754","DID3506"
"BID617","DID3513"
"BID1036","DID3513"
"BID1154","DID3513"
"BID147","DID3513"
"BID1372","DID3513"
"BID2221","DID3513"
"BID2272","DID3513"
"BID1135","DID3514"
"BID313","DID3516"
"BID618","DID3516"
"BID2703","DID3516"
"BID2938","DID3516"
"BID492","DID3519"
"BID1966","DID3519"
"BID811","DID3520"
"BID1674","DID3520"
"BID2818","DID3520"
"BID2187","DID3521"
"BID2181","DID3522"
"BID2259","DID3524"
"BID720","DID3524"
"BID2400","DID3524"
"BID947","DID3525"
"BID1671","DID3526"
"BID704","DID3529"
"BID2678","DID3529"
"BID2213","DID3531"
"BID2783","DID3531"
"BID160","DID3533"
"BID2080","DID3533"
"BID721","DID3536"
"BID134","DID3537"
"BID1144","DID3537"
"BID1450","DID3537"
"BID1513","DID3537"
"BID2305","DID3538"
"BID542","DID3543"
"BID2544","DID3543"
"BID2327","DID3544"
"BID1727","DID3545"
"BID1102","DID3546"
"BID1044","DID3547"
"BID2049","DID3554"
"BID2065","DID3554"
"BID317","DID3555"
"BID1663","DID3555"
"BID1830","DID3555"
"BID924","DID3556"
"BID2439","DID3557"
"BID1529","DID3559"
"BID2340","DID3559"
"BID986","DID3561"
"BID582","DID3561"
"BID846","DID3561"
"BID2791","DID3561"
"BID1794","DID3561"
"BID2902","DID3561"
"BID2433","DID3562"
"BID407","DID3567"
"BID773","DID3569"
"BID1457","DID3573"
"BID2324","DID3573"
"BID730","DID3574"
"BID1533","DID3574"
"BID2118","DID3577"
"BID187","DID3577"
"BID636","DID3577"
"BID2650","DID3579"
"BID8","DID3582"
"BID161","DID3582"
"BID2704","DID3582"
"BID583","DID3582"
"BID592","DID3583"
"BID1945","DID3583"
"BID1700","DID3583"
"BID1776","DID3583"
"BID2971","DID3584"
"BID1607","DID3586"
"BID2481","DID3586"
"BID2526","DID3587"
"BID2802","DID3587"
"BID549","DID3588"
"BID2471","DID3588"
"BID1050","DID3589"
"BID2934","DID3589"
"BID461","DID3591"
"BID1652","DID3591"
"BID1955","DID3593"
"BID2072","DID3593"
"BID618","DID3594"
"BID41","DID3594"
"BID1940","DID3595"
"BID1708","DID3595"
"BID2131","DID3595"
"BID1238","DID3596"
"BID416","DID3596"
"BID773","DID3596"
"BID1446","DID3596"
"BID718","DID3597"
"BID1119","DID3597"
"BID1520","DID3597"
"BID1934","DID3597"
"BID2962","DID3597"
"BID848","DID3598"
"BID1215","DID3598"
"BID1023","DID3599"
"BID2280","DID3599"
"BID700","DID3600"
"BID42","DID3604"
"BID1381","DID3605"
"BID2159","DID3605"
"BID388","DID3606"
"BID2961","DID3606"
"BID261","DID3609"
"BID563","DID3609"
"BID629","DID3609"
"BID1464","DID3609"
"BID1786","DID3609"
"BID2223","DID3615"
"BID2194","DID3616"
"BID2183","DID3617"
"BID2176","DID3617"
"BID1772","DID3618"
"BID2","DID3618"
"BID1344","DID3618"
"BID706","DID3618"
"BID2603","DID3623"
"BID1063","DID3625"
"BID1535","DID3625"
"BID2645","DID3626"
"BID2522","DID3627"
"BID1079","DID3628"
"BID1782","DID3628"
"BID2634","DID3628"
"BID2709","DID3628"
"BID1428","DID3628"
"BID1842","DID3628"
"BID260","DID3631"
"BID1384","DID3636"
"BID2514","DID3637"
"BID1758","DID3637"
"BID2405","DID3637"
"BID1928","DID3638"
"BID2186","DID3638"
"BID649","DID3642"
"BID1814","DID3642"
"BID2712","DID3642"
"BID2505","DID3643"
"BID2833","DID3643"
"BID353","DID3648"
"BID1371","DID3648"
"BID2140","DID3648"
"BID1847","DID3650"
"BID2450","DID3650"
"BID2014","DID3650"
"BID2478","DID3650"
"BID885","DID3651"
"BID1011","DID3651"
"BID1230","DID3651"
"BID649","DID3654"
"BID1290","DID3654"
"BID1564","DID3654"
"BID854","DID3654"
"BID1508","DID3655"
"BID1863","DID3655"
"BID921","DID3655"
"BID677","DID3656"
"BID1447","DID3657"
"BID2131","DID3657"
"BID1705","DID3657"
"BID1200","DID3657"
"BID2520","DID3657"
"BID2838","DID3657"
"BID1015","DID3659"
"BID2608","DID3659"
"BID2327","DID3659"
"BID365","DID3660"
"BID2164","DID3660"
"BID2985","DID3662"
"BID2186","DID3663"
"BID812","DID3664"
"BID1889","DID3664"
"BID1756","DID3665"
"BID1846","DID3665"
"BID2957","DID3665"
"BID522","DID3665"
"BID2262","DID3665"
"BID2289","DID3665"
"BID555","DID3666"
"BID1951","DID3666"
"BID2213","DID3669"
"BID311","DID3669"
"BID1198","DID3669"
"BID874","DID3669"
"BID1986","DID3669"
"BID2715","DID3669"
"BID1038","DID3670"
"BID1728","DID3670"
"BID1830","DID3670"
"BID833","DID3675"
"BID971","DID3675"
"BID1085","DID3675"
"BID863","DID3678"
"BID1430","DID3678"
"BID11","DID3679"
"BID851","DID3679"
"BID502","DID3680"
"BID1392","DID3680"
"BID2904","DID3680"
"BID593","DID3680"
"BID265","DID3681"
"BID915","DID3681"
"BID729","DID3687"
"BID831","DID3687"
"BID1381","DID3687"
"BID2761","DID3693"
"BID628","DID3694"
"BID2223","DID3694"
"BID561","DID3695"
"BID2505","DID3696"
"BID211","DID3698"
"BID244","DID3698"
"BID486","DID3698"
"BID2852","DID3698"
"BID943","DID3700"
"BID1876","DID3700"
"BID2602","DID3700"
"BID626","DID3700"
"BID2531","DID3700"
"BID2845","DID3700"
"BID211","DID3701"
"BID2892","DID3706"
"BID1513","DID3706"
"BID2982","DID3706"
"BID2774","DID3710"
"BID723","DID3712"
"BID183","DID3717"
"BID1320","DID3718"
"BID141","DID3720"
"BID472","DID3720"
"BID1496","DID3720"
"BID1907","DID3720"
"BID2938","DID3720"
"BID199","DID3720"
"BID937","DID3720"
"BID1619","DID3720"
"BID109","DID3722"
"BID1686","DID3722"
"BID1988","DID3722"
"BID2411","DID3722"
"BID2984","DID3722"
"BID900","DID3725"
"BID2545","DID3725"
"BID374","DID3729"
"BID544","DID3729"
"BID1867","DID3729"
"BID32","DID3734"
"BID1634","DID3734"
"BID2365","DID3734"
"BID2516","DID3735"
"BID261","DID3736"
"BID836","DID3736"
"BID1624","DID3736"
"BID842","DID3739"
"BID2810","DID3739"
"BID16","DID3739"
"BID1481","DID3739"
"BID131","DID3739"
"BID760","DID3739"
"BID2118","DID3741"
"BID759","DID3741"
"BID1634","DID3743"
"BID2129","DID3743"
"BID787","DID3747"
"BID1200","DID3747"
"BID1375","DID3747"
"BID1101","DID3749"
"BID574","DID3750"
"BID596","DID3750"
"BID1735","DID3750"
"BID724","DID3751"
"BID1481","DID3751"
"BID2832","DID3752"
"BID1930","DID3752"
"BID2402","DID3752"
"BID2871","DID3755"
"BID1868","DID3755"
"BID2085","DID3755"
"BID2766","DID3758"
"BID2600","DID3762"
"BID210","DID3763"
"BID581","DID3763"
"BID601","DID3763"
"BID2129","DID3763"
"BID259","DID3763"
"BID778","DID3763"
"BID2828","DID3763"
"BID1284","DID3764"
"BID2414","DID3764"
"BID2562","DID3764"
"BID861","DID3764"
"BID1261","DID3764"
"BID1531","DID3768"
"BID2999","DID3768"
"BID37","DID3769"
"BID2492","DID3769"
"BID31","DID3771"
"BID1669","DID3771"
"BID2669","DID3771"
"BID2826","DID3771"
"BID2964","DID3771"
"BID1447","DID3773"
"BID2131","DID3773"
"BID2433","DID3777"
"BID585","DID3778"
"BID1671","DID3778"
"BID1963","DID3778"
"BID1900","DID3779"
"BID2692","DID3779"
"BID2915","DID3779"
"BID2748","DID3780"
"BID516","DID3782"
"BID2714","DID3782"
"BID541","DID3784"
"BID1760","DID3784"
"BID2340","DID3784"
"BID2842","DID3785"
"BID1761","DID3791"
"BID2064","DID3791"
"BID1855","DID3791"
"BID219","DID3791"
"BID677","DID3791"
"BID282","DID3792"
"BID982","DID3792"
"BID1716","DID3793"
"BID1391","DID3794"
"BID132","DID3794"
"BID1514","DID3794"
"BID2872","DID3794"
"BID304","DID3796"
"BID1534","DID3796"
"BID1784","DID3796"
"BID695","DID3799"
"BID764","DID3799"
"BID842","DID3801"
"BID2810","DID3801"
"BID2938","DID3801"
"BID254","DID3802"
"BID871","DID3802"
"BID1435","DID3803"
"BID1546","DID3803"
"BID312","DID3805"
"BID2946","DID3805"
"BID955","DID3806"
"BID1210","DID3806"
"BID1687","DID3806"
"BID2093","DID3806"
"BID744","DID3807"
"BID246","DID3808"
"BID1116","DID3808"
"BID2336","DID3810"
"BID114","DID3813"
"BID512","DID3813"
"BID792","DID3813"
"BID1017","DID3813"
"BID1047","DID3813"
"BID1450","DID3813"
"BID2142","DID3813"
"BID243","DID3815"
"BID1412","DID3815"
"BID1703","DID3815"
"BID942","DID3816"
"BID1169","DID3819"
"BID2210","DID3819"
"BID2494","DID3820"
"BID15","DID3821"
"BID2890","DID3821"
"BID2781","DID3823"
"BID2791","DID3823"
"BID16","DID3823"
"BID1481","DID3823"
"BID2359","DID3824"
"BID415","DID3825"
"BID730","DID3825"
"BID1790","DID3826"
"BID811","DID3828"
"BID1674","DID3828"
"BID706","DID3830"
"BID2455","DID3830"
"BID530","DID3831"
"BID876","DID3831"
"BID983","DID3831"
"BID1106","DID3831"
"BID1288","DID3831"
"BID2779","DID3832"
"BID453","DID3836"
"BID1804","DID3836"
"BID1373","DID3838"
"BID2559","DID3838"
"BID2830","DID3838"
"BID2876","DID3838"
"BID161","DID3839"
"BID188","DID3839"
"BID1489","DID3839"
"BID2604","DID3839"
"BID838","DID3840"
"BID1048","DID3840"
"BID1566","DID3842"
"BID1879","DID3842"
"BID2945","DID3842"
"BID1845","DID3844"
"BID309","DID3845"
"BID1124","DID3845"
"BID1446","DID3845"
"BID592","DID3846"
"BID2230","DID3846"
"BID2207","DID3847"
"BID1489","DID3848"
"BID2604","DID3848"
"BID1117","DID3852"
"BID2204","DID3852"
"BID680","DID3852"
"BID986","DID3853"
"BID1694","DID3853"
"BID1948","DID3853"
"BID1022","DID3854"
"BID1784","DID3854"
"BID2735","DID3854"
"BID986","DID3856"
"BID81","DID3856"
"BID1780","DID3856"
"BID2513","DID3856"
"BID675","DID3858"
"BID2429","DID3858"
"BID1634","DID3858"
"BID2129","DID3858"
"BID491","DID3859"
"BID893","DID3859"
"BID1606","DID3859"
"BID2459","DID3859"
"BID898","DID3860"
"BID28","DID3860"
"BID2971","DID3860"
"BID1647","DID3860"
"BID84","DID3861"
"BID163","DID3861"
"BID323","DID3861"
"BID327","DID3861"
"BID2980","DID3861"
"BID275","DID3862"
"BID468","DID3862"
"BID1260","DID3862"
"BID308","DID3865"
"BID1579","DID3865"
"BID2538","DID3865"
"BID2926","DID3865"
"BID15","DID3867"
"BID2890","DID3867"
"BID946","DID3867"
"BID2920","DID3867"
"BID567","DID3867"
"BID1705","DID3868"
"BID997","DID3876"
"BID1849","DID3878"
"BID924","DID3879"
"BID1545","DID3879"
"BID2442","DID3879"
"BID102","DID3882"
"BID2894","DID3882"
"BID1388","DID3882"
"BID1368","DID3884"
"BID2055","DID3884"
"BID2761","DID3884"
"BID278","DID3885"
"BID419","DID3885"
"BID2223","DID3885"
"BID619","DID3887"
"BID1643","DID3887"
"BID2190","DID3887"
"BID765","DID3891"
"BID1626","DID3893"
"BID2660","DID3893"
"BID280","DID3895"
"BID361","DID3895"
"BID650","DID3895"
"BID754","DID3895"
"BID829","DID3895"
"BID1669","DID3895"
"BID2418","DID3895"
"BID942","DID3898"
"BID758","DID3899"
"BID2879","DID3899"
"BID2881","DID3899"
"BID135","DID3899"
"BID1561","DID3899"
"BID46","DID3900"
"BID2115","DID3900"
"BID2334","DID3900"
"BID1215","DID3905"
"BID1557","DID3905"
"BID978","DID3905"
"BID1881","DID3905"
"BID1695","DID3907"
"BID114","DID3907"
"BID512","DID3907"
"BID792","DID3907"
"BID1017","DID3907"
"BID1047","DID3907"
"BID1648","DID3907"
"BID2071","DID3911"
"BID997","DID3911"
"BID1906","DID3911"
"BID1774","DID3912"
"BID1277","DID3913"
"BID11","DID3913"
"BID851","DID3913"
"BID2822","DID3914"
"BID219","DID3914"
"BID677","DID3914"
"BID1812","DID3915"
"BID337","DID3916"
"BID2179","DID3916"
"BID2879","DID3918"
"BID1619","DID3923"
"BID289","DID3924"
"BID2197","DID3925"
"BID1558","DID3927"
"BID1554","DID3931"
"BID1718","DID3932"
"BID275","DID3932"
"BID385","DID3932"
"BID712","DID3933"
"BID783","DID3933"
"BID2286","DID3934"
"BID1833","DID3935"
"BID2310","DID3935"
"BID1903","DID3935"
"BID2102","DID3935"
"BID1414","DID3936"
"BID767","DID3936"
"BID2628","DID3936"
"BID2992","DID3936"
"BID1395","DID3937"
"BID2502","DID3937"
"BID416","DID3937"
"BID1703","DID3938"
"BID1437","DID3942"
"BID1676","DID3942"
"BID1845","DID3944"
"BID824","DID3946"
"BID2534","DID3946"
"BID2953","DID3946"
"BID2966","DID3946"
"BID1187","DID3946"
"BID2836","DID3946"
"BID2929","DID3946"
"BID2955","DID3946"
"BID817","DID3949"
"BID2985","DID3949"
"BID1450","DID3950"
"BID2774","DID3952"
"BID2744","DID3953"
"BID1457","DID3955"
"BID2324","DID3955"
"BID1440","DID3956"
"BID20","DID3957"
"BID46","DID3957"
"BID396","DID3957"
"BID1284","DID3957"
"BID2414","DID3957"
"BID2562","DID3957"
"BID2185","DID3957"
"BID2205","DID3957"
"BID676","DID3958"
"BID2718","DID3958"
"BID14","DID3962"
"BID1993","DID3962"
"BID2555","DID3962"
"BID664","DID3964"
"BID1239","DID3964"
"BID1060","DID3967"
"BID1646","DID3967"
"BID2687","DID3967"
"BID442","DID3969"
"BID1437","DID3969"
"BID1565","DID3969"
"BID2683","DID3969"
"BID62","DID3970"
"BID1159","DID3970"
"BID1438","DID3970"
"BID2159","DID3970"
"BID884","DID3973"
"BID2507","DID3973"
"BID578","DID3975"
"BID1644","DID3975"
"BID2783","DID3976"
"BID303","DID3976"
"BID312","DID3976"
"BID949","DID3980"
"BID3000","DID3980"
"BID897","DID3981"
"BID309","DID3981"
"BID1321","DID3981"
"BID2726","DID3981"
"BID1413","DID3984"
"BID896","DID3984"
"BID2418","DID3984"
"BID645","DID3985"
"BID151","DID3986"
"BID1108","DID3986"
"BID2822","DID3987"
"BID1164","DID3987"
"BID2375","DID3987"
"BID573","DID3989"
"BID940","DID3989"
"BID1217","DID3989"
"BID2522","DID3990"
"BID2225","DID3994"
"BID2266","DID3994"
"BID2290","DID3996"
"BID91","DID3996"
"BID344","DID3996"
"BID1295","DID3996"
"BID1941","DID3999"
