CID,DID
CID1,DID1314
CID2,DID1096
CID2,DID1295
CID2,DID264
CID2,DID622
CID3,DID1046
CID3,DID442
CID4,DID1017
CID4,DID209
CID4,DID228
CID4,DID829
CID4,DID946
CID5,DID405
CID5,DID627
CID5,DID896
CID6,DID1382
CID6,DID1415
CID6,DID352
CID6,DID907
CID7,DID1083
CID7,DID554
CID7,DID982
CID8,DID1162
CID8,DID1260
CID8,DID1368
CID8,DID155
CID8,DID659
CID8,DID965
CID9,DID1130
CID9,DID1178
CID9,DID1214
CID9,DID728
CID9,DID784
CID10,DID1333
CID10,DID411
CID10,DID606
CID10,DID871
CID11,DID1256
CID11,DID155
CID11,DID293
CID11,DID514
CID11,DID610
CID11,DID663
CID12,DID1325
CID13,DID1007
CID14,DID143
CID14,DID436
CID14,DID565
CID14,DID615
CID14,DID860
CID14,DID975
CID15,DID1035
CID15,DID1370
CID15,DID153
CID15,DID995
CID16,DID1275
CID16,DID132
CID16,DID70
CID16,DID710
CID17,DID14
CID18,DID1109
CID18,DID158
CID18,DID176
CID18,DID379
CID18,DID528
CID19,DID1251
CID19,DID1389
CID19,DID359
CID19,DID553
CID19,DID867
CID20,DID325
CID20,DID50
CID20,DID516
CID20,DID7
CID20,DID767
CID21,DID1061
CID21,DID1107
CID21,DID1214
CID21,DID1241
CID21,DID268
CID22,DID1000
CID22,DID548
CID22,DID706
CID22,DID910
CID23,DID101
CID23,DID1236
CID23,DID284
CID23,DID61
CID23,DID729
CID23,DID91
CID24,DID1273
CID24,DID334
CID24,DID523
CID24,DID534
CID24,DID687
CID24,DID788
CID25,DID1322
CID25,DID1418
CID25,DID810
CID26,DID397
CID26,DID472
CID26,DID571
CID26,DID680
CID26,DID93
CID27,DID10
CID27,DID1276
CID27,DID1283
CID27,DID167
CID27,DID255
CID27,DID296
CID28,DID1491
CID28,DID358
CID29,DID354
CID29,DID416
CID29,DID59
CID29,DID610
CID29,DID646
CID29,DID697
CID30,DID14
CID31,DID1209
CID31,DID1245
CID31,DID1424
CID31,DID260
CID31,DID404
CID32,DID1392
CID32,DID1397
CID32,DID1400
CID32,DID1431
CID32,DID1487
CID32,DID434
CID33,DID201
CID33,DID455
CID33,DID492
CID33,DID517
CID33,DID844
CID34,DID1222
CID34,DID125
CID34,DID1485
CID34,DID429
CID35,DID392
CID36,DID1047
CID36,DID369
CID36,DID402
CID36,DID445
CID36,DID543
CID36,DID904
CID37,DID1003
CID37,DID185
CID37,DID247
CID37,DID669
CID38,DID1114
CID38,DID316
CID38,DID841
CID38,DID887
CID39,DID1110
CID39,DID170
CID39,DID375
CID39,DID548
CID39,DID55
CID40,DID1104
CID40,DID1129
CID40,DID1282
CID40,DID787
CID41,DID1500
CID41,DID153
CID41,DID937
CID42,DID1400
CID42,DID1435
CID42,DID571
CID43,DID1246
CID43,DID158
CID43,DID390
CID43,DID782
CID44,DID1175
CID44,DID1330
CID44,DID1366
CID44,DID180
CID44,DID719
CID45,DID121
CID45,DID1218
CID45,DID199
CID45,DID295
CID45,DID921
CID46,DID1476
CID46,DID373
CID46,DID403
CID46,DID786
CID46,DID957
CID47,DID1431
CID47,DID730
CID47,DID752
CID48,DID1273
CID48,DID316
CID48,DID380
CID48,DID82
CID48,DID923
CID48,DID966
CID49,DID1411
CID49,DID45
CID49,DID456
CID49,DID500
CID50,DID1014
CID50,DID1150
CID50,DID527
CID50,DID82
CID50,DID924
CID51,DID921
CID52,DID2
CID53,DID1058
CID53,DID585
CID53,DID667
CID54,DID1010
CID54,DID1104
CID54,DID1405
CID54,DID566
CID54,DID868
CID55,DID1305
CID55,DID1385
CID55,DID980
CID56,DID104
CID56,DID116
CID56,DID1258
CID56,DID1477
CID56,DID367
CID57,DID1397
CID57,DID154
CID57,DID22
CID57,DID633
CID57,DID738
CID58,DID1276
CID58,DID145
CID58,DID351
CID58,DID861
CID59,DID1014
CID59,DID104
CID59,DID367
CID59,DID436
CID59,DID634
CID59,DID783
CID60,DID1223
CID60,DID628
CID60,DID848
CID60,DID950
CID61,DID1070
CID61,DID111
CID61,DID1342
CID61,DID450
CID61,DID925
CID62,DID210
CID62,DID400
CID62,DID561
CID63,DID1433
CID63,DID377
CID63,DID529
CID63,DID593
CID63,DID977
CID64,DID1045
CID64,DID293
CID64,DID468
CID64,DID484
CID64,DID754
CID64,DID76
CID65,DID1397
CID65,DID195
CID66,DID1153
CID66,DID126
CID66,DID1404
CID66,DID280
CID66,DID568
CID66,DID697
CID67,DID1078
CID67,DID258
CID68,DID1029
CID68,DID1180
CID68,DID440
CID68,DID569
CID69,DID283
CID69,DID684
CID70,DID1116
CID70,DID268
CID70,DID541
CID70,DID542
CID70,DID778
CID71,DID685
CID72,DID221
CID72,DID314
CID72,DID450
CID72,DID71
CID72,DID856
CID73,DID1091
CID73,DID589
CID73,DID779
CID73,DID949
CID74,DID10
CID74,DID1327
CID74,DID1385
CID74,DID753
CID75,DID1139
CID75,DID1303
CID75,DID275
CID75,DID428
CID75,DID500
CID75,DID604
CID76,DID1041
CID76,DID1194
CID76,DID52
CID76,DID710
CID77,DID1122
CID77,DID33
CID77,DID637
CID77,DID854
CID78,DID1031
CID78,DID1148
CID78,DID849
CID79,DID1295
CID79,DID732
CID80,DID1200
CID80,DID1392
CID80,DID33
CID80,DID395
CID80,DID466
CID80,DID819
CID81,DID118
CID81,DID1388
CID81,DID1478
CID81,DID3
CID81,DID805
CID81,DID973
CID82,DID1150
CID83,DID1125
CID83,DID1206
CID83,DID222
CID83,DID900
CID84,DID478
CID84,DID637
CID84,DID841
CID84,DID988
CID85,DID110
CID85,DID1311
CID86,DID1057
CID86,DID1124
CID86,DID1210
CID86,DID516
CID86,DID775
CID86,DID870
CID87,DID1365
CID87,DID258
CID87,DID263
CID87,DID49
CID87,DID746
CID88,DID103
CID88,DID133
CID88,DID876
CID88,DID950
CID89,DID1020
CID89,DID1066
CID89,DID349
CID89,DID402
CID89,DID423
CID90,DID1111
CID90,DID1440
CID90,DID32
CID90,DID998
CID91,DID1130
CID91,DID893
CID92,DID1145
CID92,DID165
CID92,DID33
CID92,DID536
CID92,DID852
CID93,DID1304
CID93,DID1500
CID93,DID151
CID93,DID175
CID93,DID258
CID93,DID881
CID94,DID1160
CID94,DID1289
CID94,DID138
CID94,DID1398
CID94,DID511
CID95,DID1165
CID95,DID232
CID95,DID5
CID95,DID532
CID95,DID822
CID95,DID880
CID96,DID1156
CID96,DID1396
CID96,DID1488
CID96,DID901
CID97,DID1153
CID97,DID1466
CID97,DID533
CID98,DID1036
CID98,DID1133
CID98,DID1338
CID98,DID793
CID98,DID859
CID99,DID1229
CID99,DID1483
CID99,DID950
CID100,DID1068
CID100,DID1269
CID100,DID1376
CID100,DID6
CID100,DID642
CID100,DID935
CID101,DID1268
CID101,DID1375
CID101,DID265
CID101,DID692
CID102,DID1184
CID102,DID328
CID102,DID340
CID102,DID41
CID102,DID411
CID102,DID592
CID103,DID1113
CID103,DID1305
CID103,DID134
CID103,DID17
CID103,DID250
CID103,DID854
CID104,DID1225
CID104,DID1361
CID104,DID414
CID104,DID535
CID104,DID546
CID104,DID583
CID105,DID1467
CID105,DID31
CID105,DID377
CID105,DID471
CID106,DID1376
CID106,DID1414
CID106,DID296
CID106,DID773
CID106,DID787
CID106,DID943
CID107,DID1069
CID107,DID1115
CID107,DID1346
CID107,DID407
CID108,DID144
CID108,DID1461
CID108,DID392
CID108,DID444
CID108,DID600
CID108,DID741
CID109,DID1382
CID109,DID1403
CID109,DID239
CID109,DID498
CID109,DID858
CID109,DID904
CID110,DID1232
CID110,DID222
CID110,DID432
CID110,DID715
CID110,DID95
CID110,DID975
CID111,DID1272
CID111,DID421
CID111,DID53
CID111,DID634
CID111,DID855
CID112,DID1136
CID112,DID1244
CID112,DID309
CID112,DID314
CID112,DID531
CID112,DID81
CID113,DID1233
CID113,DID1452
CID113,DID27
CID113,DID819
CID114,DID1065
CID114,DID1191
CID114,DID289
CID114,DID316
CID114,DID393
CID114,DID790
CID115,DID150
CID115,DID791
CID115,DID821
CID115,DID84
CID116,DID332
CID116,DID67
CID117,DID473
CID117,DID872
CID117,DID983
CID117,DID995
CID118,DID11
CID118,DID1249
CID118,DID33
CID118,DID70
CID118,DID880
CID119,DID1075
CID119,DID124
CID119,DID1388
CID119,DID531
CID119,DID931
CID120,DID1009
CID120,DID1421
CID120,DID418
CID120,DID477
CID120,DID990
CID121,DID1195
CID121,DID1300
CID121,DID1349
CID121,DID609
CID121,DID77
CID122,DID1071
CID122,DID1120
CID122,DID180
CID122,DID519
CID122,DID828
CID122,DID948
CID123,DID1076
CID123,DID176
CID123,DID252
CID123,DID300
CID123,DID332
CID123,DID547
CID124,DID1034
CID124,DID1182
CID124,DID1408
CID124,DID221
CID124,DID397
CID124,DID563
CID125,DID1168
CID125,DID1367
CID125,DID275
CID125,DID457
CID125,DID749
CID125,DID821
CID126,DID1258
CID126,DID1481
CID126,DID310
CID126,DID857
CID127,DID1131
CID127,DID1194
CID127,DID184
CID127,DID197
CID127,DID504
CID127,DID71
CID128,DID429
CID129,DID1052
CID129,DID1152
CID129,DID1197
CID129,DID263
CID129,DID349
CID129,DID450
CID130,DID1121
CID130,DID1433
CID130,DID540
CID130,DID694
CID130,DID916
CID130,DID989
CID131,DID1030
CID131,DID1111
CID131,DID1441
CID131,DID888
CID131,DID907
CID131,DID953
CID132,DID326
CID132,DID364
CID132,DID55
CID133,DID1100
CID133,DID1156
CID133,DID1243
CID133,DID1306
CID133,DID1422
CID133,DID1486
CID134,DID327
CID134,DID46
CID134,DID696
CID134,DID846
CID134,DID89
CID135,DID1027
CID136,DID1089
CID136,DID127
CID136,DID1297
CID136,DID749
CID136,DID767
CID137,DID120
CID137,DID1246
CID137,DID632
CID137,DID75
CID138,DID1133
CID139,DID129
CID139,DID163
CID139,DID663
CID140,DID13
CID140,DID1471
CID140,DID432
CID141,DID3
CID141,DID419
CID141,DID48
CID142,DID1244
CID143,DID1202
CID143,DID1222
CID143,DID205
CID143,DID434
CID143,DID773
CID143,DID967
CID144,DID1077
CID144,DID1278
CID144,DID1368
CID144,DID903
CID145,DID1088
CID145,DID1363
CID145,DID506
CID145,DID545
CID145,DID58
CID146,DID166
CID146,DID245
CID146,DID624
CID147,DID1224
CID147,DID1439
CID147,DID540
CID147,DID572
CID147,DID630
CID147,DID898
CID148,DID1106
CID148,DID345
CID149,DID1063
CID149,DID943
CID149,DID947
CID150,DID1089
CID150,DID1403
CID150,DID824
CID151,DID1058
CID151,DID1185
CID151,DID1475
CID151,DID230
CID151,DID382
CID151,DID51
CID152,DID1055
CID152,DID1158
CID152,DID1304
CID152,DID1425
CID152,DID475
CID153,DID259
CID153,DID750
CID154,DID499
CID154,DID864
CID155,DID13
CID155,DID148
CID155,DID316
CID155,DID445
CID155,DID914
CID155,DID984
CID156,DID1215
CID156,DID193
CID156,DID439
CID156,DID492
CID157,DID1022
CID157,DID769
CID157,DID79
CID158,DID277
CID158,DID63
CID158,DID779
CID158,DID817
CID158,DID828
CID158,DID878
CID159,DID1082
CID159,DID1408
CID159,DID8
CID159,DID917
CID160,DID104
CID160,DID159
CID160,DID508
CID161,DID1137
CID161,DID1377
CID161,DID255
CID161,DID322
CID161,DID45
CID161,DID564
CID162,DID1379
CID162,DID1394
CID162,DID205
CID162,DID652
CID162,DID664
CID163,DID108
CID163,DID1323
CID163,DID656
CID163,DID943
CID164,DID1305
CID164,DID1478
CID164,DID585
CID164,DID696
CID165,DID356
CID165,DID968
CID166,DID1111
CID166,DID1292
CID166,DID764
CID167,DID1114
CID167,DID588
CID168,DID1134
CID168,DID1453
CID168,DID247
CID168,DID694
CID168,DID725
CID168,DID752
CID169,DID196
CID169,DID274
CID169,DID281
CID169,DID320
CID169,DID490
CID169,DID686
CID170,DID1300
CID170,DID342
CID170,DID557
CID170,DID746
CID171,DID1484
CID171,DID512
CID172,DID1156
CID172,DID1266
CID172,DID394
CID173,DID241
CID173,DID271
CID173,DID369
CID174,DID1268
CID174,DID1321
CID174,DID162
CID174,DID412
CID175,DID713
CID176,DID890
CID177,DID1403
CID177,DID413
CID177,DID74
CID178,DID1080
CID178,DID1203
CID178,DID1353
CID178,DID438
CID178,DID593
CID178,DID648
CID179,DID265
CID179,DID400
CID180,DID1099
CID180,DID1437
CID180,DID22
CID180,DID526
CID180,DID855
CID180,DID866
CID181,DID1051
CID181,DID1063
CID181,DID1073
CID181,DID457
CID181,DID662
CID181,DID828
CID182,DID1155
CID182,DID1201
CID182,DID1257
CID182,DID389
CID182,DID793
CID183,DID1380
CID183,DID1406
CID183,DID879
CID184,DID1031
CID184,DID1396
CID184,DID146
CID184,DID250
CID184,DID319
CID184,DID537
CID185,DID1466
CID185,DID249
CID185,DID718
CID185,DID846
CID186,DID108
CID186,DID1266
CID186,DID615
CID186,DID802
CID186,DID978
CID187,DID1042
CID187,DID310
CID187,DID354
CID187,DID480
CID187,DID670
CID187,DID897
CID188,DID1327
CID189,DID1236
CID189,DID626
CID190,DID1013
CID190,DID199
CID190,DID681
CID190,DID864
CID190,DID898
CID191,DID1434
CID191,DID231
CID191,DID425
CID191,DID891
CID192,DID1488
CID192,DID558
CID192,DID752
CID192,DID939
CID193,DID1074
CID193,DID1176
CID193,DID1316
CID193,DID756
CID194,DID1116
CID194,DID1168
CID194,DID802
CID195,DID1136
CID195,DID1208
CID195,DID494
CID195,DID92
CID196,DID1228
CID196,DID1397
CID196,DID463
CID196,DID707
CID196,DID846
CID196,DID931
CID197,DID1448
CID197,DID626
CID197,DID644
CID197,DID961
CID198,DID1380
CID198,DID584
CID198,DID956
CID199,DID873
CID199,DID92
CID200,DID1135
CID200,DID1180
CID200,DID210
CID200,DID351
CID200,DID544
CID200,DID748
CID201,DID769
CID202,DID1029
CID203,DID289
CID203,DID702
CID203,DID95
CID204,DID1055
CID204,DID1373
CID204,DID1477
CID204,DID422
CID204,DID887
CID205,DID1106
CID205,DID702
CID205,DID793
CID206,DID16
CID206,DID770
CID206,DID849
CID206,DID915
CID207,DID1444
CID207,DID1453
CID207,DID410
CID207,DID959
CID208,DID603
CID208,DID615
CID208,DID848
CID208,DID861
CID209,DID134
CID209,DID26
CID209,DID289
CID209,DID390
CID209,DID673
CID209,DID843
CID210,DID1119
CID210,DID1350
CID210,DID174
CID210,DID309
CID210,DID502
CID210,DID71
CID211,DID1344
CID211,DID1383
CID211,DID1460
CID211,DID268
CID211,DID842
CID212,DID219
CID213,DID1071
CID213,DID1482
CID213,DID403
CID214,DID1037
CID214,DID1449
CID214,DID396
CID214,DID730
CID214,DID848
CID215,DID1287
CID215,DID1372
CID215,DID429
CID215,DID56
CID216,DID1248
CID216,DID618
CID216,DID62
CID216,DID665
CID216,DID973
CID217,DID1476
CID217,DID160
CID217,DID203
CID217,DID268
CID217,DID620
CID218,DID1314
CID218,DID1332
CID218,DID1426
CID218,DID171
CID218,DID854
CID219,DID1186
CID219,DID1230
CID219,DID2
CID219,DID251
CID220,DID53
CID220,DID812
CID221,DID1039
CID221,DID1136
CID221,DID1184
CID221,DID1279
CID221,DID504
CID221,DID777
CID222,DID1417
CID222,DID1443
CID222,DID1488
CID222,DID434
CID222,DID73
CID223,DID1177
CID224,DID139
CID224,DID1477
CID224,DID1497
CID224,DID431
CID224,DID94
CID224,DID950
CID225,DID1148
CID225,DID1498
CID225,DID848
CID225,DID949
CID226,DID1189
CID226,DID279
CID226,DID322
CID226,DID326
CID227,DID187
CID227,DID455
CID227,DID823
CID227,DID979
CID228,DID1100
CID228,DID185
CID228,DID26
CID228,DID365
CID228,DID473
CID228,DID59
CID229,DID636
CID230,DID1097
CID230,DID1396
CID230,DID406
CID230,DID469
CID230,DID841
CID231,DID1067
CID231,DID1185
CID231,DID1186
CID231,DID1277
CID231,DID1387
CID231,DID678
CID232,DID1011
CID232,DID1109
CID232,DID117
CID232,DID183
CID232,DID612
CID232,DID665
CID233,DID1298
CID233,DID1453
CID233,DID229
CID233,DID417
CID233,DID799
CID234,DID1153
CID234,DID1251
CID234,DID3
CID234,DID565
CID235,DID19
CID235,DID462
CID235,DID5
CID235,DID509
CID236,DID1191
CID236,DID1261
CID236,DID157
CID236,DID314
CID236,DID652
CID236,DID817
CID237,DID69
CID238,DID1230
CID238,DID409
CID238,DID606
CID238,DID650
CID239,DID430
CID239,DID541
CID239,DID657
CID239,DID704
CID239,DID846
CID239,DID947
CID240,DID1127
CID240,DID1348
CID240,DID215
CID240,DID457
CID240,DID820
CID241,DID636
CID242,DID1405
CID242,DID985
CID243,DID271
CID243,DID571
CID243,DID576
CID243,DID780
CID244,DID1152
CID244,DID1170
CID244,DID1221
CID244,DID1311
CID244,DID1312
CID244,DID834
CID245,DID1213
CID245,DID513
CID245,DID793
CID245,DID917
CID245,DID940
CID246,DID1
CID246,DID1183
CID246,DID147
CID246,DID244
CID246,DID359
CID246,DID849
CID247,DID1424
CID247,DID188
CID247,DID221
CID247,DID444
CID247,DID827
CID248,DID1127
CID248,DID1398
CID248,DID439
CID248,DID538
CID248,DID958
CID249,DID1149
CID249,DID289
CID249,DID295
CID250,DID14
CID250,DID632
CID251,DID113
CID251,DID1468
CID251,DID298
CID251,DID507
CID252,DID1214
CID252,DID1238
CID252,DID1391
CID252,DID949
CID253,DID1049
CID253,DID1236
CID253,DID20
CID253,DID342
CID253,DID43
CID253,DID927
CID254,DID1072
CID254,DID1115
CID254,DID1474
CID254,DID331
CID254,DID389
CID254,DID490
CID255,DID1075
CID255,DID114
CID255,DID1342
CID255,DID353
CID255,DID571
CID255,DID624
CID256,DID1133
CID256,DID1402
CID256,DID1407
CID256,DID557
CID257,DID1090
CID257,DID282
CID257,DID583
CID257,DID925
CID257,DID946
CID258,DID1484
CID258,DID380
CID259,DID159
CID259,DID456
CID259,DID615
CID259,DID933
CID260,DID1129
CID260,DID1151
CID260,DID247
CID260,DID52
CID260,DID554
CID260,DID811
CID261,DID1374
CID261,DID51
CID262,DID1013
CID262,DID130
CID262,DID1494
CID262,DID667
CID262,DID899
CID262,DID946
CID263,DID1277
CID263,DID1290
CID263,DID1420
CID263,DID724
CID264,DID1039
CID265,DID1281
CID265,DID1395
CID265,DID635
CID265,DID691
CID265,DID757
CID266,DID309
CID266,DID359
CID266,DID446
CID266,DID895
CID266,DID947
CID267,DID107
CID267,DID1130
CID267,DID42
CID267,DID587
CID268,DID8
CID268,DID834
CID269,DID1090
CID269,DID1159
CID269,DID1259
CID269,DID34
CID269,DID581
CID269,DID77
CID270,DID125
CID270,DID244
CID270,DID667
CID271,DID1470
CID272,DID1235
CID272,DID13
CID272,DID175
CID272,DID964
CID273,DID1020
CID273,DID310
CID273,DID322
CID273,DID365
CID274,DID1321
CID274,DID167
CID274,DID348
CID274,DID41
CID274,DID882
CID275,DID128
CID275,DID571
CID276,DID1417
CID276,DID216
CID276,DID480
CID276,DID702
CID276,DID890
CID277,DID1032
CID277,DID197
CID277,DID298
CID277,DID602
CID277,DID624
CID278,DID670
CID279,DID138
CID279,DID532
CID279,DID667
CID279,DID840
CID279,DID93
CID279,DID985
CID280,DID1117
CID280,DID356
CID280,DID373
CID280,DID69
CID281,DID1087
CID281,DID127
CID281,DID879
CID282,DID1026
CID282,DID1061
CID282,DID865
CID283,DID1384
CID283,DID414
CID283,DID640
CID283,DID756
CID284,DID1061
CID284,DID1118
CID284,DID341
CID284,DID607
CID284,DID797
CID285,DID1276
CID285,DID1367
CID285,DID563
CID285,DID685
CID285,DID889
CID285,DID947
CID286,DID191
CID286,DID271
CID286,DID304
CID286,DID551
CID286,DID738
CID287,DID1212
CID287,DID1468
CID287,DID223
CID287,DID956
CID287,DID984
CID288,DID1110
CID288,DID220
CID288,DID276
CID288,DID33
CID288,DID914
CID288,DID923
CID289,DID1030
CID289,DID1372
CID289,DID806
CID289,DID85
CID290,DID1285
CID290,DID328
CID290,DID986
CID291,DID1088
CID292,DID107
CID292,DID125
CID292,DID1417
CID292,DID1467
CID292,DID1480
CID292,DID290
CID293,DID1027
CID293,DID1259
CID293,DID1280
CID293,DID577
CID293,DID74
CID294,DID1041
CID294,DID1048
CID294,DID115
CID294,DID1196
CID294,DID944
CID295,DID1315
CID295,DID330
CID295,DID809
CID295,DID945
CID296,DID1194
CID296,DID150
CID296,DID223
CID296,DID457
CID296,DID506
CID296,DID650
CID297,DID919
CID298,DID148
CID298,DID161
CID298,DID893
CID299,DID1134
CID299,DID1177
CID299,DID1179
CID299,DID612
CID299,DID647
CID299,DID919
CID300,DID1009
CID300,DID1323
CID300,DID1391
CID300,DID70
CID301,DID362
CID301,DID570
CID302,DID1310
CID302,DID190
CID302,DID370
CID302,DID635
CID302,DID917
CID303,DID1233
CID303,DID126
CID303,DID1367
CID303,DID517
CID303,DID534
CID303,DID96
CID304,DID1500
CID304,DID363
CID304,DID382
CID304,DID540
CID304,DID544
CID304,DID754
CID305,DID1188
CID305,DID602
CID305,DID649
CID306,DID1038
CID306,DID105
CID306,DID443
CID306,DID861
CID306,DID984
CID307,DID1036
CID307,DID21
CID307,DID248
CID307,DID940
CID308,DID1488
CID308,DID565
CID308,DID635
CID308,DID770
CID308,DID911
CID309,DID123
CID309,DID1393
CID309,DID425
CID309,DID555
CID310,DID1324
CID310,DID1341
CID310,DID185
CID310,DID512
CID311,DID1186
CID311,DID716
CID311,DID757
CID312,DID1047
CID312,DID364
CID312,DID937
CID312,DID956
CID313,DID1402
CID313,DID156
CID314,DID154
CID314,DID70
CID314,DID961
CID315,DID1099
CID315,DID1270
CID315,DID1358
CID315,DID759
CID315,DID839
CID315,DID872
CID316,DID1322
CID316,DID1414
CID316,DID186
CID316,DID20
CID317,DID1321
CID317,DID1372
CID317,DID290
CID317,DID541
CID317,DID63
CID317,DID839
CID318,DID1020
CID318,DID1181
CID318,DID534
CID319,DID1067
CID319,DID1467
CID319,DID30
CID319,DID44
CID320,DID1060
CID320,DID186
CID320,DID435
CID320,DID490
CID320,DID57
CID320,DID915
CID321,DID1115
CID321,DID113
CID321,DID1497
CID321,DID603
CID322,DID1415
CID322,DID154
CID322,DID491
CID323,DID1106
CID323,DID1250
CID323,DID1255
CID323,DID1299
CID323,DID490
CID323,DID736
CID324,DID555
CID325,DID1427
CID325,DID291
CID325,DID330
CID325,DID5
CID325,DID807
CID326,DID1153
CID326,DID1449
CID326,DID187
CID327,DID12
CID327,DID1328
CID327,DID1385
CID327,DID179
CID328,DID1164
CID328,DID1436
CID328,DID303
CID328,DID326
CID328,DID69
CID329,DID116
CID329,DID1212
CID329,DID1287
CID329,DID65
CID329,DID661
CID329,DID668
CID330,DID1199
CID330,DID145
CID330,DID394
CID330,DID937
CID331,DID661
CID332,DID1314
CID332,DID427
CID332,DID788
CID333,DID1083
CID333,DID866
CID333,DID88
CID333,DID92
CID334,DID1425
CID334,DID608
CID334,DID610
CID334,DID820
CID335,DID1296
CID335,DID224
CID335,DID313
CID335,DID662
CID336,DID1484
CID337,DID1050
CID337,DID1113
CID337,DID1349
CID337,DID1354
CID337,DID1465
CID337,DID891
CID338,DID1140
CID338,DID1313
CID338,DID1356
CID338,DID1371
CID338,DID514
CID339,DID1304
CID340,DID1014
CID340,DID109
CID340,DID1177
CID340,DID305
CID340,DID475
CID341,DID1484
CID341,DID1485
CID341,DID772
CID342,DID1192
CID342,DID294
CID342,DID380
CID342,DID78
CID342,DID88
CID343,DID1302
CID343,DID594
CID343,DID633
CID343,DID854
CID344,DID1104
CID344,DID1493
CID344,DID293
CID344,DID362
CID344,DID845
CID344,DID875
CID345,DID1302
CID345,DID1328
CID345,DID348
CID345,DID50
CID345,DID608
CID345,DID878
CID346,DID1185
CID346,DID1316
CID346,DID191
CID346,DID431
CID346,DID635
CID346,DID952
CID347,DID1059
CID347,DID1321
CID347,DID334
CID348,DID1035
CID348,DID1074
CID348,DID165
CID348,DID456
CID348,DID503
CID348,DID683
CID349,DID380
CID350,DID440
CID350,DID449
CID350,DID684
CID350,DID727
CID351,DID1041
CID351,DID26
CID351,DID29
CID351,DID468
CID351,DID877
CID352,DID1168
CID352,DID120
CID352,DID273
CID352,DID755
CID353,DID141
CID353,DID219
CID353,DID726
CID353,DID78
CID353,DID824
CID353,DID89
CID354,DID1008
CID354,DID197
CID354,DID359
CID354,DID638
CID354,DID898
CID354,DID996
CID355,DID68
CID356,DID1106
CID356,DID19
CID356,DID418
CID356,DID610
CID356,DID936
CID357,DID416
CID358,DID1443
CID358,DID262
CID358,DID692
CID359,DID220
CID359,DID584
CID359,DID698
CID359,DID745
CID360,DID1052
CID360,DID1343
CID360,DID477
CID360,DID640
CID360,DID699
CID360,DID993
CID361,DID1259
CID361,DID594
CID361,DID748
CID362,DID1451
CID362,DID604
CID363,DID105
CID363,DID361
CID363,DID39
CID363,DID423
CID363,DID528
CID363,DID609
CID364,DID333
CID364,DID445
CID364,DID649
CID364,DID928
CID365,DID709
CID365,DID918
CID365,DID966
CID366,DID1265
CID366,DID135
CID366,DID1458
CID366,DID219
CID366,DID356
CID366,DID98
CID367,DID1026
CID367,DID1204
CID367,DID1430
CID367,DID1439
CID367,DID760
CID368,DID1244
CID368,DID433
CID368,DID438
CID368,DID45
CID368,DID677
CID368,DID72
CID369,DID1126
CID369,DID1415
CID369,DID292
CID369,DID405
CID369,DID859
CID369,DID864
CID370,DID328
CID370,DID493
CID370,DID722
CID371,DID299
CID372,DID1212
CID372,DID1390
CID372,DID417
CID372,DID874
CID373,DID1016
CID373,DID1352
CID373,DID161
CID373,DID70
CID374,DID1204
CID374,DID1217
CID374,DID1257
CID374,DID337
CID374,DID539
CID374,DID906
CID375,DID205
CID375,DID385
CID375,DID409
CID375,DID696
CID376,DID1045
CID376,DID1168
CID376,DID1279
CID376,DID1392
CID376,DID338
CID377,DID1136
CID377,DID1274
CID377,DID1312
CID377,DID1334
CID377,DID81
CID378,DID1139
CID378,DID542
CID379,DID1111
CID379,DID115
CID379,DID1261
CID379,DID155
CID380,DID1176
CID380,DID182
CID380,DID816
CID380,DID889
CID381,DID1063
CID381,DID1273
CID381,DID1497
CID381,DID377
CID381,DID526
CID382,DID132
CID382,DID322
CID382,DID4
CID383,DID1443
CID383,DID196
CID383,DID292
CID383,DID447
CID383,DID660
CID384,DID1213
CID384,DID1483
CID384,DID380
CID384,DID978
CID385,DID1028
CID385,DID1352
CID385,DID356
CID385,DID904
CID385,DID955
CID386,DID1016
CID386,DID1267
CID386,DID275
CID386,DID771
CID387,DID1238
CID387,DID757
CID387,DID985
CID388,DID1273
CID388,DID1418
CID388,DID1424
CID388,DID591
CID388,DID911
CID389,DID1428
CID389,DID306
CID389,DID569
CID389,DID858
CID390,DID1359
CID391,DID104
CID391,DID1274
CID391,DID1400
CID391,DID1488
CID392,DID1495
CID392,DID719
CID392,DID759
CID392,DID789
CID392,DID872
CID392,DID887
CID393,DID557
CID393,DID708
CID394,DID371
CID394,DID933
CID395,DID13
CID395,DID268
CID396,DID1190
CID396,DID1219
CID396,DID1438
CID396,DID1477
CID396,DID960
CID397,DID1035
CID397,DID132
CID397,DID148
CID397,DID459
CID397,DID972
CID398,DID1230
CID398,DID1385
CID398,DID1496
CID398,DID480
CID398,DID650
CID399,DID1125
CID399,DID571
CID399,DID66
CID399,DID992
CID400,DID352
CID400,DID404
CID400,DID587
CID401,DID43
CID402,DID1073
CID402,DID1158
CID402,DID328
CID402,DID370
CID402,DID776
CID403,DID1223
CID403,DID798
CID404,DID1074
CID404,DID541
CID404,DID573
CID404,DID616
CID404,DID634
CID405,DID1284
CID405,DID1302
CID405,DID642
CID405,DID956
CID405,DID994
CID406,DID1252
CID406,DID1302
CID406,DID1459
CID406,DID392
CID406,DID453
CID406,DID679
CID407,DID1078
CID407,DID1172
CID407,DID275
CID407,DID723
CID407,DID905
CID408,DID1049
CID408,DID1350
CID408,DID1396
CID409,DID1093
CID409,DID1190
CID409,DID1220
CID409,DID1365
CID409,DID96
CID409,DID975
CID410,DID1048
CID410,DID315
CID410,DID528
CID410,DID610
CID410,DID874
CID411,DID1247
CID411,DID424
CID411,DID589
CID411,DID594
CID411,DID69
CID411,DID993
CID412,DID1349
CID412,DID1406
CID412,DID369
CID413,DID1282
CID413,DID696
CID414,DID1235
CID414,DID394
CID414,DID749
CID415,DID1193
CID415,DID1246
CID415,DID196
CID415,DID631
CID416,DID844
CID417,DID1196
CID417,DID1331
CID417,DID1335
CID417,DID407
CID417,DID767
CID417,DID852
CID418,DID661
CID419,DID1171
CID419,DID173
CID419,DID2
CID419,DID309
CID419,DID808
CID420,DID1001
CID420,DID1409
CID420,DID172
CID420,DID521
CID420,DID572
CID421,DID1120
CID421,DID133
CID421,DID1381
CID421,DID1452
CID421,DID898
CID421,DID917
CID422,DID1243
CID422,DID401
CID422,DID70
CID422,DID885
CID423,DID1319
CID423,DID1424
CID423,DID161
CID423,DID383
CID423,DID657
CID424,DID469
CID424,DID932
CID425,DID1339
CID425,DID1374
CID425,DID405
CID425,DID432
CID425,DID943
CID426,DID215
CID426,DID602
CID427,DID1035
CID427,DID1358
CID427,DID873
CID428,DID106
CID428,DID1489
CID428,DID1500
CID428,DID361
CID428,DID611
CID429,DID1352
CID429,DID215
CID429,DID394
CID429,DID455
CID429,DID829
CID430,DID1029
CID430,DID1046
CID431,DID525
CID432,DID1051
CID432,DID1121
CID432,DID153
CID432,DID544
CID433,DID1001
CID433,DID418
CID433,DID518
CID433,DID627
CID434,DID1119
CID434,DID1371
CID434,DID18
CID434,DID842
CID434,DID892
CID435,DID104
CID435,DID1108
CID435,DID1289
CID435,DID14
CID436,DID1360
CID436,DID1382
CID436,DID417
CID436,DID567
CID436,DID816
CID437,DID111
CID437,DID762
CID438,DID144
CID438,DID1459
CID438,DID51
CID438,DID638
CID439,DID379
CID439,DID408
CID439,DID459
CID440,DID1087
CID440,DID112
CID440,DID160
CID440,DID668
CID440,DID926
CID440,DID956
CID441,DID1030
CID441,DID346
CID441,DID497
CID441,DID94
CID442,DID1032
CID442,DID1119
CID442,DID1226
CID442,DID26
CID442,DID447
CID442,DID950
CID443,DID299
CID443,DID523
CID443,DID677
CID444,DID1061
CID444,DID1210
CID444,DID1441
CID444,DID159
CID444,DID254
CID444,DID631
CID445,DID1072
CID445,DID1248
CID445,DID1308
CID445,DID193
CID445,DID336
CID445,DID448
CID446,DID1060
CID446,DID1291
CID447,DID257
CID447,DID808
CID448,DID1198
CID448,DID360
CID448,DID422
CID448,DID607
CID448,DID730
CID448,DID895
CID449,DID1012
CID449,DID1194
CID449,DID1386
CID449,DID756
CID449,DID917
CID450,DID1112
CID450,DID1144
CID450,DID134
CID450,DID62
CID451,DID1029
CID451,DID1188
CID451,DID1246
CID451,DID1258
CID451,DID165
CID452,DID1028
CID452,DID1443
CID452,DID353
CID452,DID884
CID453,DID438
CID453,DID667
CID453,DID704
CID453,DID819
CID454,DID1040
CID454,DID552
CID455,DID5
CID455,DID637
CID456,DID1176
CID456,DID1483
CID457,DID1038
CID457,DID1231
CID458,DID1456
CID458,DID321
CID458,DID637
CID459,DID1026
CID459,DID1034
CID459,DID251
CID459,DID503
CID460,DID1411
CID460,DID240
CID460,DID538
CID460,DID55
CID460,DID70
CID461,DID1228
CID461,DID1342
CID461,DID1462
CID461,DID361
CID461,DID739
CID462,DID1316
CID462,DID416
CID462,DID426
CID462,DID80
CID462,DID810
CID463,DID1018
CID463,DID1347
CID463,DID1497
CID463,DID238
CID463,DID560
CID463,DID887
CID464,DID1234
CID464,DID1441
CID464,DID39
CID464,DID96
CID465,DID1455
CID465,DID551
CID465,DID67
CID466,DID1480
CID466,DID150
CID466,DID57
CID466,DID597
CID466,DID786
CID466,DID859
CID467,DID1090
CID467,DID1470
CID467,DID791
CID468,DID1281
CID468,DID1406
CID468,DID405
CID468,DID77
CID468,DID888
CID468,DID89
CID469,DID1019
CID469,DID1117
CID469,DID112
CID470,DID1017
CID470,DID106
CID470,DID1152
CID470,DID1457
CID470,DID52
CID471,DID216
CID472,DID1381
CID472,DID628
CID472,DID755
CID472,DID913
CID473,DID1332
CID473,DID1416
CID473,DID181
CID473,DID316
CID473,DID854
CID474,DID1013
CID474,DID422
CID475,DID1258
CID475,DID146
CID475,DID959
CID476,DID1082
CID476,DID1118
CID476,DID379
CID476,DID636
CID476,DID879
CID477,DID106
CID477,DID1391
CID477,DID259
CID477,DID379
CID477,DID488
CID478,DID12
CID478,DID1257
CID478,DID1295
CID478,DID1480
CID478,DID353
CID478,DID851
CID479,DID1036
CID479,DID1115
CID479,DID1382
CID479,DID1439
CID479,DID504
CID480,DID1275
CID480,DID169
CID480,DID30
CID480,DID943
CID481,DID1122
CID481,DID1203
CID481,DID365
CID481,DID469
CID482,DID1032
CID482,DID1133
CID482,DID293
CID482,DID350
CID482,DID888
CID483,DID1312
CID483,DID399
CID483,DID49
CID483,DID490
CID483,DID802
CID484,DID920
CID485,DID281
CID485,DID288
CID485,DID29
CID485,DID650
CID485,DID975
CID485,DID985
CID486,DID1163
CID487,DID1235
CID487,DID1408
CID488,DID1037
CID488,DID121
CID488,DID140
CID488,DID443
CID488,DID475
CID489,DID1080
CID489,DID213
CID489,DID25
CID489,DID554
CID489,DID692
CID490,DID1186
CID490,DID252
CID490,DID70
CID490,DID707
CID491,DID1278
CID491,DID791
CID491,DID821
CID491,DID832
CID492,DID1098
CID492,DID1274
CID492,DID1377
CID492,DID627
CID492,DID721
CID493,DID1131
CID493,DID885
CID494,DID187
CID494,DID468
CID494,DID523
CID495,DID207
CID495,DID288
CID496,DID1143
CID496,DID142
CID496,DID1463
CID497,DID1387
CID497,DID267
CID497,DID789
CID498,DID78
CID499,DID1184
CID499,DID302
CID499,DID480
CID499,DID52
CID499,DID718
CID500,DID1068
CID500,DID130
CID500,DID1349
CID500,DID1390
CID500,DID560
CID500,DID659
CID501,DID1320
CID501,DID1500
CID501,DID271
CID501,DID329
CID501,DID424
CID501,DID991
CID502,DID1062
CID502,DID1297
CID502,DID1396
CID502,DID1453
CID502,DID505
CID502,DID823
CID503,DID50
CID503,DID688
CID503,DID72
CID504,DID1045
CID504,DID1084
CID504,DID1189
CID504,DID1232
CID505,DID134
CID505,DID484
CID505,DID693
CID506,DID1062
CID506,DID727
CID506,DID85
CID506,DID868
CID506,DID994
CID507,DID126
CID507,DID1352
CID507,DID519
CID507,DID946
CID508,DID1450
CID508,DID205
CID508,DID397
CID508,DID945
CID509,DID1086
CID509,DID114
CID509,DID1308
CID509,DID260
CID509,DID400
CID510,DID1100
CID510,DID1488
CID510,DID346
CID510,DID584
CID510,DID648
CID511,DID111
CID511,DID1126
CID511,DID352
CID512,DID1123
CID512,DID1322
CID512,DID332
CID512,DID373
CID513,DID1172
CID513,DID338
CID514,DID11
CID514,DID164
CID514,DID335
CID514,DID891
CID515,DID1097
CID515,DID215
CID515,DID425
CID515,DID44
CID515,DID762
CID515,DID78
CID516,DID1158
CID516,DID609
CID517,DID1419
CID517,DID651
CID518,DID1111
CID518,DID163
CID518,DID480
CID518,DID927
CID519,DID1488
CID520,DID106
CID520,DID372
CID520,DID627
CID520,DID683
CID520,DID912
CID521,DID1167
CID521,DID1168
CID521,DID1484
CID521,DID162
CID521,DID461
CID521,DID636
CID522,DID1254
CID522,DID1467
CID522,DID245
CID522,DID37
CID522,DID919
CID523,DID255
CID523,DID443
CID523,DID724
CID523,DID901
CID524,DID1156
CID524,DID1309
CID524,DID1384
CID524,DID163
CID524,DID438
CID524,DID836
CID525,DID1125
CID525,DID272
CID525,DID965
CID526,DID1066
CID526,DID366
CID526,DID396
CID526,DID542
CID527,DID116
CID527,DID742
CID528,DID1033
CID528,DID1048
CID528,DID311
CID528,DID442
CID528,DID644
CID528,DID657
CID529,DID466
CID529,DID553
CID529,DID774
CID530,DID1244
CID530,DID758
CID531,DID1308
CID531,DID1310
CID531,DID1374
CID531,DID588
CID531,DID629
CID531,DID676
CID532,DID1344
CID532,DID519
CID533,DID1156
CID533,DID128
CID533,DID476
CID533,DID905
CID534,DID17
CID535,DID1370
CID535,DID197
CID535,DID502
CID535,DID868
CID536,DID1468
CID536,DID268
CID536,DID305
CID536,DID344
CID536,DID597
CID536,DID754
CID537,DID1089
CID537,DID1223
CID537,DID669
CID537,DID951
CID538,DID1400
CID538,DID363
CID538,DID785
CID538,DID79
CID539,DID1233
CID539,DID241
CID540,DID1149
CID540,DID1462
CID540,DID484
CID541,DID113
CID542,DID1419
CID542,DID971
CID542,DID977
CID543,DID1001
CID544,DID1027
CID544,DID1099
CID544,DID1409
CID544,DID716
CID545,DID1024
CID545,DID1435
CID545,DID190
CID545,DID345
CID545,DID439
CID546,DID1372
CID546,DID1373
CID547,DID1062
CID547,DID1375
CID547,DID178
CID547,DID221
CID547,DID542
CID547,DID545
CID548,DID1448
CID548,DID431
CID548,DID516
CID548,DID897
CID548,DID921
CID549,DID1083
CID549,DID543
CID549,DID596
CID549,DID614
CID549,DID782
CID549,DID876
CID550,DID1013
CID550,DID1318
CID550,DID516
CID550,DID971
CID551,DID937
CID552,DID1436
CID552,DID208
CID552,DID230
CID552,DID370
CID552,DID606
CID553,DID1015
CID553,DID1046
CID553,DID233
CID553,DID522
CID553,DID705
CID554,DID1244
CID554,DID1265
CID554,DID1269
CID554,DID427
CID554,DID939
CID554,DID996
CID555,DID1382
CID555,DID1398
CID555,DID824
CID555,DID956
CID556,DID1093
CID556,DID299
CID556,DID633
CID557,DID1084
CID557,DID452
CID557,DID465
CID557,DID497
CID557,DID567
CID557,DID60
CID558,DID1276
CID559,DID1139
CID559,DID945
CID560,DID1015
CID560,DID1281
CID560,DID1326
CID560,DID328
CID560,DID470
CID560,DID898
CID561,DID1057
CID561,DID461
CID561,DID656
CID561,DID74
CID562,DID732
CID563,DID116
CID563,DID1226
CID563,DID1464
CID563,DID252
CID563,DID624
CID564,DID1046
CID564,DID1203
CID564,DID1380
CID564,DID146
CID564,DID677
CID564,DID984
CID565,DID907
CID566,DID1023
CID566,DID228
CID566,DID890
CID567,DID1235
CID567,DID1304
CID567,DID178
CID567,DID341
CID567,DID383
CID568,DID1238
CID569,DID1280
CID569,DID161
CID569,DID177
CID569,DID680
CID569,DID841
CID569,DID97
CID570,DID197
CID570,DID462
CID570,DID786
CID570,DID973
CID571,DID948
CID572,DID1340
CID572,DID25
CID572,DID752
CID572,DID763
CID572,DID793
CID572,DID822
CID573,DID814
CID574,DID175
CID574,DID318
CID574,DID614
CID574,DID786
CID574,DID934
CID575,DID1016
CID575,DID72
CID576,DID1167
CID576,DID1188
CID576,DID431
CID576,DID865
CID577,DID424
CID578,DID1015
CID578,DID1180
CID578,DID1267
CID578,DID22
CID579,DID1388
CID579,DID767
CID579,DID825
CID580,DID1309
CID580,DID147
CID580,DID354
CID580,DID362
CID580,DID386
CID580,DID577
CID581,DID1451
CID581,DID283
CID581,DID698
CID582,DID11
CID582,DID1328
CID582,DID408
CID582,DID412
CID582,DID5
CID582,DID713
CID583,DID1030
CID583,DID1396
CID583,DID147
CID583,DID481
CID583,DID589
CID583,DID688
CID584,DID1119
CID584,DID1427
CID584,DID193
CID584,DID377
CID584,DID679
CID585,DID1039
CID585,DID1101
CID585,DID1146
CID585,DID1348
CID585,DID3
CID585,DID619
CID586,DID1032
CID586,DID1328
CID586,DID312
CID586,DID314
CID586,DID455
CID586,DID898
CID587,DID1254
CID587,DID1412
CID587,DID253
CID587,DID320
CID587,DID774
CID587,DID967
CID588,DID679
CID589,DID1198
CID589,DID1369
CID589,DID991
CID590,DID1361
CID590,DID1442
CID590,DID200
CID590,DID217
CID590,DID390
CID591,DID1289
CID591,DID290
CID591,DID294
CID591,DID303
CID592,DID1131
CID592,DID1236
CID592,DID794
CID592,DID854
CID592,DID942
CID593,DID367
CID593,DID484
CID593,DID754
CID594,DID1049
CID594,DID1437
CID594,DID1457
CID594,DID1492
CID594,DID725
CID595,DID1492
CID595,DID578
CID595,DID593
CID595,DID66
CID595,DID797
CID595,DID896
CID596,DID323
CID596,DID542
CID596,DID560
CID596,DID98
CID597,DID1069
CID597,DID1368
CID597,DID1374
CID597,DID1456
CID597,DID149
CID597,DID974
CID598,DID1152
CID598,DID387
CID598,DID564
CID598,DID611
CID598,DID834
CID599,DID1169
CID599,DID1288
CID599,DID286
CID599,DID496
CID599,DID755
CID599,DID998
CID600,DID1179
CID600,DID387
CID600,DID428
CID601,DID12
CID601,DID358
CID601,DID719
CID601,DID761
CID602,DID136
CID602,DID300
CID602,DID349
CID602,DID44
CID602,DID527
CID602,DID647
CID603,DID1040
CID603,DID1380
CID603,DID288
CID603,DID570
CID604,DID202
CID604,DID38
CID604,DID405
CID604,DID412
CID604,DID871
CID605,DID475
CID605,DID696
CID606,DID64
CID606,DID839
CID606,DID860
CID606,DID950
CID607,DID1022
CID607,DID178
CID607,DID50
CID608,DID1352
CID608,DID1472
CID608,DID482
CID609,DID1032
CID609,DID1401
CID609,DID1437
CID609,DID566
CID609,DID669
CID610,DID1107
CID610,DID518
CID610,DID632
CID610,DID852
CID611,DID1173
CID611,DID1205
CID611,DID1269
CID611,DID1496
CID612,DID154
CID612,DID868
CID612,DID923
CID613,DID103
CID613,DID1081
CID613,DID1124
CID613,DID1341
CID613,DID1473
CID613,DID190
CID614,DID360
CID614,DID643
CID614,DID990
CID615,DID404
CID615,DID451
CID616,DID218
CID616,DID988
CID617,DID1297
CID617,DID1412
CID617,DID234
CID617,DID439
CID617,DID59
CID618,DID494
CID619,DID1115
CID619,DID1125
CID619,DID1373
CID619,DID601
CID619,DID797
CID620,DID335
CID620,DID58
CID620,DID621
CID620,DID626
CID620,DID762
CID621,DID1010
CID621,DID1463
CID621,DID600
CID621,DID680
CID622,DID1189
CID623,DID425
CID623,DID485
CID623,DID517
CID623,DID613
CID624,DID859
CID625,DID10
CID625,DID1049
CID625,DID1163
CID625,DID462
CID625,DID661
CID625,DID951
CID626,DID262
CID626,DID445
CID626,DID803
CID627,DID1042
CID627,DID1072
CID627,DID1212
CID627,DID1440
CID627,DID817
CID627,DID915
CID628,DID1137
CID628,DID205
CID628,DID573
CID629,DID1366
CID629,DID1463
CID629,DID499
CID629,DID50
CID629,DID613
CID629,DID781
CID630,DID3
CID630,DID419
CID630,DID668
CID630,DID916
CID630,DID96
CID631,DID12
CID631,DID501
CID631,DID547
CID631,DID709
CID632,DID756
CID632,DID792
CID633,DID1038
CID633,DID1048
CID633,DID1409
CID633,DID345
CID633,DID364
CID633,DID930
CID634,DID1289
CID634,DID227
CID634,DID642
CID634,DID759
CID635,DID1292
CID635,DID1477
CID635,DID310
CID636,DID1241
CID636,DID1491
CID636,DID343
CID636,DID573
CID636,DID85
CID637,DID1327
CID637,DID316
CID637,DID319
CID638,DID1264
CID638,DID408
CID638,DID451
CID639,DID1
CID639,DID111
CID639,DID1174
CID639,DID1420
CID639,DID461
CID640,DID1058
CID640,DID1062
CID640,DID198
CID640,DID251
CID641,DID1062
CID641,DID1428
CID641,DID447
CID641,DID600
CID642,DID1213
CID642,DID1284
CID642,DID221
CID642,DID31
CID642,DID487
CID643,DID1287
CID643,DID1396
CID643,DID439
CID644,DID197
CID644,DID27
CID644,DID416
CID644,DID674
CID644,DID681
CID644,DID852
CID645,DID177
CID645,DID681
CID646,DID1027
CID646,DID273
CID647,DID505
CID647,DID727
CID647,DID878
CID647,DID980
CID648,DID1202
CID648,DID1230
CID648,DID1407
CID648,DID208
CID649,DID122
CID649,DID144
CID649,DID267
CID649,DID391
CID649,DID777
CID649,DID992
CID650,DID1441
CID650,DID285
CID650,DID377
CID650,DID470
CID650,DID711
CID651,DID1406
CID651,DID484
CID651,DID650
CID651,DID880
CID652,DID1128
CID652,DID168
CID652,DID352
CID652,DID419
CID652,DID816
CID653,DID1046
CID653,DID1378
CID653,DID318
CID653,DID634
CID653,DID893
CID653,DID951
CID654,DID1058
CID654,DID317
CID654,DID332
CID654,DID445
CID654,DID554
CID654,DID686
CID655,DID1210
CID655,DID1410
CID655,DID365
CID655,DID373
CID655,DID698
CID655,DID998
CID656,DID126
CID656,DID891
CID657,DID1017
CID657,DID1240
CID657,DID153
CID657,DID83
CID657,DID908
CID658,DID355
CID658,DID427
CID658,DID52
CID658,DID93
CID658,DID950
CID659,DID1127
CID659,DID420
CID659,DID639
CID659,DID868
CID659,DID975
CID660,DID1386
CID660,DID857
CID660,DID989
CID661,DID342
CID661,DID561
CID661,DID589
CID661,DID677
CID661,DID842
CID662,DID1219
CID662,DID226
CID662,DID310
CID662,DID440
CID662,DID731
CID663,DID157
CID663,DID325
CID663,DID41
CID664,DID127
CID664,DID716
CID664,DID752
CID665,DID1238
CID665,DID149
CID665,DID682
CID665,DID906
CID666,DID1053
CID666,DID1057
CID666,DID1232
CID666,DID1434
CID666,DID787
CID667,DID614
CID667,DID736
CID668,DID1469
CID668,DID1489
CID668,DID209
CID668,DID359
CID668,DID751
CID669,DID1441
CID669,DID285
CID669,DID290
CID669,DID652
CID669,DID696
CID669,DID736
CID670,DID1214
CID670,DID921
CID671,DID1064
CID671,DID1076
CID671,DID223
CID671,DID287
CID671,DID565
CID672,DID1269
CID672,DID679
CID672,DID710
CID673,DID105
CID673,DID1222
CID673,DID861
CID674,DID1025
CID674,DID1069
CID674,DID1284
CID674,DID1400
CID674,DID261
CID674,DID994
CID675,DID10
CID675,DID245
CID675,DID756
CID675,DID920
CID676,DID1191
CID676,DID418
CID676,DID56
CID676,DID644
CID677,DID42
CID677,DID979
CID678,DID1028
CID678,DID713
CID678,DID850
CID678,DID857
CID679,DID1261
CID679,DID1304
CID679,DID418
CID680,DID1182
CID680,DID120
CID680,DID338
CID680,DID409
CID680,DID490
CID681,DID1191
CID681,DID862
CID682,DID109
CID682,DID11
CID682,DID1152
CID682,DID1425
CID682,DID243
CID682,DID510
CID683,DID1284
CID683,DID407
CID683,DID473
CID683,DID563
CID684,DID1028
CID684,DID1084
CID684,DID1181
CID684,DID241
CID684,DID46
CID685,DID1275
CID685,DID1446
CID685,DID166
CID685,DID895
CID685,DID961
CID686,DID1242
CID686,DID1388
CID686,DID229
CID686,DID881
CID687,DID1496
CID687,DID31
CID687,DID468
CID687,DID827
CID687,DID906
CID688,DID1063
CID688,DID1191
CID688,DID1474
CID688,DID794
CID689,DID1381
CID689,DID1412
CID689,DID664
CID689,DID747
CID690,DID1434
CID690,DID517
CID690,DID617
CID691,DID1316
CID691,DID1393
CID691,DID592
CID691,DID72
CID691,DID768
CID691,DID971
CID692,DID301
CID692,DID513
CID692,DID947
CID692,DID974
CID693,DID875
CID694,DID1034
CID694,DID13
CID694,DID1370
CID694,DID1398
CID694,DID46
CID694,DID94
CID695,DID341
CID695,DID471
CID695,DID804
CID695,DID990
CID696,DID103
CID696,DID738
CID696,DID777
CID696,DID952
CID697,DID295
CID697,DID315
CID698,DID259
CID698,DID710
CID699,DID218
CID700,DID1131
CID700,DID616
CID700,DID937
CID701,DID237
CID701,DID45
CID701,DID78
CID701,DID955
CID702,DID197
CID702,DID939
CID703,DID208
CID703,DID281
CID704,DID370
CID704,DID682
CID704,DID742
CID704,DID872
CID705,DID1276
CID705,DID494
CID706,DID210
CID707,DID1267
CID707,DID276
CID707,DID392
CID707,DID412
CID707,DID480
CID707,DID615
CID708,DID371
CID708,DID505
CID709,DID1273
CID709,DID1466
CID709,DID356
CID709,DID470
CID709,DID68
CID710,DID1079
CID710,DID1156
CID710,DID1391
CID710,DID250
CID710,DID264
CID710,DID995
CID711,DID1122
CID711,DID1151
CID711,DID1243
CID711,DID1384
CID711,DID984
CID712,DID1317
CID712,DID1370
CID712,DID227
CID712,DID247
CID712,DID74
CID712,DID872
CID713,DID1127
CID713,DID500
CID713,DID809
CID714,DID1491
CID715,DID1221
CID715,DID1319
CID715,DID543
CID715,DID626
CID715,DID942
CID716,DID1393
CID717,DID1285
CID717,DID1373
CID717,DID144
CID717,DID146
CID717,DID309
CID718,DID39
CID718,DID462
CID718,DID475
CID718,DID975
CID719,DID1027
CID719,DID1412
CID719,DID18
CID719,DID21
CID720,DID297
CID720,DID630
CID721,DID1001
CID722,DID1029
CID722,DID1119
CID722,DID574
CID722,DID789
CID723,DID1143
CID723,DID1298
CID723,DID1435
CID723,DID583
CID723,DID692
CID724,DID1151
CID725,DID283
CID725,DID333
CID725,DID712
CID725,DID798
CID725,DID804
CID725,DID876
CID726,DID1437
CID726,DID239
CID726,DID309
CID727,DID1113
CID727,DID602
CID727,DID788
CID727,DID800
CID727,DID905
CID727,DID924
CID728,DID103
CID728,DID907
CID729,DID1353
CID729,DID1404
CID729,DID29
CID729,DID476
CID729,DID544
CID730,DID1465
CID730,DID148
CID730,DID168
CID731,DID1415
CID731,DID154
CID731,DID978
CID732,DID1055
CID732,DID1353
CID732,DID1398
CID732,DID1426
CID732,DID572
CID732,DID666
CID733,DID1216
CID733,DID498
CID734,DID153
CID734,DID234
CID734,DID50
CID734,DID867
CID735,DID1023
CID735,DID1480
CID735,DID272
CID735,DID383
CID735,DID5
CID735,DID556
CID736,DID662
CID737,DID188
CID737,DID322
CID737,DID714
CID738,DID1050
CID738,DID1078
CID738,DID1249
CID738,DID311
CID739,DID1368
CID739,DID1425
CID739,DID311
CID739,DID644
CID739,DID847
CID739,DID901
CID740,DID1107
CID740,DID420
CID741,DID1090
CID741,DID115
CID741,DID1363
CID741,DID656
CID741,DID800
CID741,DID927
CID742,DID188
CID743,DID240
CID743,DID917
CID744,DID175
CID744,DID211
CID744,DID749
CID745,DID1079
CID745,DID1364
CID746,DID1314
CID747,DID103
CID747,DID1290
CID747,DID450
CID747,DID487
CID747,DID67
CID747,DID731
CID748,DID1295
CID748,DID1494
CID748,DID386
CID748,DID686
CID749,DID1101
CID749,DID1332
CID749,DID146
CID749,DID793
CID749,DID833
CID750,DID1003
CID750,DID1154
CID750,DID336
CID750,DID892
CID750,DID975
CID751,DID1317
CID751,DID364
CID751,DID366
CID752,DID1279
CID752,DID1326
CID752,DID344
CID752,DID520
CID752,DID634
CID752,DID784
CID753,DID190
CID753,DID239
CID753,DID478
CID753,DID992
CID754,DID40
CID754,DID559
CID754,DID99
CID755,DID1101
CID755,DID1126
CID755,DID132
CID755,DID1352
CID755,DID1410
CID756,DID1236
CID756,DID448
CID756,DID613
CID756,DID680
CID757,DID242
CID757,DID463
CID757,DID600
CID757,DID603
CID757,DID821
CID758,DID1340
CID758,DID780
CID759,DID1177
CID759,DID1190
CID759,DID259
CID759,DID466
CID760,DID1253
CID760,DID1285
CID760,DID1363
CID760,DID250
CID761,DID171
CID761,DID283
CID761,DID290
CID761,DID986
CID762,DID1352
CID762,DID213
CID762,DID546
CID762,DID659
CID762,DID7
CID763,DID1370
CID763,DID220
CID763,DID56
CID763,DID867
CID764,DID1037
CID764,DID1113
CID764,DID225
CID764,DID490
CID765,DID1190
CID765,DID525
CID765,DID901
CID765,DID968
CID766,DID1120
CID766,DID1183
CID766,DID1276
CID766,DID1384
CID766,DID1490
CID766,DID370
CID767,DID324
CID767,DID377
CID767,DID632
CID767,DID929
CID768,DID1019
CID768,DID150
CID768,DID289
CID768,DID652
CID768,DID789
CID768,DID823
CID769,DID1205
CID769,DID474
CID769,DID820
CID770,DID1180
CID770,DID294
CID770,DID320
CID770,DID324
CID770,DID586
CID771,DID1303
CID771,DID318
CID771,DID466
CID771,DID660
CID771,DID872
CID771,DID940
CID772,DID1065
CID773,DID12
CID773,DID1384
CID773,DID453
CID773,DID800
CID774,DID1208
CID774,DID1300
CID774,DID648
CID774,DID896
CID775,DID1338
CID775,DID1461
CID775,DID497
CID776,DID1189
CID776,DID1349
CID776,DID263
CID776,DID306
CID776,DID848
CID777,DID1222
CID778,DID1156
CID778,DID40
CID778,DID413
CID778,DID608
CID778,DID741
CID778,DID900
CID779,DID538
CID779,DID897
CID779,DID970
CID780,DID1401
CID780,DID297
CID780,DID496
CID780,DID686
CID780,DID720
CID780,DID945
CID781,DID457
CID781,DID711
CID781,DID725
CID781,DID856
CID782,DID1130
CID782,DID1232
CID782,DID1391
CID782,DID203
CID782,DID389
CID782,DID427
CID783,DID1366
CID783,DID1461
CID783,DID35
CID783,DID508
CID783,DID526
CID783,DID906
CID784,DID1117
CID784,DID125
CID784,DID194
CID784,DID442
CID784,DID585
CID784,DID921
CID785,DID1255
CID785,DID404
CID785,DID776
CID785,DID822
CID785,DID876
CID786,DID1017
CID786,DID128
CID786,DID66
CID786,DID683
CID786,DID847
CID787,DID1082
CID787,DID1224
CID787,DID590
CID787,DID983
CID788,DID1252
CID788,DID1347
CID788,DID348
CID788,DID408
CID789,DID110
CID789,DID1379
CID789,DID1397
CID789,DID166
CID789,DID197
CID789,DID608
CID790,DID1028
CID790,DID1287
CID790,DID1491
CID790,DID503
CID790,DID776
CID790,DID972
CID791,DID1099
CID791,DID1155
CID791,DID533
CID792,DID1291
CID792,DID1497
CID792,DID75
CID792,DID872
CID792,DID986
CID793,DID1044
CID793,DID1256
CID793,DID130
CID793,DID975
CID794,DID1491
CID794,DID718
CID795,DID1072
CID795,DID530
CID795,DID575
CID795,DID695
CID795,DID71
CID796,DID919
CID797,DID1274
CID797,DID1293
CID797,DID1305
CID797,DID300
CID797,DID374
CID797,DID488
CID798,DID247
CID798,DID88
CID799,DID11
CID799,DID450
CID799,DID584
CID799,DID78
CID799,DID807
CID800,DID469
CID800,DID622
CID800,DID930
CID801,DID1316
CID801,DID946
CID802,DID105
CID802,DID269
CID802,DID5
CID803,DID1030
CID803,DID1103
CID803,DID1266
CID803,DID1374
CID803,DID498
CID804,DID1324
CID804,DID1386
CID804,DID293
CID804,DID848
CID804,DID852
CID805,DID1030
CID805,DID122
CID805,DID236
CID805,DID254
CID805,DID920
CID806,DID1022
CID806,DID462
CID806,DID813
CID806,DID860
CID807,DID1139
CID807,DID1343
CID807,DID20
CID807,DID416
CID807,DID690
CID807,DID953
CID808,DID1059
CID809,DID1094
CID809,DID1357
CID809,DID316
CID809,DID330
CID809,DID555
CID810,DID1392
CID810,DID1461
CID810,DID263
CID810,DID815
CID811,DID112
CID811,DID154
CID811,DID336
CID811,DID643
CID811,DID830
CID812,DID1256
CID812,DID245
CID812,DID449
CID812,DID539
CID812,DID651
CID812,DID863
CID813,DID640
CID813,DID873
CID814,DID1103
CID814,DID206
CID814,DID861
CID814,DID867
CID815,DID130
CID815,DID891
CID816,DID125
CID816,DID1256
CID816,DID1407
CID816,DID218
CID816,DID396
CID816,DID749
CID817,DID164
CID817,DID590
CID817,DID699
CID817,DID768
CID817,DID840
CID817,DID866
CID818,DID1111
CID818,DID296
CID818,DID711
CID818,DID857
CID818,DID867
CID819,DID1265
CID819,DID1347
CID819,DID1371
CID819,DID710
CID820,DID1223
CID820,DID680
CID820,DID754
CID821,DID1001
CID821,DID1226
CID821,DID375
CID821,DID54
CID821,DID953
CID822,DID1202
CID822,DID1349
CID822,DID1403
CID822,DID665
CID822,DID760
CID823,DID1398
CID823,DID204
CID823,DID297
CID823,DID445
CID823,DID466
CID824,DID1052
CID824,DID503
CID824,DID860
CID825,DID1343
CID825,DID1412
CID825,DID146
CID825,DID224
CID825,DID615
CID826,DID1164
CID826,DID1325
CID826,DID731
CID826,DID780
CID827,DID1213
CID827,DID209
CID827,DID8
CID827,DID964
CID828,DID1447
CID828,DID303
CID828,DID314
CID828,DID618
CID828,DID997
CID829,DID1152
CID829,DID1289
CID829,DID1453
CID830,DID1023
CID830,DID1170
CID830,DID254
CID830,DID414
CID830,DID46
CID831,DID1115
CID831,DID1349
CID831,DID1437
CID831,DID440
CID831,DID787
CID832,DID1152
CID832,DID535
CID832,DID802
CID833,DID1426
CID833,DID247
CID833,DID378
CID833,DID76
CID833,DID960
CID834,DID1166
CID834,DID259
CID834,DID442
CID834,DID697
CID834,DID777
CID834,DID964
CID835,DID354
CID836,DID1105
CID836,DID364
CID836,DID417
CID836,DID494
CID837,DID1069
CID837,DID1261
CID837,DID1312
CID837,DID162
CID837,DID92
CID838,DID1106
CID838,DID1242
CID838,DID619
CID838,DID867
CID839,DID1460
CID839,DID365
CID839,DID387
CID839,DID512
CID840,DID1080
CID840,DID1105
CID840,DID40
CID841,DID1136
CID841,DID1184
CID841,DID27
CID841,DID536
CID841,DID67
CID841,DID684
CID842,DID1196
CID842,DID1198
CID842,DID1281
CID842,DID530
CID843,DID1122
CID843,DID1346
CID843,DID168
CID843,DID208
CID843,DID851
CID844,DID1383
CID844,DID1474
CID844,DID377
CID844,DID843
CID844,DID899
CID845,DID1175
CID845,DID1294
CID845,DID1310
CID845,DID1490
CID845,DID371
CID845,DID502
CID846,DID1117
CID846,DID1126
CID846,DID1314
CID846,DID608
CID846,DID817
CID846,DID977
CID847,DID1005
CID847,DID1037
CID847,DID1290
CID847,DID976
CID848,DID1056
CID848,DID560
CID848,DID625
CID848,DID825
CID848,DID982
CID849,DID129
CID849,DID1493
CID850,DID1305
CID850,DID1323
CID850,DID400
CID850,DID879
CID851,DID1025
CID851,DID1389
CID851,DID32
CID851,DID749
CID851,DID964
CID852,DID600
CID852,DID988
CID853,DID639
CID854,DID1282
CID854,DID1328
CID854,DID266
CID854,DID676
CID855,DID1041
CID855,DID476
CID855,DID608
CID855,DID71
CID856,DID1356
CID856,DID365
CID856,DID99
CID857,DID1309
CID857,DID1493
CID857,DID72
CID857,DID883
CID858,DID107
CID858,DID1281
CID858,DID464
CID858,DID830
CID858,DID933
CID859,DID1104
CID859,DID1306
CID859,DID1373
CID859,DID1374
CID859,DID1499
CID859,DID315
CID860,DID1192
CID860,DID466
CID860,DID563
CID860,DID612
CID860,DID614
CID860,DID755
CID861,DID78
CID862,DID1045
CID862,DID497
CID862,DID817
CID863,DID1047
CID863,DID1172
CID863,DID1337
CID863,DID430
CID863,DID576
CID863,DID804
CID864,DID1402
CID864,DID252
CID864,DID854
CID864,DID997
CID865,DID1051
CID865,DID1219
CID865,DID1247
CID865,DID636
CID865,DID811
CID865,DID908
CID866,DID1317
CID867,DID1448
CID867,DID1452
CID867,DID833
CID868,DID287
CID868,DID38
CID868,DID734
CID868,DID798
CID868,DID941
CID869,DID262
CID869,DID470
CID869,DID819
CID869,DID947
CID870,DID1100
CID870,DID121
CID870,DID1361
CID870,DID633
CID870,DID893
CID871,DID1113
CID871,DID1427
CID871,DID1441
CID871,DID280
CID871,DID318
CID871,DID520
CID872,DID1044
CID872,DID1250
CID872,DID164
CID872,DID422
CID872,DID500
CID872,DID596
CID873,DID1065
CID873,DID111
CID873,DID115
CID873,DID1162
CID873,DID235
CID874,DID1110
CID874,DID1373
CID874,DID21
CID874,DID280
CID874,DID293
CID874,DID84
CID875,DID1282
CID875,DID532
CID875,DID55
CID875,DID776
CID875,DID969
CID876,DID623
CID876,DID669
CID876,DID869
CID876,DID942
CID877,DID1095
CID877,DID1467
CID877,DID406
CID877,DID543
CID877,DID901
CID878,DID1431
CID878,DID1476
CID878,DID319
CID878,DID564
CID878,DID702
CID878,DID787
CID879,DID100
CID879,DID1196
CID879,DID1322
CID879,DID778
CID880,DID935
CID881,DID1095
CID881,DID1393
CID881,DID274
CID881,DID518
CID881,DID848
CID881,DID917
CID882,DID1006
CID882,DID250
CID882,DID310
CID882,DID67
CID882,DID765
CID883,DID870
CID884,DID1321
CID884,DID1348
CID884,DID337
CID884,DID643
CID885,DID1129
CID885,DID32
CID885,DID36
CID885,DID908
CID885,DID936
CID886,DID1344
CID886,DID1456
CID886,DID156
CID886,DID455
CID886,DID852
CID886,DID969
CID887,DID1093
CID887,DID1123
CID887,DID1176
CID887,DID1441
CID887,DID400
CID887,DID849
CID888,DID217
CID888,DID227
CID888,DID640
CID889,DID105
CID889,DID1224
CID889,DID1273
CID889,DID444
CID890,DID1140
CID890,DID145
CID890,DID669
CID890,DID69
CID891,DID1294
CID891,DID782
CID892,DID1186
CID892,DID805
CID892,DID868
CID892,DID873
CID892,DID975
CID893,DID1070
CID893,DID1294
CID893,DID217
CID893,DID869
CID893,DID98
CID894,DID1231
CID894,DID1266
CID894,DID19
CID894,DID402
CID895,DID342
CID895,DID552
CID896,DID1204
CID896,DID1439
CID896,DID728
CID897,DID1163
CID897,DID1285
CID897,DID31
CID897,DID41
CID898,DID809
CID898,DID948
CID899,DID1150
CID899,DID1194
CID899,DID1231
CID899,DID335
CID899,DID796
CID899,DID836
CID900,DID1136
CID900,DID1225
CID900,DID1416
CID900,DID497
CID900,DID93
CID901,DID1353
CID901,DID32
CID901,DID674
CID901,DID890
CID901,DID976
CID902,DID1042
CID902,DID1248
CID902,DID126
CID902,DID269
CID902,DID300
CID902,DID725
CID903,DID1394
CID903,DID415
CID903,DID508
CID904,DID224
CID904,DID730
CID905,DID1150
CID905,DID1413
CID905,DID1415
CID905,DID392
CID905,DID56
CID905,DID816
CID906,DID1125
CID906,DID1164
CID906,DID1442
CID906,DID1495
CID906,DID375
CID906,DID40
CID907,DID1070
CID907,DID1387
CID907,DID195
CID907,DID382
CID907,DID457
CID908,DID136
CID908,DID461
CID909,DID1035
CID909,DID1426
CID909,DID378
CID909,DID511
CID909,DID99
CID910,DID1361
CID910,DID42
CID910,DID614
CID910,DID943
CID911,DID1180
CID911,DID562
CID911,DID797
CID912,DID1026
CID912,DID1141
CID912,DID1325
CID912,DID539
CID912,DID782
CID912,DID798
CID913,DID1308
CID913,DID233
CID913,DID324
CID913,DID595
CID913,DID611
CID913,DID805
CID914,DID1082
CID914,DID280
CID914,DID39
CID914,DID578
CID914,DID898
CID915,DID1124
CID915,DID200
CID916,DID1016
CID916,DID1152
CID916,DID1344
CID916,DID262
CID916,DID32
CID916,DID942
CID917,DID1146
CID917,DID1186
CID917,DID852
CID918,DID1399
CID918,DID1413
CID919,DID1440
CID919,DID229
CID919,DID74
CID919,DID999
CID920,DID132
CID920,DID1440
CID920,DID710
CID920,DID725
CID920,DID873
CID921,DID1005
CID921,DID1171
CID921,DID1290
CID921,DID357
CID921,DID630
CID922,DID1466
CID922,DID1491
CID922,DID24
CID922,DID325
CID922,DID685
CID922,DID792
CID923,DID1043
CID923,DID1474
CID923,DID938
CID924,DID28
CID924,DID890
CID925,DID1155
CID925,DID1174
CID925,DID163
CID925,DID281
CID926,DID1081
CID926,DID256
CID927,DID1438
CID927,DID787
CID928,DID1356
CID928,DID686
CID928,DID733
CID928,DID919
CID929,DID1105
CID929,DID1235
CID929,DID1359
CID929,DID594
CID929,DID749
CID929,DID812
CID930,DID1000
CID930,DID1028
CID930,DID1407
CID930,DID258
CID930,DID54
CID931,DID1383
CID931,DID271
CID931,DID825
CID932,DID1041
CID933,DID803
CID934,DID181
CID934,DID209
CID935,DID442
CID936,DID1164
CID936,DID487
CID936,DID819
CID937,DID1060
CID937,DID1197
CID937,DID46
CID937,DID641
CID937,DID712
CID938,DID92
CID939,DID15
CID939,DID308
CID939,DID346
CID939,DID515
CID939,DID610
CID939,DID63
CID940,DID1194
CID940,DID1332
CID940,DID1414
CID940,DID1421
CID941,DID1121
CID941,DID114
CID941,DID1208
CID941,DID232
CID941,DID813
CID941,DID870
CID942,DID1375
CID942,DID1476
CID942,DID937
CID943,DID1334
CID943,DID1355
CID943,DID1498
CID943,DID411
CID943,DID796
CID943,DID805
CID944,DID1223
CID944,DID215
CID944,DID29
CID944,DID311
CID944,DID959
CID945,DID1306
CID945,DID1430
CID945,DID148
CID945,DID338
CID945,DID616
CID946,DID1003
CID946,DID1308
CID946,DID1317
CID946,DID182
CID946,DID770
CID947,DID1270
CID947,DID133
CID947,DID42
CID947,DID538
CID947,DID820
CID947,DID826
CID948,DID1133
CID948,DID1175
CID948,DID1425
CID948,DID292
CID948,DID640
CID949,DID1106
CID949,DID1194
CID949,DID154
CID949,DID28
CID949,DID306
CID949,DID601
CID950,DID1110
CID950,DID1363
CID950,DID1459
CID950,DID333
CID950,DID595
CID950,DID646
CID951,DID115
CID951,DID1417
CID951,DID388
CID951,DID506
CID952,DID13
CID953,DID1317
CID953,DID153
CID953,DID381
CID954,DID700
CID955,DID1148
CID955,DID442
CID956,DID1485
CID956,DID204
CID956,DID916
CID956,DID923
CID956,DID932
CID957,DID465
CID958,DID178
CID958,DID818
CID959,DID1078
CID959,DID1191
CID959,DID39
CID959,DID854
CID960,DID1286
CID960,DID1326
CID960,DID372
CID960,DID563
CID960,DID765
CID961,DID1401
CID962,DID1090
CID962,DID1113
CID962,DID1287
CID962,DID571
CID962,DID583
CID963,DID110
CID963,DID205
CID963,DID31
CID963,DID337
CID964,DID1110
CID964,DID1131
CID964,DID1392
CID965,DID111
CID965,DID188
CID965,DID704
CID965,DID748
CID966,DID1286
CID966,DID171
CID967,DID216
CID967,DID269
CID967,DID388
CID967,DID706
CID968,DID313
CID968,DID475
CID968,DID532
CID969,DID206
CID969,DID758
CID969,DID853
CID970,DID319
CID971,DID1003
CID971,DID1182
CID971,DID895
CID972,DID1095
CID972,DID521
CID972,DID61
CID972,DID747
CID973,DID814
CID973,DID940
CID974,DID1053
CID974,DID1262
CID974,DID1323
CID974,DID1339
CID974,DID1365
CID974,DID28
CID975,DID1315
CID975,DID1357
CID975,DID283
CID975,DID559
CID975,DID676
CID975,DID68
CID976,DID195
CID976,DID273
CID976,DID543
CID976,DID745
CID977,DID259
CID977,DID384
CID978,DID34
CID978,DID35
CID978,DID528
CID978,DID655
CID978,DID672
CID978,DID964
CID979,DID1223
CID979,DID1388
CID979,DID258
CID979,DID562
CID980,DID1032
CID980,DID1253
CID980,DID1448
CID980,DID669
CID981,DID1093
CID981,DID1251
CID981,DID477
CID981,DID641
CID982,DID103
CID982,DID1490
CID982,DID338
CID983,DID1324
CID983,DID1336
CID983,DID1368
CID983,DID1471
CID983,DID467
CID984,DID348
CID985,DID643
CID985,DID84
CID985,DID918
CID986,DID317
CID986,DID318
CID986,DID436
CID986,DID882
CID987,DID1101
CID987,DID1202
CID987,DID1213
CID987,DID1260
CID987,DID43
CID987,DID825
CID988,DID1090
CID988,DID1263
CID988,DID1313
CID988,DID184
CID989,DID1387
CID989,DID336
CID989,DID386
CID989,DID387
CID989,DID942
CID990,DID1102
CID990,DID1132
CID990,DID857
CID990,DID901
CID991,DID686
CID992,DID1370
CID992,DID1380
CID992,DID1394
CID992,DID1464
CID992,DID212
CID992,DID27
CID993,DID1072
CID993,DID1164
CID993,DID195
CID993,DID246
CID993,DID509
CID994,DID1253
CID994,DID738
CID994,DID818
CID994,DID896
CID995,DID1038
CID995,DID18
CID995,DID201
CID995,DID277
CID995,DID909
CID996,DID143
CID996,DID538
CID996,DID627
CID996,DID906
CID997,DID1157
CID997,DID153
CID997,DID248
CID997,DID743
CID997,DID785
CID997,DID818
CID998,DID1071
CID998,DID1318
CID998,DID1432
CID998,DID377
CID998,DID445
CID998,DID550
CID999,DID1260
CID999,DID1394
CID1000,DID181
CID1000,DID221
CID1000,DID271
CID1000,DID726
CID1001,DID207
CID1001,DID341
CID1001,DID462
CID1001,DID622
CID1001,DID965
CID1002,DID1151
CID1002,DID247
CID1002,DID450
CID1002,DID691
CID1003,DID1130
CID1003,DID1209
CID1003,DID502
CID1003,DID83
CID1003,DID846
CID1003,DID940
CID1004,DID1077
CID1004,DID70
CID1005,DID1217
CID1005,DID26
CID1005,DID443
CID1005,DID656
CID1005,DID867
CID1006,DID1197
CID1006,DID1200
CID1006,DID1380
CID1006,DID309
CID1006,DID597
CID1007,DID1
CID1007,DID1073
CID1007,DID120
CID1007,DID1475
CID1007,DID180
CID1008,DID342
CID1009,DID1307
CID1009,DID331
CID1009,DID348
CID1009,DID774
CID1009,DID811
CID1009,DID940
CID1010,DID1052
CID1010,DID488
CID1010,DID58
CID1010,DID609
CID1010,DID792
CID1010,DID843
CID1011,DID1056
CID1011,DID1286
CID1011,DID1390
CID1011,DID218
CID1011,DID318
CID1012,DID143
CID1013,DID1329
CID1013,DID385
CID1013,DID571
CID1013,DID591
CID1013,DID79
CID1013,DID844
CID1014,DID1247
CID1014,DID238
CID1014,DID606
CID1015,DID1059
CID1015,DID1072
CID1015,DID649
CID1015,DID665
CID1015,DID771
CID1015,DID86
CID1016,DID1019
CID1016,DID1348
CID1016,DID372
CID1016,DID421
CID1016,DID541
CID1016,DID928
CID1017,DID1086
CID1017,DID1227
CID1017,DID735
CID1017,DID833
CID1017,DID854
CID1018,DID1143
CID1018,DID1393
CID1018,DID316
CID1018,DID574
CID1019,DID1004
CID1019,DID1222
CID1019,DID188
CID1019,DID45
CID1019,DID886
CID1020,DID271
CID1020,DID559
CID1020,DID636
CID1020,DID646
CID1021,DID440
CID1022,DID226
CID1022,DID3
CID1022,DID458
CID1022,DID527
CID1022,DID550
CID1022,DID618
CID1023,DID742
CID1024,DID1439
CID1024,DID19
CID1024,DID335
CID1024,DID336
CID1024,DID710
CID1024,DID896
CID1025,DID1260
CID1025,DID220
CID1025,DID280
CID1025,DID47
CID1025,DID697
CID1026,DID553
CID1027,DID1238
CID1027,DID1445
CID1028,DID61
CID1028,DID910
CID1029,DID470
CID1030,DID1213
CID1030,DID1382
CID1030,DID191
CID1030,DID919
CID1030,DID979
CID1031,DID1155
CID1031,DID123
CID1031,DID307
CID1031,DID545
CID1032,DID1168
CID1032,DID1397
CID1032,DID552
CID1032,DID751
CID1033,DID1180
CID1033,DID120
CID1033,DID42
CID1033,DID650
CID1034,DID1018
CID1034,DID1282
CID1034,DID180
CID1034,DID397
CID1034,DID690
CID1035,DID1115
CID1035,DID127
CID1035,DID1364
CID1035,DID1462
CID1035,DID42
CID1035,DID75
CID1036,DID1015
CID1036,DID1351
CID1036,DID198
CID1036,DID760
CID1036,DID873
CID1037,DID1449
CID1037,DID254
CID1037,DID6
CID1038,DID689
CID1039,DID1407
CID1039,DID180
CID1039,DID572
CID1039,DID89
CID1040,DID134
CID1040,DID1348
CID1040,DID1455
CID1040,DID225
CID1041,DID1287
CID1041,DID1479
CID1041,DID190
CID1041,DID500
CID1041,DID578
CID1042,DID1339
CID1042,DID1379
CID1042,DID321
CID1042,DID856
CID1042,DID901
CID1043,DID1188
CID1043,DID455
CID1044,DID1441
CID1044,DID17
CID1045,DID1227
CID1045,DID1260
CID1045,DID399
CID1045,DID806
CID1046,DID1413
CID1046,DID593
CID1046,DID695
CID1046,DID725
CID1046,DID84
CID1047,DID1032
CID1047,DID1212
CID1047,DID1250
CID1047,DID414
CID1047,DID474
CID1047,DID910
CID1048,DID1190
CID1048,DID387
CID1048,DID536
CID1048,DID600
CID1049,DID1296
CID1049,DID1326
CID1049,DID1417
CID1049,DID626
CID1049,DID842
CID1050,DID1114
CID1050,DID1298
CID1050,DID1313
CID1050,DID299
CID1050,DID919
CID1051,DID1251
CID1051,DID126
CID1051,DID168
CID1051,DID374
CID1051,DID400
CID1052,DID1030
CID1052,DID1480
CID1052,DID274
CID1053,DID1088
CID1053,DID1109
CID1053,DID387
CID1053,DID643
CID1053,DID783
CID1053,DID959
CID1054,DID1095
CID1054,DID1272
CID1054,DID202
CID1054,DID330
CID1054,DID710
CID1054,DID722
CID1055,DID1359
CID1056,DID1062
CID1056,DID1488
CID1056,DID418
CID1056,DID471
CID1056,DID670
CID1057,DID1168
CID1057,DID139
CID1057,DID504
CID1058,DID1153
CID1058,DID1215
CID1059,DID54
CID1059,DID89
CID1060,DID217
CID1060,DID731
CID1061,DID836
CID1062,DID1434
CID1062,DID512
CID1063,DID150
CID1063,DID289
CID1063,DID467
CID1063,DID525
CID1063,DID918
CID1064,DID1452
CID1064,DID270
CID1064,DID395
CID1064,DID465
CID1064,DID787
CID1064,DID953
CID1065,DID1073
CID1065,DID288
CID1065,DID47
CID1065,DID710
CID1065,DID781
CID1066,DID1212
CID1066,DID1214
CID1066,DID24
CID1066,DID657
CID1067,DID1205
CID1067,DID1419
CID1067,DID964
CID1068,DID774
CID1068,DID944
CID1069,DID1499
CID1069,DID169
CID1069,DID209
CID1069,DID375
CID1069,DID548
CID1070,DID1246
CID1070,DID142
CID1070,DID472
CID1071,DID571
CID1071,DID764
CID1071,DID772
CID1071,DID839
CID1072,DID1084
CID1072,DID746
CID1073,DID877
CID1073,DID946
CID1074,DID1213
CID1074,DID1473
CID1074,DID342
CID1074,DID357
CID1074,DID72
CID1074,DID94
CID1075,DID1040
CID1075,DID1209
CID1075,DID597
CID1075,DID741
CID1076,DID239
CID1076,DID382
CID1076,DID929
CID1077,DID1228
CID1077,DID403
CID1077,DID431
CID1077,DID852
CID1078,DID1108
CID1079,DID1364
CID1079,DID1391
CID1079,DID278
CID1080,DID1252
CID1080,DID439
CID1081,DID288
CID1081,DID424
CID1081,DID76
CID1081,DID884
CID1082,DID815
CID1083,DID1002
CID1083,DID1272
CID1083,DID1291
CID1083,DID1497
CID1083,DID525
CID1084,DID1441
CID1084,DID1484
CID1084,DID172
CID1084,DID679
CID1085,DID1047
CID1085,DID33
CID1085,DID780
CID1085,DID797
CID1086,DID1139
CID1086,DID1341
CID1086,DID1423
CID1086,DID544
CID1086,DID744
CID1087,DID1050
CID1087,DID1057
CID1087,DID1325
CID1087,DID1393
CID1087,DID1426
CID1087,DID691
CID1088,DID1063
CID1088,DID1265
CID1088,DID1361
CID1088,DID201
CID1088,DID802
CID1089,DID13
CID1089,DID941
CID1090,DID1111
CID1090,DID1493
CID1090,DID199
CID1091,DID92
CID1092,DID1339
CID1092,DID313
CID1092,DID4
CID1092,DID986
CID1093,DID1076
CID1093,DID174
CID1094,DID415
CID1094,DID619
CID1094,DID81
CID1094,DID838
CID1095,DID215
CID1095,DID529
CID1095,DID881
CID1095,DID961
CID1096,DID1110
CID1096,DID1220
CID1096,DID807
CID1097,DID502
CID1097,DID568
CID1098,DID109
CID1098,DID1210
CID1098,DID1382
CID1098,DID346
CID1098,DID75
CID1099,DID1115
CID1099,DID1473
CID1099,DID1493
CID1099,DID26
CID1099,DID356
CID1099,DID985
CID1100,DID1421
CID1100,DID571
CID1100,DID87
CID1100,DID978
CID1101,DID1002
CID1101,DID1142
CID1101,DID202
CID1101,DID500
CID1102,DID1134
CID1103,DID1333
CID1103,DID985
CID1104,DID795
CID1105,DID1076
CID1105,DID1344
CID1105,DID635
CID1106,DID926
CID1107,DID481
CID1107,DID623
CID1107,DID845
CID1108,DID409
CID1109,DID1008
CID1109,DID1093
CID1109,DID855
CID1110,DID1064
CID1110,DID1413
CID1110,DID262
CID1110,DID367
CID1110,DID942
CID1111,DID11
CID1111,DID1246
CID1111,DID1267
CID1111,DID263
CID1111,DID358
CID1111,DID868
CID1112,DID1401
CID1112,DID923
CID1113,DID1446
CID1113,DID326
CID1114,DID1478
CID1114,DID166
CID1114,DID212
CID1114,DID82
CID1115,DID237
CID1115,DID403
CID1115,DID952
CID1116,DID177
CID1116,DID258
CID1117,DID1169
CID1117,DID1213
CID1117,DID268
CID1117,DID440
CID1118,DID201
CID1118,DID230
CID1118,DID873
CID1118,DID949
CID1118,DID952
CID1119,DID1019
CID1119,DID163
CID1119,DID201
CID1119,DID52
CID1119,DID781
CID1119,DID972
CID1120,DID546
CID1120,DID897
CID1121,DID1009
CID1121,DID495
CID1121,DID745
CID1121,DID755
CID1121,DID913
CID1122,DID1023
CID1122,DID1118
CID1122,DID1200
CID1122,DID343
CID1122,DID422
CID1123,DID1251
CID1123,DID250
CID1123,DID519
CID1123,DID536
CID1124,DID1308
CID1124,DID590
CID1124,DID803
CID1124,DID982
CID1125,DID488
CID1125,DID67
CID1126,DID1459
CID1126,DID349
CID1126,DID460
CID1127,DID1419
CID1127,DID55
CID1128,DID646
CID1129,DID121
CID1129,DID519
CID1129,DID65
CID1130,DID1498
CID1131,DID1041
CID1131,DID752
CID1131,DID98
CID1132,DID406
CID1132,DID773
CID1133,DID1076
CID1133,DID403
CID1133,DID533
CID1133,DID656
CID1134,DID1077
CID1135,DID1131
CID1135,DID1367
CID1135,DID1494
CID1135,DID179
CID1135,DID293
CID1135,DID963
CID1136,DID1035
CID1136,DID1360
CID1136,DID1438
CID1136,DID179
CID1137,DID1007
CID1137,DID48
CID1137,DID545
CID1137,DID907
CID1138,DID1136
CID1138,DID124
CID1138,DID1382
CID1138,DID528
CID1138,DID720
CID1139,DID1216
CID1139,DID620
CID1139,DID736
CID1139,DID802
CID1139,DID903
CID1140,DID109
CID1140,DID1369
CID1140,DID165
CID1140,DID293
CID1140,DID459
CID1141,DID1184
CID1141,DID1211
CID1141,DID1258
CID1141,DID508
CID1141,DID649
CID1141,DID826
CID1142,DID735
CID1143,DID59
CID1143,DID700
CID1143,DID986
CID1144,DID1451
CID1145,DID1464
CID1145,DID35
CID1145,DID592
CID1145,DID766
CID1145,DID884
CID1145,DID98
CID1146,DID1231
CID1146,DID1491
CID1147,DID1175
CID1147,DID1415
CID1148,DID1016
CID1148,DID284
CID1148,DID581
CID1148,DID634
CID1148,DID767
CID1149,DID1141
CID1149,DID1142
CID1149,DID160
CID1149,DID229
CID1149,DID408
CID1150,DID1383
CID1150,DID23
CID1150,DID557
CID1150,DID775
CID1150,DID862
CID1150,DID883
CID1151,DID413
CID1151,DID626
CID1151,DID734
CID1151,DID759
CID1152,DID1262
CID1152,DID251
CID1152,DID731
CID1152,DID854
CID1153,DID294
CID1153,DID589
CID1153,DID647
CID1153,DID828
CID1154,DID1195
CID1154,DID121
CID1154,DID1444
CID1154,DID379
CID1154,DID977
CID1154,DID981
CID1155,DID443
CID1155,DID450
CID1155,DID478
CID1156,DID1389
CID1156,DID376
CID1156,DID515
CID1156,DID701
CID1157,DID1270
CID1157,DID1348
CID1157,DID1486
CID1157,DID556
CID1157,DID609
CID1158,DID287
CID1158,DID719
CID1158,DID989
CID1159,DID1176
CID1159,DID837
CID1160,DID1330
CID1160,DID1472
CID1160,DID482
CID1160,DID680
CID1161,DID1050
CID1161,DID299
CID1161,DID321
CID1161,DID870
CID1161,DID907
CID1162,DID1087
CID1162,DID31
CID1162,DID400
CID1162,DID403
CID1162,DID52
CID1163,DID1260
CID1164,DID1155
CID1164,DID152
CID1164,DID167
CID1164,DID500
CID1164,DID754
CID1164,DID993
CID1165,DID1253
CID1165,DID1347
CID1165,DID386
CID1165,DID439
CID1165,DID542
CID1166,DID1120
CID1166,DID1301
CID1166,DID247
CID1166,DID698
CID1166,DID927
CID1167,DID427
CID1167,DID521
CID1167,DID677
CID1167,DID751
CID1168,DID129
CID1168,DID1349
CID1168,DID1460
CID1168,DID754
CID1168,DID845
CID1168,DID854
CID1169,DID1246
CID1169,DID1428
CID1169,DID1449
CID1169,DID1466
CID1169,DID287
CID1169,DID745
CID1170,DID1287
CID1170,DID1385
CID1170,DID353
CID1170,DID360
CID1170,DID877
CID1171,DID292
CID1171,DID567
CID1171,DID944
CID1172,DID177
CID1172,DID221
CID1172,DID257
CID1172,DID363
CID1172,DID406
CID1173,DID1343
CID1173,DID320
CID1173,DID489
CID1173,DID516
CID1173,DID606
CID1173,DID884
CID1174,DID1254
CID1174,DID1309
CID1174,DID707
CID1174,DID954
CID1174,DID973
CID1175,DID1451
CID1175,DID1468
CID1175,DID194
CID1175,DID465
CID1176,DID280
CID1177,DID1078
CID1178,DID394
CID1178,DID479
CID1178,DID636
CID1178,DID680
CID1178,DID681
CID1178,DID956
CID1179,DID1198
CID1179,DID1273
CID1179,DID489
CID1179,DID608
CID1179,DID919
CID1180,DID1278
CID1180,DID1305
CID1180,DID196
CID1180,DID921
CID1181,DID255
CID1181,DID35
CID1181,DID410
CID1181,DID622
CID1182,DID1019
CID1182,DID1020
CID1182,DID1038
CID1182,DID1301
CID1182,DID461
CID1182,DID727
CID1183,DID449
CID1183,DID613
CID1183,DID737
CID1183,DID811
CID1183,DID85
CID1184,DID133
CID1184,DID1335
CID1184,DID1500
CID1184,DID466
CID1184,DID502
CID1184,DID850
CID1185,DID1012
CID1186,DID260
CID1186,DID532
CID1186,DID70
CID1186,DID744
CID1186,DID793
CID1187,DID442
CID1188,DID1150
CID1188,DID394
CID1188,DID625
CID1189,DID461
CID1189,DID569
CID1189,DID620
CID1189,DID643
CID1189,DID840
CID1190,DID726
CID1191,DID1002
CID1191,DID1014
CID1191,DID1043
CID1191,DID1164
CID1191,DID531
CID1191,DID595
CID1192,DID397
CID1192,DID549
CID1192,DID602
CID1192,DID787
CID1193,DID1033
CID1193,DID1035
CID1193,DID28
CID1194,DID1031
CID1194,DID113
CID1194,DID12
CID1194,DID1390
CID1194,DID52
CID1194,DID703
CID1195,DID1000
CID1195,DID1232
CID1195,DID1370
CID1195,DID42
CID1195,DID637
CID1195,DID945
CID1196,DID1486
CID1196,DID737
CID1196,DID775
CID1196,DID819
CID1197,DID1258
CID1197,DID273
CID1197,DID34
CID1197,DID374
CID1197,DID584
CID1198,DID1293
CID1198,DID166
CID1198,DID518
CID1198,DID537
CID1198,DID732
CID1198,DID877
CID1199,DID1219
CID1199,DID421
CID1199,DID441
CID1199,DID542
CID1199,DID832
CID1199,DID97
CID1200,DID1118
CID1200,DID1272
CID1200,DID1463
CID1201,DID1187
CID1201,DID1440
CID1201,DID639
CID1201,DID660
CID1201,DID987
CID1202,DID1275
CID1202,DID168
CID1202,DID440
CID1202,DID684
CID1203,DID1017
CID1203,DID1256
CID1203,DID1407
CID1203,DID728
CID1204,DID272
CID1204,DID422
CID1205,DID115
CID1205,DID1276
CID1205,DID1327
CID1205,DID1399
CID1205,DID1481
CID1205,DID25
CID1206,DID1032
CID1206,DID1379
CID1206,DID1411
CID1206,DID899
CID1206,DID949
CID1207,DID1107
CID1207,DID1113
CID1207,DID295
CID1207,DID762
CID1207,DID881
CID1207,DID991
CID1208,DID1123
CID1208,DID1375
CID1208,DID1399
CID1208,DID349
CID1208,DID624
CID1209,DID1262
CID1209,DID129
CID1209,DID1310
CID1209,DID441
CID1209,DID557
CID1209,DID571
CID1210,DID1158
CID1210,DID174
CID1210,DID613
CID1211,DID1420
CID1211,DID1498
CID1211,DID292
CID1211,DID469
CID1211,DID905
CID1211,DID943
CID1212,DID385
CID1212,DID897
CID1212,DID9
CID1212,DID919
CID1213,DID1220
CID1213,DID1225
CID1213,DID447
CID1213,DID535
CID1213,DID56
CID1213,DID820
CID1214,DID1220
CID1214,DID1240
CID1214,DID521
CID1214,DID622
CID1215,DID1307
CID1215,DID16
CID1215,DID483
CID1215,DID980
CID1216,DID1456
CID1216,DID523
CID1217,DID1012
CID1217,DID1481
CID1217,DID342
CID1217,DID518
CID1217,DID55
CID1217,DID819
CID1218,DID1027
CID1218,DID468
CID1218,DID568
CID1219,DID1129
CID1219,DID1313
CID1219,DID1327
CID1219,DID1470
CID1219,DID214
CID1219,DID288
CID1220,DID1037
CID1220,DID1087
CID1220,DID1257
CID1220,DID566
CID1221,DID390
CID1222,DID1112
CID1222,DID390
CID1222,DID576
CID1222,DID756
CID1222,DID843
CID1222,DID917
CID1223,DID1228
CID1223,DID1246
CID1223,DID291
CID1223,DID373
CID1224,DID1067
CID1224,DID1132
CID1224,DID1139
CID1224,DID49
CID1224,DID494
CID1225,DID553
CID1225,DID59
CID1226,DID1066
CID1226,DID121
CID1226,DID1325
CID1226,DID279
CID1227,DID1408
CID1227,DID517
CID1228,DID134
CID1228,DID1341
CID1228,DID217
CID1228,DID687
CID1228,DID79
CID1229,DID1215
CID1229,DID1242
CID1229,DID469
CID1229,DID510
CID1229,DID87
CID1229,DID934
CID1230,DID1286
CID1231,DID315
CID1232,DID1304
CID1232,DID7
CID1233,DID1012
CID1233,DID1150
CID1233,DID1338
CID1233,DID569
CID1233,DID710
CID1233,DID84
CID1234,DID1338
CID1234,DID164
CID1234,DID20
CID1234,DID510
CID1235,DID1461
CID1235,DID536
CID1235,DID671
CID1236,DID1094
CID1236,DID1490
CID1236,DID503
CID1236,DID709
CID1236,DID837
CID1237,DID1168
CID1237,DID274
CID1237,DID279
CID1237,DID328
CID1237,DID347
CID1237,DID954
CID1238,DID320
CID1239,DID1149
CID1239,DID13
CID1239,DID158
CID1239,DID246
CID1239,DID597
CID1240,DID155
CID1241,DID1151
CID1241,DID1179
CID1241,DID1180
CID1241,DID476
CID1241,DID829
CID1241,DID898
CID1242,DID1013
CID1242,DID1291
CID1242,DID216
CID1242,DID406
CID1242,DID644
CID1243,DID1179
CID1243,DID1234
CID1243,DID1440
CID1243,DID335
CID1243,DID770
CID1243,DID863
CID1244,DID17
CID1244,DID250
CID1244,DID257
CID1244,DID392
CID1245,DID134
CID1245,DID1410
CID1245,DID1421
CID1245,DID972
CID1246,DID100
CID1246,DID221
CID1246,DID265
CID1246,DID461
CID1246,DID928
CID1246,DID991
CID1247,DID1170
CID1247,DID1296
CID1247,DID1481
CID1247,DID414
CID1247,DID863
CID1248,DID1107
CID1248,DID1343
CID1248,DID1451
CID1248,DID328
CID1249,DID200
CID1249,DID467
CID1249,DID498
CID1249,DID529
CID1249,DID801
CID1250,DID1120
CID1250,DID1279
CID1250,DID1392
CID1250,DID150
CID1250,DID854
CID1250,DID945
CID1251,DID1289
CID1251,DID1406
CID1251,DID3
CID1251,DID334
CID1251,DID680
CID1251,DID980
CID1252,DID1174
CID1252,DID322
CID1252,DID339
CID1252,DID366
CID1252,DID408
CID1252,DID853
CID1253,DID289
CID1253,DID370
CID1253,DID374
CID1253,DID538
CID1254,DID1084
CID1254,DID1130
CID1254,DID1144
CID1254,DID1394
CID1254,DID630
CID1254,DID95
CID1255,DID1095
CID1255,DID1195
CID1255,DID182
CID1255,DID490
CID1256,DID1167
CID1256,DID300
CID1256,DID834
CID1256,DID92
CID1257,DID1273
CID1257,DID464
CID1257,DID62
CID1258,DID1081
CID1258,DID1369
CID1258,DID764
CID1259,DID100
CID1259,DID1185
CID1259,DID1249
CID1259,DID180
CID1259,DID263
CID1259,DID514
CID1260,DID1249
CID1260,DID474
CID1260,DID704
CID1260,DID91
CID1260,DID933
CID1261,DID1019
CID1261,DID1403
CID1261,DID1439
CID1261,DID245
CID1261,DID448
CID1262,DID141
CID1262,DID145
CID1262,DID160
CID1262,DID180
CID1262,DID429
CID1262,DID618
CID1263,DID1028
CID1263,DID1199
CID1263,DID1461
CID1263,DID1478
CID1263,DID259
CID1263,DID973
CID1264,DID1216
CID1264,DID1233
CID1264,DID1410
CID1264,DID147
CID1264,DID20
CID1264,DID473
CID1265,DID1108
CID1265,DID1413
CID1265,DID342
CID1265,DID36
CID1265,DID858
CID1265,DID893
CID1266,DID128
CID1266,DID1290
CID1266,DID2
CID1266,DID393
CID1266,DID756
CID1267,DID1460
CID1267,DID403
CID1267,DID433
CID1267,DID526
CID1268,DID592
CID1269,DID128
CID1270,DID1228
CID1270,DID241
CID1270,DID714
CID1270,DID92
CID1271,DID1232
CID1271,DID1350
CID1271,DID1438
CID1271,DID543
CID1272,DID419
CID1272,DID56
CID1272,DID921
CID1272,DID97
CID1273,DID1266
CID1273,DID171
CID1273,DID500
CID1273,DID544
CID1274,DID344
CID1274,DID61
CID1274,DID928
CID1275,DID1078
CID1275,DID1194
CID1276,DID1306
CID1276,DID643
CID1277,DID1124
CID1277,DID32
CID1278,DID1034
CID1278,DID116
CID1278,DID1426
CID1278,DID301
CID1278,DID352
CID1278,DID386
CID1279,DID113
CID1279,DID1196
CID1279,DID1429
CID1279,DID413
CID1280,DID108
CID1280,DID1255
CID1280,DID292
CID1280,DID746
CID1280,DID815
CID1280,DID86
CID1281,DID183
CID1281,DID760
CID1282,DID460
CID1282,DID904
CID1283,DID181
CID1283,DID596
CID1284,DID1269
CID1284,DID1354
CID1284,DID1427
CID1284,DID942
CID1285,DID1015
CID1285,DID1429
CID1285,DID270
CID1285,DID497
CID1285,DID612
CID1285,DID980
CID1286,DID1251
CID1286,DID259
CID1286,DID67
CID1286,DID998
CID1287,DID1232
CID1287,DID1446
CID1288,DID599
CID1288,DID643
CID1288,DID858
CID1288,DID954
CID1289,DID1229
CID1289,DID1334
CID1289,DID196
CID1289,DID871
CID1289,DID976
CID1290,DID1053
CID1290,DID1358
CID1290,DID1366
CID1290,DID169
CID1290,DID325
CID1290,DID781
CID1291,DID25
CID1291,DID28
CID1291,DID439
CID1292,DID1430
CID1292,DID871
CID1293,DID886
CID1294,DID732
CID1294,DID741
CID1295,DID130
CID1295,DID1426
CID1295,DID416
CID1295,DID59
CID1295,DID829
CID1296,DID1038
CID1296,DID1067
CID1296,DID177
CID1296,DID498
CID1296,DID752
CID1297,DID148
CID1297,DID18
CID1297,DID672
CID1297,DID753
CID1298,DID1211
CID1298,DID596
CID1298,DID939
CID1299,DID1227
CID1299,DID1432
CID1299,DID284
CID1299,DID529
CID1300,DID1033
CID1300,DID1193
CID1300,DID1258
CID1300,DID1428
CID1300,DID998
CID1301,DID1009
CID1301,DID1487
CID1301,DID391
CID1301,DID565
CID1301,DID844
CID1301,DID924
CID1302,DID1082
CID1302,DID1137
CID1302,DID1340
CID1302,DID135
CID1302,DID586
CID1303,DID1173
CID1303,DID120
CID1303,DID380
CID1303,DID808
CID1304,DID358
CID1304,DID636
CID1304,DID910
CID1305,DID1187
CID1305,DID890
CID1305,DID932
CID1305,DID948
CID1306,DID1492
CID1306,DID566
CID1306,DID645
CID1307,DID1116
CID1307,DID1270
CID1307,DID1291
CID1307,DID424
CID1307,DID91
CID1308,DID1090
CID1308,DID1298
CID1308,DID1423
CID1308,DID372
CID1309,DID1159
CID1309,DID1391
CID1309,DID422
CID1309,DID71
CID1310,DID134
CID1310,DID1374
CID1311,DID144
CID1311,DID1499
CID1311,DID34
CID1311,DID900
CID1312,DID1001
CID1312,DID194
CID1312,DID195
CID1312,DID286
CID1312,DID435
CID1313,DID1340
CID1313,DID621
CID1313,DID966
CID1313,DID999
CID1314,DID293
CID1314,DID502
CID1314,DID508
CID1314,DID553
CID1314,DID826
CID1315,DID1280
CID1315,DID444
CID1315,DID713
CID1315,DID836
CID1315,DID853
CID1316,DID1080
CID1316,DID1232
CID1316,DID1397
CID1316,DID230
CID1316,DID611
CID1316,DID79
CID1317,DID1251
CID1317,DID1466
CID1317,DID248
CID1317,DID733
CID1318,DID1008
CID1318,DID112
CID1318,DID1138
CID1318,DID1246
CID1318,DID1248
CID1318,DID607
CID1319,DID1215
CID1319,DID1330
CID1319,DID336
CID1319,DID558
CID1320,DID1111
CID1320,DID232
CID1320,DID778
CID1320,DID976
CID1321,DID1464
CID1321,DID198
CID1321,DID221
CID1321,DID228
CID1321,DID269
CID1322,DID379
CID1322,DID395
CID1322,DID545
CID1322,DID588
CID1322,DID890
CID1323,DID204
CID1324,DID1115
CID1324,DID436
CID1324,DID745
CID1324,DID749
CID1325,DID1238
CID1325,DID1447
CID1325,DID15
CID1325,DID317
CID1325,DID616
CID1326,DID1211
CID1326,DID1444
CID1326,DID464
CID1326,DID59
CID1326,DID794
CID1326,DID935
CID1327,DID1282
CID1327,DID1386
CID1327,DID1396
CID1327,DID247
CID1327,DID398
CID1327,DID792
CID1328,DID1280
CID1329,DID1000
CID1329,DID1141
CID1329,DID1245
CID1329,DID1322
CID1329,DID48
CID1329,DID963
CID1330,DID1310
CID1330,DID573
CID1330,DID760
CID1331,DID110
CID1331,DID1145
CID1331,DID1266
CID1331,DID346
CID1331,DID640
CID1331,DID669
CID1332,DID1121
CID1332,DID1272
CID1332,DID1276
CID1332,DID1419
CID1332,DID447
CID1332,DID84
CID1333,DID1019
CID1333,DID194
CID1333,DID413
CID1333,DID638
CID1333,DID725
CID1333,DID913
CID1334,DID854
CID1334,DID932
CID1335,DID1345
CID1335,DID515
CID1335,DID577
CID1335,DID869
CID1336,DID168
CID1336,DID734
CID1337,DID106
CID1338,DID1021
CID1338,DID1135
CID1338,DID8
CID1338,DID817
CID1338,DID936
CID1339,DID140
CID1339,DID235
CID1339,DID298
CID1339,DID388
CID1339,DID608
CID1339,DID685
CID1340,DID164
CID1340,DID214
CID1340,DID459
CID1341,DID1381
CID1341,DID401
CID1341,DID576
CID1341,DID777
CID1341,DID953
CID1342,DID1071
CID1342,DID1227
CID1342,DID1325
CID1342,DID208
CID1342,DID780
CID1342,DID842
CID1343,DID107
CID1343,DID1423
CID1343,DID511
CID1344,DID12
CID1344,DID1339
CID1344,DID1406
CID1344,DID432
CID1345,DID1085
CID1345,DID1415
CID1345,DID186
CID1345,DID977
CID1346,DID14
CID1346,DID271
CID1346,DID530
CID1346,DID597
CID1346,DID649
CID1346,DID961
CID1347,DID1171
CID1347,DID793
CID1348,DID1161
CID1348,DID1281
CID1348,DID251
CID1348,DID49
CID1348,DID579
CID1348,DID736
CID1349,DID1027
CID1349,DID1056
CID1349,DID1459
CID1349,DID712
CID1350,DID224
CID1350,DID315
CID1350,DID319
CID1351,DID1418
CID1351,DID164
CID1351,DID636
CID1351,DID872
CID1352,DID177
CID1352,DID484
CID1353,DID1218
CID1353,DID1315
CID1353,DID1409
CID1353,DID1430
CID1353,DID810
CID1353,DID991
CID1354,DID1009
CID1354,DID1135
CID1354,DID545
CID1354,DID684
CID1354,DID807
CID1355,DID73
CID1356,DID1098
CID1356,DID182
CID1356,DID692
CID1356,DID819
CID1356,DID856
CID1357,DID142
CID1357,DID4
CID1357,DID514
CID1357,DID754
CID1358,DID1185
CID1358,DID1239
CID1358,DID1455
CID1359,DID1227
CID1360,DID1072
CID1360,DID333
CID1360,DID827
CID1360,DID832
CID1360,DID845
CID1361,DID131
CID1361,DID1463
CID1361,DID208
CID1361,DID238
CID1361,DID243
CID1362,DID346
CID1362,DID823
CID1363,DID355
CID1363,DID48
CID1363,DID502
CID1363,DID592
CID1363,DID993
CID1364,DID1190
CID1364,DID503
CID1364,DID66
CID1364,DID724
CID1364,DID78
CID1365,DID1378
CID1365,DID1397
CID1365,DID334
CID1365,DID849
CID1365,DID990
CID1366,DID1483
CID1366,DID292
CID1366,DID579
CID1366,DID624
CID1366,DID643
CID1366,DID976
CID1367,DID1058
CID1367,DID1068
CID1367,DID518
CID1368,DID936
CID1369,DID853
CID1369,DID994
CID1370,DID1234
CID1370,DID284
CID1370,DID679
CID1370,DID760
CID1370,DID866
CID1370,DID94
CID1371,DID1015
CID1371,DID1151
CID1371,DID1341
CID1371,DID581
CID1371,DID602
CID1371,DID755
CID1372,DID117
CID1372,DID1200
CID1372,DID625
CID1372,DID678
CID1372,DID824
CID1372,DID948
CID1373,DID1129
CID1373,DID507
CID1373,DID677
CID1373,DID731
CID1374,DID1271
CID1374,DID392
CID1374,DID614
CID1374,DID82
CID1374,DID845
CID1375,DID1151
CID1375,DID194
CID1375,DID454
CID1375,DID478
CID1375,DID675
CID1375,DID965
CID1376,DID1058
CID1376,DID1334
CID1376,DID1376
CID1376,DID678
CID1377,DID1268
CID1377,DID1376
CID1377,DID512
CID1377,DID613
CID1377,DID689
CID1377,DID867
CID1378,DID788
CID1379,DID1184
CID1379,DID1306
CID1379,DID739
CID1380,DID1294
CID1380,DID168
CID1380,DID823
CID1381,DID1330
CID1381,DID1465
CID1381,DID155
CID1381,DID979
CID1382,DID1139
CID1382,DID304
CID1382,DID390
CID1382,DID394
CID1382,DID908
CID1382,DID986
CID1383,DID1326
CID1383,DID364
CID1384,DID1473
CID1385,DID1194
CID1385,DID1303
CID1385,DID1427
CID1385,DID482
CID1385,DID557
CID1385,DID749
CID1386,DID1129
CID1386,DID1155
CID1386,DID550
CID1386,DID699
CID1387,DID1344
CID1387,DID1490
CID1387,DID268
CID1387,DID401
CID1387,DID705
CID1387,DID909
CID1388,DID1063
CID1388,DID1110
CID1388,DID857
CID1388,DID881
CID1388,DID928
CID1389,DID1170
CID1389,DID369
CID1389,DID437
CID1389,DID584
CID1390,DID1281
CID1390,DID1334
CID1390,DID1471
CID1390,DID19
CID1390,DID258
CID1391,DID237
CID1391,DID29
CID1391,DID525
CID1391,DID643
CID1391,DID682
CID1391,DID727
CID1392,DID1057
CID1392,DID1212
CID1393,DID1072
CID1393,DID1181
CID1393,DID525
CID1394,DID1370
CID1394,DID1488
CID1394,DID1500
CID1394,DID92
CID1394,DID969
CID1395,DID1369
CID1396,DID589
CID1397,DID1319
CID1397,DID190
CID1397,DID221
CID1397,DID593
CID1398,DID1039
CID1398,DID496
CID1398,DID505
CID1398,DID565
CID1398,DID943
CID1399,DID123
CID1399,DID250
CID1399,DID761
CID1400,DID1254
CID1400,DID540
CID1400,DID630
CID1400,DID919
CID1400,DID967
CID1400,DID993
CID1401,DID106
CID1401,DID1144
CID1401,DID1203
CID1401,DID1313
CID1401,DID1323
CID1401,DID860
CID1402,DID1110
CID1402,DID1319
CID1402,DID165
CID1402,DID517
CID1402,DID602
CID1402,DID671
CID1403,DID1338
CID1403,DID1386
CID1403,DID29
CID1404,DID1100
CID1404,DID1322
CID1404,DID683
CID1404,DID781
CID1405,DID1269
CID1405,DID191
CID1405,DID426
CID1405,DID428
CID1405,DID680
CID1405,DID914
CID1406,DID781
CID1406,DID95
CID1407,DID1078
CID1407,DID1112
CID1407,DID1182
CID1407,DID3
CID1407,DID436
CID1408,DID1121
CID1408,DID1321
CID1408,DID413
CID1408,DID595
CID1408,DID952
CID1409,DID1431
CID1409,DID477
CID1409,DID82
CID1410,DID1182
CID1411,DID349
CID1411,DID352
CID1411,DID594
CID1411,DID614
CID1412,DID816
CID1412,DID833
CID1413,DID1031
CID1413,DID428
CID1413,DID444
CID1413,DID757
CID1414,DID360
CID1414,DID493
CID1414,DID543
CID1414,DID787
CID1414,DID934
CID1415,DID1139
CID1415,DID1325
CID1415,DID1470
CID1415,DID512
CID1415,DID615
CID1416,DID123
CID1416,DID140
CID1416,DID270
CID1416,DID900
CID1417,DID19
CID1417,DID310
CID1417,DID824
CID1418,DID1301
CID1419,DID223
CID1419,DID780
CID1419,DID846
CID1419,DID915
CID1420,DID1472
CID1420,DID1490
CID1420,DID194
CID1420,DID805
CID1421,DID481
CID1421,DID525
CID1421,DID556
CID1421,DID621
CID1421,DID646
CID1421,DID691
CID1422,DID554
CID1423,DID247
CID1423,DID454
CID1423,DID525
CID1423,DID537
CID1423,DID572
CID1423,DID680
CID1424,DID1073
CID1424,DID1461
CID1424,DID44
CID1424,DID486
CID1424,DID691
CID1425,DID1072
CID1425,DID1242
CID1425,DID929
CID1425,DID984
CID1426,DID1140
CID1426,DID168
CID1426,DID171
CID1426,DID357
CID1427,DID1474
CID1427,DID1497
CID1428,DID1047
CID1428,DID1395
CID1428,DID448
CID1428,DID557
CID1428,DID696
CID1428,DID717
CID1429,DID1161
CID1430,DID1024
CID1430,DID1406
CID1430,DID194
CID1430,DID701
CID1430,DID908
CID1431,DID109
CID1431,DID1117
CID1431,DID580
CID1431,DID638
CID1431,DID680
CID1431,DID95
CID1432,DID1430
CID1432,DID543
CID1432,DID759
CID1432,DID85
CID1433,DID254
CID1433,DID260
CID1433,DID276
CID1433,DID53
CID1433,DID872
CID1434,DID1084
CID1434,DID1093
CID1434,DID1112
CID1434,DID1390
CID1434,DID1471
CID1434,DID555
CID1435,DID43
CID1435,DID801
CID1435,DID848
CID1435,DID906
CID1436,DID1285
CID1436,DID38
CID1437,DID869
CID1438,DID109
CID1438,DID1098
CID1438,DID1214
CID1438,DID1363
CID1438,DID1387
CID1439,DID1081
CID1439,DID1287
CID1439,DID999
CID1440,DID246
CID1441,DID1084
CID1441,DID306
CID1441,DID535
CID1441,DID978
CID1442,DID1015
CID1442,DID176
CID1442,DID82
CID1442,DID914
CID1442,DID919
CID1442,DID99
CID1443,DID566
CID1444,DID1017
CID1444,DID1154
CID1444,DID13
CID1444,DID261
CID1444,DID294
CID1444,DID32
CID1445,DID1103
CID1445,DID1397
CID1445,DID516
CID1445,DID663
CID1446,DID1269
CID1446,DID262
CID1446,DID533
CID1447,DID1304
CID1447,DID1439
CID1447,DID311
CID1447,DID906
CID1447,DID963
CID1448,DID1131
CID1448,DID1317
CID1448,DID289
CID1448,DID972
CID1449,DID1236
CID1449,DID274
CID1449,DID61
CID1449,DID615
CID1449,DID754
CID1449,DID948
CID1450,DID1047
CID1450,DID1226
CID1450,DID1249
CID1450,DID765
CID1450,DID897
CID1450,DID947
CID1451,DID1234
CID1452,DID1215
CID1452,DID566
CID1452,DID587
CID1452,DID680
CID1453,DID1130
CID1453,DID1339
CID1454,DID1264
CID1454,DID6
CID1454,DID651
CID1454,DID74
CID1454,DID793
CID1455,DID1094
CID1455,DID1484
CID1455,DID197
CID1456,DID286
CID1456,DID709
CID1456,DID977
CID1457,DID1088
CID1457,DID136
CID1458,DID1299
CID1458,DID440
CID1459,DID1326
CID1459,DID389
CID1459,DID425
CID1459,DID599
CID1460,DID1043
CID1460,DID181
CID1460,DID207
CID1460,DID406
CID1461,DID1144
CID1461,DID1438
CID1461,DID1453
CID1461,DID157
CID1461,DID733
CID1462,DID335
CID1462,DID514
CID1462,DID664
CID1462,DID68
CID1463,DID1001
CID1463,DID1425
CID1463,DID676
CID1463,DID68
CID1463,DID916
CID1464,DID1159
CID1464,DID1202
CID1464,DID128
CID1464,DID640
CID1464,DID924
CID1465,DID1361
CID1465,DID442
CID1465,DID453
CID1465,DID635
CID1465,DID705
CID1465,DID838
CID1466,DID656
CID1467,DID123
CID1467,DID1449
CID1467,DID151
CID1467,DID551
CID1468,DID1406
CID1468,DID1414
CID1468,DID926
CID1468,DID97
CID1468,DID982
CID1469,DID1
CID1469,DID114
CID1469,DID1239
CID1469,DID1449
CID1469,DID808
CID1469,DID984
CID1470,DID1021
CID1470,DID1215
CID1470,DID185
CID1470,DID251
CID1470,DID600
CID1470,DID68
CID1471,DID1156
CID1471,DID333
CID1471,DID478
CID1471,DID650
CID1471,DID971
CID1472,DID1044
CID1472,DID1373
CID1472,DID230
CID1472,DID465
CID1472,DID728
CID1472,DID886
CID1473,DID1331
CID1473,DID1448
CID1473,DID498
CID1473,DID545
CID1473,DID987
CID1474,DID1052
CID1474,DID587
CID1474,DID713
CID1474,DID72
CID1474,DID73
CID1474,DID807
CID1475,DID1074
CID1475,DID1442
CID1475,DID640
CID1475,DID686
CID1475,DID730
CID1475,DID90
CID1476,DID1484
CID1476,DID215
CID1476,DID335
CID1476,DID823
CID1476,DID864
CID1476,DID913
CID1477,DID1458
CID1478,DID10
CID1478,DID1021
CID1478,DID1174
CID1478,DID372
CID1478,DID428
CID1478,DID446
CID1479,DID35
CID1479,DID376
CID1479,DID44
CID1479,DID74
CID1480,DID1040
CID1480,DID149
CID1480,DID532
CID1480,DID990
CID1481,DID1209
CID1481,DID1233
CID1481,DID1240
CID1481,DID250
CID1481,DID39
CID1482,DID970
CID1483,DID297
CID1484,DID1143
CID1484,DID1382
CID1484,DID1430
CID1484,DID350
CID1484,DID902
CID1484,DID958
CID1485,DID1031
CID1485,DID1117
CID1485,DID1183
CID1485,DID1316
CID1485,DID247
CID1485,DID672
CID1486,DID689
CID1487,DID1067
CID1487,DID1079
CID1487,DID647
CID1487,DID738
CID1488,DID572
CID1489,DID589
CID1490,DID1060
CID1490,DID1235
CID1490,DID1435
CID1490,DID171
CID1491,DID1449
CID1491,DID254
CID1492,DID1450
CID1492,DID186
CID1492,DID267
CID1492,DID35
CID1492,DID350
CID1492,DID634
CID1493,DID583
CID1494,DID1496
CID1494,DID232
CID1494,DID397
CID1494,DID488
CID1494,DID810
CID1495,DID141
CID1495,DID587
CID1495,DID597
CID1495,DID831
CID1496,DID1296
CID1496,DID172
CID1496,DID681
CID1497,DID1010
CID1497,DID1097
CID1497,DID1288
CID1497,DID18
CID1497,DID782
CID1498,DID1363
CID1498,DID586
CID1498,DID746
CID1499,DID1159
CID1499,DID123
CID1499,DID1343
CID1499,DID250
CID1499,DID354
CID1499,DID924
CID1500,DID115
CID1500,DID403
CID1500,DID446
CID1500,DID474
CID1500,DID905
