UC_ID,EC_ID
UC_ID1,EC_ID109
UC_ID1,EC_ID159
UC_ID1,EC_ID201
UC_ID1,EC_ID243
UC_ID1,EC_ID285
UC_ID1,EC_ID292
UC_ID1,EC_ID56
UC_ID2,EC_ID11
UC_ID2,EC_ID154
UC_ID2,EC_ID201
UC_ID2,EC_ID232
UC_ID2,EC_ID238
UC_ID2,EC_ID244
UC_ID3,EC_ID125
UC_ID4,EC_ID64
UC_ID5,EC_ID157
UC_ID5,EC_ID280
UC_ID5,EC_ID297
UC_ID6,EC_ID119
UC_ID6,EC_ID137
UC_ID6,EC_ID187
UC_ID6,EC_ID58
UC_ID7,EC_ID131
UC_ID7,EC_ID23
UC_ID7,EC_ID25
UC_ID7,EC_ID264
UC_ID7,EC_ID5
UC_ID7,EC_ID98
UC_ID8,EC_ID106
UC_ID8,EC_ID186
UC_ID8,EC_ID251
UC_ID8,EC_ID291
UC_ID8,EC_ID53
UC_ID9,EC_ID153
UC_ID9,EC_ID240
UC_ID9,EC_ID259
UC_ID9,EC_ID38
UC_ID10,EC_ID127
UC_ID10,EC_ID230
UC_ID10,EC_ID245
UC_ID10,EC_ID259
UC_ID10,EC_ID268
UC_ID10,EC_ID59
UC_ID10,EC_ID61
UC_ID11,EC_ID115
UC_ID11,EC_ID12
UC_ID11,EC_ID295
UC_ID14,EC_ID117
UC_ID14,EC_ID154
UC_ID14,EC_ID17
UC_ID14,EC_ID19
UC_ID14,EC_ID71
UC_ID15,EC_ID135
UC_ID15,EC_ID142
UC_ID15,EC_ID174
UC_ID15,EC_ID206
UC_ID15,EC_ID217
UC_ID15,EC_ID287
UC_ID16,EC_ID127
UC_ID16,EC_ID193
UC_ID16,EC_ID203
UC_ID16,EC_ID238
UC_ID16,EC_ID249
UC_ID16,EC_ID49
UC_ID16,EC_ID70
UC_ID17,EC_ID105
UC_ID17,EC_ID117
UC_ID17,EC_ID179
UC_ID17,EC_ID235
UC_ID18,EC_ID112
UC_ID18,EC_ID143
UC_ID18,EC_ID30
UC_ID19,EC_ID128
UC_ID19,EC_ID133
UC_ID19,EC_ID137
UC_ID19,EC_ID144
UC_ID19,EC_ID176
UC_ID19,EC_ID241
UC_ID19,EC_ID245
UC_ID19,EC_ID63
UC_ID20,EC_ID11
UC_ID20,EC_ID111
UC_ID20,EC_ID128
UC_ID20,EC_ID15
UC_ID20,EC_ID197
UC_ID20,EC_ID63
UC_ID20,EC_ID82
UC_ID22,EC_ID103
UC_ID22,EC_ID119
UC_ID22,EC_ID218
UC_ID22,EC_ID238
UC_ID22,EC_ID28
UC_ID22,EC_ID288
UC_ID22,EC_ID62
UC_ID23,EC_ID238
UC_ID23,EC_ID254
UC_ID23,EC_ID41
UC_ID23,EC_ID6
UC_ID24,EC_ID150
UC_ID24,EC_ID166
UC_ID24,EC_ID7
UC_ID25,EC_ID1
UC_ID25,EC_ID129
UC_ID25,EC_ID190
UC_ID25,EC_ID228
UC_ID25,EC_ID27
UC_ID26,EC_ID184
UC_ID26,EC_ID282
UC_ID26,EC_ID283
UC_ID26,EC_ID292
UC_ID26,EC_ID35
UC_ID26,EC_ID71
UC_ID27,EC_ID124
UC_ID27,EC_ID177
UC_ID27,EC_ID197
UC_ID27,EC_ID255
UC_ID27,EC_ID277
UC_ID27,EC_ID295
UC_ID28,EC_ID214
UC_ID28,EC_ID262
UC_ID28,EC_ID281
UC_ID28,EC_ID31
UC_ID29,EC_ID171
UC_ID29,EC_ID178
UC_ID29,EC_ID225
UC_ID29,EC_ID227
UC_ID29,EC_ID232
UC_ID29,EC_ID300
UC_ID29,EC_ID92
UC_ID30,EC_ID18
UC_ID30,EC_ID6
UC_ID31,EC_ID136
UC_ID31,EC_ID146
UC_ID31,EC_ID158
UC_ID31,EC_ID226
UC_ID31,EC_ID234
UC_ID31,EC_ID262
UC_ID31,EC_ID266
UC_ID31,EC_ID35
UC_ID32,EC_ID155
UC_ID32,EC_ID177
UC_ID32,EC_ID206
UC_ID32,EC_ID235
UC_ID32,EC_ID44
UC_ID32,EC_ID88
UC_ID33,EC_ID108
UC_ID33,EC_ID167
UC_ID33,EC_ID174
UC_ID33,EC_ID188
UC_ID33,EC_ID222
UC_ID33,EC_ID240
UC_ID34,EC_ID127
UC_ID34,EC_ID170
UC_ID34,EC_ID18
UC_ID34,EC_ID230
UC_ID34,EC_ID249
UC_ID34,EC_ID29
UC_ID35,EC_ID177
UC_ID35,EC_ID222
UC_ID35,EC_ID24
UC_ID35,EC_ID61
UC_ID36,EC_ID147
UC_ID36,EC_ID207
UC_ID36,EC_ID274
UC_ID36,EC_ID91
UC_ID37,EC_ID128
UC_ID37,EC_ID159
UC_ID37,EC_ID24
UC_ID37,EC_ID243
UC_ID37,EC_ID278
UC_ID37,EC_ID60
UC_ID37,EC_ID8
UC_ID38,EC_ID131
UC_ID38,EC_ID137
UC_ID38,EC_ID81
UC_ID39,EC_ID118
UC_ID39,EC_ID122
UC_ID39,EC_ID249
UC_ID39,EC_ID265
UC_ID39,EC_ID293
UC_ID39,EC_ID56
UC_ID39,EC_ID94
UC_ID40,EC_ID107
UC_ID40,EC_ID136
UC_ID40,EC_ID201
UC_ID40,EC_ID228
UC_ID40,EC_ID80
UC_ID41,EC_ID1
UC_ID41,EC_ID191
UC_ID41,EC_ID78
UC_ID42,EC_ID209
UC_ID42,EC_ID216
UC_ID42,EC_ID224
UC_ID42,EC_ID263
UC_ID42,EC_ID268
UC_ID42,EC_ID5
UC_ID43,EC_ID154
UC_ID43,EC_ID204
UC_ID43,EC_ID237
UC_ID43,EC_ID249
UC_ID43,EC_ID257
UC_ID44,EC_ID138
UC_ID44,EC_ID283
UC_ID44,EC_ID40
UC_ID45,EC_ID198
UC_ID45,EC_ID218
UC_ID45,EC_ID62
UC_ID46,EC_ID126
UC_ID46,EC_ID226
UC_ID46,EC_ID263
UC_ID46,EC_ID43
UC_ID46,EC_ID80
UC_ID46,EC_ID94
UC_ID47,EC_ID145
UC_ID47,EC_ID21
UC_ID47,EC_ID259
UC_ID47,EC_ID260
UC_ID47,EC_ID29
UC_ID47,EC_ID45
UC_ID47,EC_ID72
UC_ID48,EC_ID165
UC_ID48,EC_ID183
UC_ID49,EC_ID196
UC_ID49,EC_ID219
UC_ID49,EC_ID31
UC_ID50,EC_ID204
UC_ID50,EC_ID236
UC_ID50,EC_ID44
UC_ID51,EC_ID129
UC_ID51,EC_ID158
UC_ID51,EC_ID222
UC_ID51,EC_ID254
UC_ID52,EC_ID259
UC_ID53,EC_ID152
UC_ID53,EC_ID227
UC_ID53,EC_ID278
UC_ID53,EC_ID81
UC_ID54,EC_ID126
UC_ID54,EC_ID242
UC_ID54,EC_ID262
UC_ID54,EC_ID290
UC_ID55,EC_ID112
UC_ID55,EC_ID240
UC_ID55,EC_ID254
UC_ID55,EC_ID267
UC_ID55,EC_ID274
UC_ID55,EC_ID70
UC_ID56,EC_ID155
UC_ID56,EC_ID270
UC_ID58,EC_ID100
UC_ID58,EC_ID189
UC_ID58,EC_ID197
UC_ID58,EC_ID216
UC_ID59,EC_ID127
UC_ID59,EC_ID245
UC_ID59,EC_ID249
UC_ID59,EC_ID256
UC_ID59,EC_ID288
UC_ID60,EC_ID11
UC_ID60,EC_ID112
UC_ID60,EC_ID186
UC_ID60,EC_ID233
UC_ID60,EC_ID287
UC_ID60,EC_ID300
UC_ID60,EC_ID84
UC_ID60,EC_ID94
UC_ID61,EC_ID216
UC_ID61,EC_ID279
UC_ID63,EC_ID111
UC_ID63,EC_ID121
UC_ID63,EC_ID203
UC_ID63,EC_ID46
UC_ID64,EC_ID13
UC_ID64,EC_ID151
UC_ID64,EC_ID19
UC_ID64,EC_ID239
UC_ID64,EC_ID25
UC_ID64,EC_ID43
UC_ID65,EC_ID104
UC_ID65,EC_ID154
UC_ID65,EC_ID185
UC_ID65,EC_ID195
UC_ID65,EC_ID206
UC_ID65,EC_ID267
UC_ID65,EC_ID290
UC_ID66,EC_ID8
UC_ID66,EC_ID98
UC_ID67,EC_ID120
UC_ID67,EC_ID134
UC_ID67,EC_ID138
UC_ID67,EC_ID185
UC_ID67,EC_ID208
UC_ID67,EC_ID35
UC_ID67,EC_ID81
UC_ID68,EC_ID159
UC_ID68,EC_ID259
UC_ID68,EC_ID28
UC_ID68,EC_ID61
UC_ID68,EC_ID75
UC_ID68,EC_ID78
UC_ID68,EC_ID96
UC_ID69,EC_ID57
UC_ID70,EC_ID113
UC_ID70,EC_ID120
UC_ID70,EC_ID121
UC_ID70,EC_ID150
UC_ID70,EC_ID216
UC_ID70,EC_ID270
UC_ID70,EC_ID288
UC_ID71,EC_ID152
UC_ID71,EC_ID273
UC_ID71,EC_ID36
UC_ID72,EC_ID279
UC_ID72,EC_ID42
UC_ID72,EC_ID64
UC_ID73,EC_ID159
UC_ID74,EC_ID103
UC_ID74,EC_ID114
UC_ID74,EC_ID123
UC_ID74,EC_ID261
UC_ID74,EC_ID283
UC_ID74,EC_ID46
UC_ID75,EC_ID286
UC_ID75,EC_ID62
UC_ID76,EC_ID115
UC_ID76,EC_ID140
UC_ID76,EC_ID204
UC_ID76,EC_ID288
UC_ID76,EC_ID294
UC_ID76,EC_ID296
UC_ID76,EC_ID42
UC_ID77,EC_ID121
UC_ID77,EC_ID130
UC_ID77,EC_ID174
UC_ID77,EC_ID178
UC_ID77,EC_ID231
UC_ID77,EC_ID29
UC_ID77,EC_ID57
UC_ID77,EC_ID6
UC_ID78,EC_ID115
UC_ID78,EC_ID277
UC_ID78,EC_ID7
UC_ID79,EC_ID143
UC_ID79,EC_ID162
UC_ID79,EC_ID17
UC_ID79,EC_ID43
UC_ID79,EC_ID46
UC_ID79,EC_ID93
UC_ID80,EC_ID147
UC_ID80,EC_ID151
UC_ID80,EC_ID282
UC_ID80,EC_ID30
UC_ID80,EC_ID59
UC_ID81,EC_ID14
UC_ID81,EC_ID146
UC_ID81,EC_ID168
UC_ID81,EC_ID243
UC_ID81,EC_ID38
UC_ID81,EC_ID81
UC_ID82,EC_ID124
UC_ID82,EC_ID150
UC_ID82,EC_ID44
UC_ID82,EC_ID62
UC_ID82,EC_ID90
UC_ID83,EC_ID123
UC_ID84,EC_ID136
UC_ID84,EC_ID166
UC_ID84,EC_ID180
UC_ID84,EC_ID2
UC_ID84,EC_ID200
UC_ID84,EC_ID249
UC_ID84,EC_ID99
UC_ID85,EC_ID114
UC_ID85,EC_ID252
UC_ID85,EC_ID263
UC_ID86,EC_ID123
UC_ID86,EC_ID237
UC_ID86,EC_ID256
UC_ID86,EC_ID267
UC_ID86,EC_ID41
UC_ID86,EC_ID62
UC_ID87,EC_ID137
UC_ID87,EC_ID179
UC_ID87,EC_ID183
UC_ID87,EC_ID216
UC_ID87,EC_ID218
UC_ID88,EC_ID120
UC_ID88,EC_ID17
UC_ID88,EC_ID251
UC_ID88,EC_ID272
UC_ID88,EC_ID56
UC_ID88,EC_ID74
UC_ID88,EC_ID78
UC_ID89,EC_ID121
UC_ID89,EC_ID269
UC_ID90,EC_ID123
UC_ID90,EC_ID2
UC_ID90,EC_ID206
UC_ID90,EC_ID246
UC_ID90,EC_ID271
UC_ID90,EC_ID286
UC_ID90,EC_ID4
UC_ID92,EC_ID11
UC_ID92,EC_ID121
UC_ID92,EC_ID154
UC_ID92,EC_ID18
UC_ID92,EC_ID195
UC_ID92,EC_ID95
UC_ID94,EC_ID129
UC_ID94,EC_ID234
UC_ID94,EC_ID288
UC_ID94,EC_ID35
UC_ID95,EC_ID113
UC_ID95,EC_ID119
UC_ID95,EC_ID136
UC_ID95,EC_ID17
UC_ID95,EC_ID204
UC_ID95,EC_ID263
UC_ID95,EC_ID40
UC_ID96,EC_ID110
UC_ID96,EC_ID111
UC_ID96,EC_ID119
UC_ID96,EC_ID158
UC_ID96,EC_ID168
UC_ID96,EC_ID207
UC_ID96,EC_ID242
UC_ID96,EC_ID273
UC_ID97,EC_ID198
UC_ID97,EC_ID278
UC_ID97,EC_ID39
UC_ID98,EC_ID104
UC_ID98,EC_ID7
UC_ID98,EC_ID89
UC_ID99,EC_ID122
UC_ID99,EC_ID133
UC_ID99,EC_ID163
UC_ID99,EC_ID284
UC_ID99,EC_ID51
UC_ID100,EC_ID177
UC_ID100,EC_ID186
UC_ID100,EC_ID207
UC_ID100,EC_ID257
UC_ID100,EC_ID286
UC_ID100,EC_ID41
UC_ID100,EC_ID77
UC_ID101,EC_ID134
UC_ID101,EC_ID137
UC_ID101,EC_ID274
UC_ID102,EC_ID77
UC_ID103,EC_ID15
UC_ID103,EC_ID153
UC_ID103,EC_ID182
UC_ID103,EC_ID231
UC_ID103,EC_ID257
UC_ID104,EC_ID150
UC_ID104,EC_ID159
UC_ID104,EC_ID16
UC_ID104,EC_ID189
UC_ID104,EC_ID193
UC_ID104,EC_ID208
UC_ID104,EC_ID296
UC_ID104,EC_ID60
UC_ID105,EC_ID112
UC_ID105,EC_ID116
UC_ID105,EC_ID174
UC_ID105,EC_ID223
UC_ID105,EC_ID274
UC_ID105,EC_ID39
UC_ID105,EC_ID78
UC_ID106,EC_ID186
UC_ID106,EC_ID189
UC_ID106,EC_ID23
UC_ID106,EC_ID30
UC_ID107,EC_ID60
UC_ID108,EC_ID12
UC_ID108,EC_ID127
UC_ID108,EC_ID156
UC_ID108,EC_ID255
UC_ID108,EC_ID67
UC_ID108,EC_ID70
UC_ID109,EC_ID105
UC_ID109,EC_ID200
UC_ID109,EC_ID227
UC_ID109,EC_ID263
UC_ID109,EC_ID279
UC_ID109,EC_ID80
UC_ID110,EC_ID56
UC_ID112,EC_ID122
UC_ID112,EC_ID177
UC_ID112,EC_ID184
UC_ID112,EC_ID209
UC_ID112,EC_ID97
UC_ID113,EC_ID104
UC_ID113,EC_ID231
UC_ID113,EC_ID279
UC_ID113,EC_ID44
UC_ID113,EC_ID82
UC_ID113,EC_ID88
UC_ID113,EC_ID93
UC_ID114,EC_ID141
UC_ID114,EC_ID197
UC_ID114,EC_ID198
UC_ID114,EC_ID22
UC_ID114,EC_ID268
UC_ID114,EC_ID29
UC_ID114,EC_ID39
UC_ID114,EC_ID71
UC_ID116,EC_ID100
UC_ID116,EC_ID135
UC_ID116,EC_ID220
UC_ID116,EC_ID283
UC_ID116,EC_ID291
UC_ID117,EC_ID126
UC_ID117,EC_ID221
UC_ID117,EC_ID263
UC_ID118,EC_ID117
UC_ID118,EC_ID144
UC_ID118,EC_ID153
UC_ID118,EC_ID20
UC_ID118,EC_ID276
UC_ID118,EC_ID283
UC_ID118,EC_ID36
UC_ID118,EC_ID94
UC_ID119,EC_ID208
UC_ID119,EC_ID228
UC_ID120,EC_ID133
UC_ID120,EC_ID204
UC_ID120,EC_ID221
UC_ID120,EC_ID251
UC_ID120,EC_ID59
UC_ID120,EC_ID83
UC_ID121,EC_ID111
UC_ID121,EC_ID167
UC_ID121,EC_ID3
UC_ID121,EC_ID96
UC_ID122,EC_ID106
UC_ID122,EC_ID110
UC_ID122,EC_ID114
UC_ID122,EC_ID195
UC_ID122,EC_ID226
UC_ID122,EC_ID59
UC_ID122,EC_ID67
UC_ID123,EC_ID121
UC_ID123,EC_ID132
UC_ID123,EC_ID181
UC_ID123,EC_ID190
UC_ID123,EC_ID56
UC_ID124,EC_ID122
UC_ID124,EC_ID228
UC_ID124,EC_ID229
UC_ID124,EC_ID254
UC_ID124,EC_ID292
UC_ID124,EC_ID296
UC_ID125,EC_ID101
UC_ID125,EC_ID117
UC_ID125,EC_ID171
UC_ID125,EC_ID255
UC_ID125,EC_ID276
UC_ID125,EC_ID283
UC_ID125,EC_ID64
UC_ID127,EC_ID21
UC_ID127,EC_ID216
UC_ID127,EC_ID219
UC_ID127,EC_ID231
UC_ID127,EC_ID263
UC_ID127,EC_ID297
UC_ID127,EC_ID99
UC_ID128,EC_ID264
UC_ID128,EC_ID31
UC_ID129,EC_ID180
UC_ID129,EC_ID24
UC_ID129,EC_ID280
UC_ID129,EC_ID293
UC_ID129,EC_ID58
UC_ID129,EC_ID61
UC_ID130,EC_ID121
UC_ID130,EC_ID128
UC_ID130,EC_ID134
UC_ID130,EC_ID154
UC_ID130,EC_ID172
UC_ID130,EC_ID201
UC_ID130,EC_ID249
UC_ID130,EC_ID276
UC_ID131,EC_ID103
UC_ID131,EC_ID111
UC_ID131,EC_ID114
UC_ID131,EC_ID236
UC_ID131,EC_ID245
UC_ID131,EC_ID29
UC_ID131,EC_ID298
UC_ID132,EC_ID137
UC_ID132,EC_ID224
UC_ID132,EC_ID250
UC_ID132,EC_ID260
UC_ID132,EC_ID295
UC_ID133,EC_ID116
UC_ID133,EC_ID119
UC_ID133,EC_ID142
UC_ID133,EC_ID203
UC_ID133,EC_ID247
UC_ID133,EC_ID95
UC_ID134,EC_ID194
UC_ID135,EC_ID192
UC_ID135,EC_ID286
UC_ID135,EC_ID48
UC_ID135,EC_ID61
UC_ID135,EC_ID89
UC_ID136,EC_ID198
UC_ID136,EC_ID217
UC_ID136,EC_ID265
UC_ID137,EC_ID290
UC_ID137,EC_ID3
UC_ID137,EC_ID60
UC_ID137,EC_ID61
UC_ID138,EC_ID12
UC_ID138,EC_ID32
UC_ID138,EC_ID7
UC_ID139,EC_ID108
UC_ID140,EC_ID107
UC_ID140,EC_ID130
UC_ID140,EC_ID179
UC_ID140,EC_ID187
UC_ID140,EC_ID249
UC_ID140,EC_ID291
UC_ID140,EC_ID62
UC_ID140,EC_ID74
UC_ID141,EC_ID105
UC_ID141,EC_ID108
UC_ID141,EC_ID209
UC_ID141,EC_ID56
UC_ID142,EC_ID157
UC_ID142,EC_ID231
UC_ID142,EC_ID276
UC_ID142,EC_ID7
UC_ID143,EC_ID111
UC_ID143,EC_ID144
UC_ID143,EC_ID179
UC_ID143,EC_ID244
UC_ID143,EC_ID253
UC_ID143,EC_ID261
UC_ID144,EC_ID102
UC_ID144,EC_ID157
UC_ID144,EC_ID212
UC_ID144,EC_ID292
UC_ID144,EC_ID3
UC_ID144,EC_ID39
UC_ID144,EC_ID6
UC_ID145,EC_ID107
UC_ID145,EC_ID142
UC_ID145,EC_ID190
UC_ID145,EC_ID219
UC_ID145,EC_ID266
UC_ID145,EC_ID83
UC_ID146,EC_ID126
UC_ID146,EC_ID148
UC_ID146,EC_ID162
UC_ID146,EC_ID282
UC_ID146,EC_ID60
UC_ID147,EC_ID157
UC_ID147,EC_ID219
UC_ID147,EC_ID236
UC_ID147,EC_ID70
UC_ID148,EC_ID114
UC_ID148,EC_ID123
UC_ID148,EC_ID186
UC_ID148,EC_ID21
UC_ID148,EC_ID24
UC_ID148,EC_ID250
UC_ID148,EC_ID255
UC_ID148,EC_ID78
UC_ID149,EC_ID199
UC_ID149,EC_ID63
UC_ID149,EC_ID83
UC_ID150,EC_ID194
UC_ID150,EC_ID273
UC_ID150,EC_ID90
UC_ID151,EC_ID173
UC_ID151,EC_ID256
UC_ID152,EC_ID156
UC_ID152,EC_ID78
UC_ID153,EC_ID10
UC_ID153,EC_ID140
UC_ID153,EC_ID198
UC_ID153,EC_ID20
UC_ID153,EC_ID264
UC_ID153,EC_ID277
UC_ID153,EC_ID62
UC_ID154,EC_ID140
UC_ID154,EC_ID250
UC_ID154,EC_ID28
UC_ID154,EC_ID281
UC_ID154,EC_ID63
UC_ID155,EC_ID129
UC_ID155,EC_ID220
UC_ID155,EC_ID246
UC_ID155,EC_ID26
UC_ID155,EC_ID43
UC_ID155,EC_ID69
UC_ID156,EC_ID130
UC_ID156,EC_ID138
UC_ID156,EC_ID150
UC_ID156,EC_ID16
UC_ID156,EC_ID201
UC_ID156,EC_ID291
UC_ID157,EC_ID146
UC_ID157,EC_ID27
UC_ID158,EC_ID116
UC_ID158,EC_ID214
UC_ID158,EC_ID26
UC_ID158,EC_ID262
UC_ID158,EC_ID269
UC_ID159,EC_ID295
UC_ID159,EC_ID37
UC_ID159,EC_ID47
UC_ID159,EC_ID74
UC_ID160,EC_ID222
UC_ID160,EC_ID223
UC_ID160,EC_ID45
UC_ID161,EC_ID114
UC_ID161,EC_ID201
UC_ID161,EC_ID36
UC_ID161,EC_ID67
UC_ID162,EC_ID189
UC_ID162,EC_ID212
UC_ID162,EC_ID277
UC_ID163,EC_ID13
UC_ID163,EC_ID144
UC_ID163,EC_ID148
UC_ID163,EC_ID184
UC_ID163,EC_ID185
UC_ID163,EC_ID194
UC_ID163,EC_ID298
UC_ID163,EC_ID38
UC_ID164,EC_ID112
UC_ID164,EC_ID157
UC_ID164,EC_ID197
UC_ID164,EC_ID199
UC_ID164,EC_ID224
UC_ID164,EC_ID278
UC_ID164,EC_ID63
UC_ID164,EC_ID75
UC_ID165,EC_ID103
UC_ID165,EC_ID157
UC_ID165,EC_ID55
UC_ID166,EC_ID180
UC_ID166,EC_ID182
UC_ID166,EC_ID64
UC_ID167,EC_ID186
UC_ID167,EC_ID216
UC_ID167,EC_ID235
UC_ID167,EC_ID299
UC_ID167,EC_ID41
UC_ID167,EC_ID49
UC_ID167,EC_ID55
UC_ID168,EC_ID111
UC_ID168,EC_ID126
UC_ID168,EC_ID190
UC_ID168,EC_ID199
UC_ID168,EC_ID33
UC_ID168,EC_ID79
UC_ID168,EC_ID97
UC_ID169,EC_ID133
UC_ID169,EC_ID283
UC_ID169,EC_ID35
UC_ID169,EC_ID67
UC_ID169,EC_ID71
UC_ID169,EC_ID86
UC_ID170,EC_ID128
UC_ID170,EC_ID150
UC_ID170,EC_ID16
UC_ID170,EC_ID178
UC_ID170,EC_ID202
UC_ID170,EC_ID253
UC_ID170,EC_ID29
UC_ID170,EC_ID63
UC_ID171,EC_ID102
UC_ID171,EC_ID107
UC_ID171,EC_ID229
UC_ID171,EC_ID231
UC_ID172,EC_ID129
UC_ID172,EC_ID149
UC_ID172,EC_ID264
UC_ID172,EC_ID72
UC_ID172,EC_ID94
UC_ID173,EC_ID119
UC_ID173,EC_ID125
UC_ID173,EC_ID246
UC_ID173,EC_ID33
UC_ID174,EC_ID122
UC_ID174,EC_ID224
UC_ID174,EC_ID256
UC_ID174,EC_ID67
UC_ID175,EC_ID125
UC_ID175,EC_ID141
UC_ID175,EC_ID16
UC_ID175,EC_ID211
UC_ID175,EC_ID279
UC_ID175,EC_ID50
UC_ID175,EC_ID54
UC_ID175,EC_ID88
UC_ID176,EC_ID273
UC_ID176,EC_ID31
UC_ID176,EC_ID39
UC_ID178,EC_ID128
UC_ID178,EC_ID152
UC_ID178,EC_ID167
UC_ID178,EC_ID24
UC_ID178,EC_ID52
UC_ID179,EC_ID100
UC_ID179,EC_ID122
UC_ID179,EC_ID229
UC_ID179,EC_ID26
UC_ID179,EC_ID4
UC_ID179,EC_ID43
UC_ID179,EC_ID96
UC_ID180,EC_ID170
UC_ID180,EC_ID243
UC_ID180,EC_ID25
UC_ID180,EC_ID275
UC_ID180,EC_ID95
UC_ID181,EC_ID200
UC_ID181,EC_ID290
UC_ID181,EC_ID299
UC_ID182,EC_ID151
UC_ID183,EC_ID141
UC_ID183,EC_ID176
UC_ID183,EC_ID237
UC_ID183,EC_ID260
UC_ID183,EC_ID93
UC_ID184,EC_ID252
UC_ID184,EC_ID254
UC_ID184,EC_ID29
UC_ID184,EC_ID41
UC_ID184,EC_ID51
UC_ID184,EC_ID95
UC_ID185,EC_ID113
UC_ID185,EC_ID177
UC_ID185,EC_ID209
UC_ID185,EC_ID239
UC_ID185,EC_ID280
UC_ID185,EC_ID63
UC_ID186,EC_ID144
UC_ID186,EC_ID198
UC_ID186,EC_ID234
UC_ID186,EC_ID27
UC_ID186,EC_ID3
UC_ID186,EC_ID52
UC_ID187,EC_ID297
UC_ID187,EC_ID78
UC_ID187,EC_ID80
UC_ID188,EC_ID130
UC_ID188,EC_ID136
UC_ID188,EC_ID143
UC_ID188,EC_ID201
UC_ID188,EC_ID221
UC_ID188,EC_ID245
UC_ID188,EC_ID263
UC_ID188,EC_ID70
UC_ID189,EC_ID109
UC_ID189,EC_ID120
UC_ID189,EC_ID261
UC_ID190,EC_ID107
UC_ID190,EC_ID175
UC_ID190,EC_ID232
UC_ID191,EC_ID200
UC_ID191,EC_ID249
UC_ID191,EC_ID291
UC_ID191,EC_ID47
UC_ID191,EC_ID75
UC_ID192,EC_ID113
UC_ID192,EC_ID168
UC_ID192,EC_ID26
UC_ID192,EC_ID283
UC_ID192,EC_ID4
UC_ID192,EC_ID85
UC_ID192,EC_ID95
UC_ID193,EC_ID103
UC_ID193,EC_ID11
UC_ID193,EC_ID123
UC_ID193,EC_ID158
UC_ID193,EC_ID214
UC_ID193,EC_ID35
UC_ID194,EC_ID192
UC_ID194,EC_ID193
UC_ID194,EC_ID62
UC_ID194,EC_ID99
UC_ID195,EC_ID129
UC_ID195,EC_ID26
UC_ID195,EC_ID266
UC_ID195,EC_ID279
UC_ID195,EC_ID31
UC_ID196,EC_ID111
UC_ID196,EC_ID180
UC_ID196,EC_ID250
UC_ID196,EC_ID253
UC_ID196,EC_ID285
UC_ID196,EC_ID58
UC_ID196,EC_ID74
UC_ID197,EC_ID125
UC_ID197,EC_ID143
UC_ID197,EC_ID168
UC_ID198,EC_ID161
UC_ID198,EC_ID199
UC_ID198,EC_ID200
UC_ID198,EC_ID207
UC_ID198,EC_ID290
UC_ID199,EC_ID113
UC_ID199,EC_ID17
UC_ID199,EC_ID2
UC_ID199,EC_ID89
UC_ID200,EC_ID143
UC_ID202,EC_ID129
UC_ID202,EC_ID22
UC_ID202,EC_ID287
UC_ID202,EC_ID46
UC_ID202,EC_ID9
UC_ID203,EC_ID117
UC_ID203,EC_ID127
UC_ID203,EC_ID275
UC_ID204,EC_ID12
UC_ID204,EC_ID153
UC_ID204,EC_ID184
UC_ID204,EC_ID208
UC_ID204,EC_ID98
UC_ID206,EC_ID110
UC_ID206,EC_ID167
UC_ID206,EC_ID239
UC_ID206,EC_ID270
UC_ID206,EC_ID3
UC_ID206,EC_ID36
UC_ID206,EC_ID58
UC_ID207,EC_ID176
UC_ID207,EC_ID78
UC_ID208,EC_ID205
UC_ID208,EC_ID49
UC_ID208,EC_ID97
UC_ID209,EC_ID119
UC_ID209,EC_ID154
UC_ID209,EC_ID160
UC_ID209,EC_ID206
UC_ID209,EC_ID235
UC_ID209,EC_ID239
UC_ID209,EC_ID67
UC_ID210,EC_ID116
UC_ID210,EC_ID15
UC_ID210,EC_ID220
UC_ID210,EC_ID234
UC_ID210,EC_ID68
UC_ID210,EC_ID74
UC_ID210,EC_ID90
UC_ID211,EC_ID103
UC_ID211,EC_ID140
UC_ID211,EC_ID170
UC_ID211,EC_ID188
UC_ID211,EC_ID292
UC_ID211,EC_ID63
UC_ID211,EC_ID72
UC_ID211,EC_ID91
UC_ID212,EC_ID150
UC_ID212,EC_ID212
UC_ID212,EC_ID223
UC_ID212,EC_ID251
UC_ID212,EC_ID294
UC_ID212,EC_ID49
UC_ID212,EC_ID73
UC_ID213,EC_ID21
UC_ID213,EC_ID253
UC_ID213,EC_ID52
UC_ID213,EC_ID6
UC_ID214,EC_ID146
UC_ID215,EC_ID107
UC_ID215,EC_ID174
UC_ID215,EC_ID218
UC_ID215,EC_ID247
UC_ID215,EC_ID254
UC_ID215,EC_ID264
UC_ID215,EC_ID51
UC_ID215,EC_ID62
UC_ID216,EC_ID123
UC_ID216,EC_ID134
UC_ID216,EC_ID18
UC_ID216,EC_ID242
UC_ID216,EC_ID274
UC_ID216,EC_ID6
UC_ID217,EC_ID171
UC_ID217,EC_ID252
UC_ID217,EC_ID299
UC_ID217,EC_ID81
UC_ID218,EC_ID186
UC_ID218,EC_ID2
UC_ID218,EC_ID229
UC_ID218,EC_ID37
UC_ID218,EC_ID42
UC_ID218,EC_ID46
UC_ID218,EC_ID98
UC_ID219,EC_ID107
UC_ID219,EC_ID16
UC_ID219,EC_ID173
UC_ID219,EC_ID96
UC_ID220,EC_ID24
UC_ID220,EC_ID283
UC_ID220,EC_ID41
UC_ID221,EC_ID133
UC_ID221,EC_ID169
UC_ID221,EC_ID254
UC_ID221,EC_ID283
UC_ID221,EC_ID294
UC_ID221,EC_ID47
UC_ID221,EC_ID56
UC_ID222,EC_ID109
UC_ID222,EC_ID157
UC_ID222,EC_ID232
UC_ID222,EC_ID236
UC_ID222,EC_ID285
UC_ID222,EC_ID64
UC_ID222,EC_ID72
UC_ID223,EC_ID130
UC_ID223,EC_ID174
UC_ID223,EC_ID187
UC_ID223,EC_ID216
UC_ID223,EC_ID262
UC_ID223,EC_ID268
UC_ID224,EC_ID101
UC_ID224,EC_ID171
UC_ID224,EC_ID218
UC_ID224,EC_ID226
UC_ID224,EC_ID42
UC_ID224,EC_ID51
UC_ID224,EC_ID69
UC_ID225,EC_ID19
UC_ID225,EC_ID216
UC_ID225,EC_ID235
UC_ID225,EC_ID65
UC_ID225,EC_ID67
UC_ID225,EC_ID99
UC_ID226,EC_ID128
UC_ID226,EC_ID216
UC_ID226,EC_ID67
UC_ID226,EC_ID74
UC_ID227,EC_ID127
UC_ID228,EC_ID101
UC_ID228,EC_ID145
UC_ID228,EC_ID18
UC_ID228,EC_ID233
UC_ID228,EC_ID239
UC_ID228,EC_ID24
UC_ID228,EC_ID60
UC_ID229,EC_ID103
UC_ID229,EC_ID149
UC_ID229,EC_ID187
UC_ID229,EC_ID233
UC_ID229,EC_ID247
UC_ID229,EC_ID37
UC_ID229,EC_ID57
UC_ID229,EC_ID94
UC_ID231,EC_ID58
UC_ID232,EC_ID111
UC_ID232,EC_ID126
UC_ID232,EC_ID72
UC_ID233,EC_ID203
UC_ID234,EC_ID128
UC_ID234,EC_ID13
UC_ID234,EC_ID16
UC_ID234,EC_ID269
UC_ID234,EC_ID290
UC_ID235,EC_ID111
UC_ID235,EC_ID18
UC_ID235,EC_ID206
UC_ID235,EC_ID28
UC_ID235,EC_ID291
UC_ID235,EC_ID50
UC_ID235,EC_ID99
UC_ID236,EC_ID268
UC_ID236,EC_ID270
UC_ID236,EC_ID7
UC_ID236,EC_ID72
UC_ID236,EC_ID76
UC_ID236,EC_ID89
UC_ID237,EC_ID90
UC_ID238,EC_ID117
UC_ID238,EC_ID142
UC_ID238,EC_ID173
UC_ID238,EC_ID29
UC_ID238,EC_ID64
UC_ID239,EC_ID23
UC_ID239,EC_ID31
UC_ID239,EC_ID81
UC_ID239,EC_ID91
UC_ID240,EC_ID16
UC_ID241,EC_ID102
UC_ID241,EC_ID106
UC_ID241,EC_ID121
UC_ID241,EC_ID149
UC_ID241,EC_ID186
UC_ID241,EC_ID205
UC_ID241,EC_ID44
UC_ID242,EC_ID200
UC_ID242,EC_ID238
UC_ID242,EC_ID248
UC_ID242,EC_ID250
UC_ID242,EC_ID270
UC_ID243,EC_ID148
UC_ID243,EC_ID149
UC_ID243,EC_ID224
UC_ID243,EC_ID239
UC_ID243,EC_ID290
UC_ID243,EC_ID300
UC_ID243,EC_ID53
UC_ID244,EC_ID175
UC_ID244,EC_ID212
UC_ID244,EC_ID25
UC_ID244,EC_ID254
UC_ID244,EC_ID42
UC_ID244,EC_ID66
UC_ID244,EC_ID72
UC_ID245,EC_ID139
UC_ID245,EC_ID254
UC_ID245,EC_ID279
UC_ID246,EC_ID106
UC_ID246,EC_ID39
UC_ID246,EC_ID45
UC_ID246,EC_ID76
UC_ID246,EC_ID77
UC_ID247,EC_ID264
UC_ID247,EC_ID296
UC_ID247,EC_ID43
UC_ID247,EC_ID45
UC_ID247,EC_ID53
UC_ID247,EC_ID57
UC_ID247,EC_ID6
UC_ID247,EC_ID74
UC_ID248,EC_ID123
UC_ID248,EC_ID191
UC_ID248,EC_ID224
UC_ID248,EC_ID226
UC_ID248,EC_ID251
UC_ID248,EC_ID258
UC_ID248,EC_ID9
UC_ID249,EC_ID197
UC_ID249,EC_ID204
UC_ID249,EC_ID230
UC_ID250,EC_ID215
UC_ID251,EC_ID257
UC_ID251,EC_ID292
UC_ID251,EC_ID68
UC_ID252,EC_ID2
UC_ID252,EC_ID210
UC_ID252,EC_ID272
UC_ID252,EC_ID38
UC_ID254,EC_ID109
UC_ID254,EC_ID225
UC_ID254,EC_ID250
UC_ID255,EC_ID132
UC_ID255,EC_ID159
UC_ID255,EC_ID183
UC_ID255,EC_ID202
UC_ID255,EC_ID212
UC_ID255,EC_ID228
UC_ID255,EC_ID259
UC_ID255,EC_ID45
UC_ID256,EC_ID203
UC_ID256,EC_ID26
UC_ID256,EC_ID281
UC_ID257,EC_ID103
UC_ID257,EC_ID298
UC_ID257,EC_ID38
UC_ID257,EC_ID47
UC_ID258,EC_ID119
UC_ID258,EC_ID171
UC_ID258,EC_ID186
UC_ID258,EC_ID89
UC_ID258,EC_ID98
UC_ID260,EC_ID157
UC_ID260,EC_ID204
UC_ID260,EC_ID26
UC_ID260,EC_ID270
UC_ID260,EC_ID60
UC_ID261,EC_ID120
UC_ID261,EC_ID141
UC_ID261,EC_ID288
UC_ID261,EC_ID70
UC_ID261,EC_ID84
UC_ID262,EC_ID108
UC_ID262,EC_ID177
UC_ID262,EC_ID190
UC_ID262,EC_ID278
UC_ID262,EC_ID294
UC_ID262,EC_ID30
UC_ID262,EC_ID47
UC_ID262,EC_ID75
UC_ID263,EC_ID104
UC_ID263,EC_ID212
UC_ID264,EC_ID15
UC_ID264,EC_ID173
UC_ID264,EC_ID177
UC_ID264,EC_ID22
UC_ID264,EC_ID28
UC_ID264,EC_ID287
UC_ID264,EC_ID41
UC_ID264,EC_ID55
UC_ID265,EC_ID172
UC_ID265,EC_ID198
UC_ID265,EC_ID2
UC_ID266,EC_ID102
UC_ID266,EC_ID103
UC_ID266,EC_ID263
UC_ID266,EC_ID266
UC_ID266,EC_ID37
UC_ID266,EC_ID42
UC_ID266,EC_ID9
UC_ID267,EC_ID109
UC_ID267,EC_ID139
UC_ID267,EC_ID69
UC_ID267,EC_ID86
UC_ID268,EC_ID108
UC_ID268,EC_ID126
UC_ID268,EC_ID167
UC_ID268,EC_ID25
UC_ID268,EC_ID264
UC_ID268,EC_ID276
UC_ID268,EC_ID286
UC_ID268,EC_ID47
UC_ID269,EC_ID199
UC_ID269,EC_ID227
UC_ID269,EC_ID287
UC_ID269,EC_ID95
UC_ID270,EC_ID169
UC_ID270,EC_ID205
UC_ID270,EC_ID276
UC_ID270,EC_ID30
UC_ID270,EC_ID42
UC_ID270,EC_ID70
UC_ID270,EC_ID92
UC_ID271,EC_ID151
UC_ID271,EC_ID20
UC_ID271,EC_ID210
UC_ID271,EC_ID227
UC_ID271,EC_ID271
UC_ID271,EC_ID62
UC_ID272,EC_ID173
UC_ID272,EC_ID24
UC_ID272,EC_ID242
UC_ID272,EC_ID57
UC_ID272,EC_ID94
UC_ID273,EC_ID258
UC_ID273,EC_ID5
UC_ID273,EC_ID6
UC_ID274,EC_ID107
UC_ID274,EC_ID138
UC_ID274,EC_ID208
UC_ID274,EC_ID219
UC_ID274,EC_ID296
UC_ID274,EC_ID3
UC_ID274,EC_ID81
UC_ID276,EC_ID112
UC_ID276,EC_ID126
UC_ID276,EC_ID155
UC_ID276,EC_ID208
UC_ID276,EC_ID22
UC_ID277,EC_ID128
UC_ID277,EC_ID16
UC_ID277,EC_ID176
UC_ID277,EC_ID63
UC_ID278,EC_ID231
UC_ID278,EC_ID289
UC_ID278,EC_ID32
UC_ID279,EC_ID185
UC_ID279,EC_ID19
UC_ID279,EC_ID217
UC_ID280,EC_ID100
UC_ID280,EC_ID106
UC_ID280,EC_ID163
UC_ID280,EC_ID22
UC_ID280,EC_ID290
UC_ID280,EC_ID295
UC_ID280,EC_ID75
UC_ID281,EC_ID113
UC_ID281,EC_ID149
UC_ID281,EC_ID298
UC_ID281,EC_ID36
UC_ID281,EC_ID85
UC_ID282,EC_ID12
UC_ID282,EC_ID130
UC_ID282,EC_ID291
UC_ID282,EC_ID50
UC_ID282,EC_ID72
UC_ID283,EC_ID100
UC_ID283,EC_ID134
UC_ID283,EC_ID227
UC_ID283,EC_ID229
UC_ID283,EC_ID34
UC_ID283,EC_ID77
UC_ID284,EC_ID154
UC_ID284,EC_ID165
UC_ID284,EC_ID175
UC_ID284,EC_ID182
UC_ID284,EC_ID190
UC_ID284,EC_ID72
UC_ID284,EC_ID77
UC_ID285,EC_ID1
UC_ID285,EC_ID172
UC_ID285,EC_ID239
UC_ID285,EC_ID42
UC_ID285,EC_ID66
UC_ID285,EC_ID70
UC_ID285,EC_ID97
UC_ID286,EC_ID137
UC_ID286,EC_ID151
UC_ID286,EC_ID169
UC_ID286,EC_ID226
UC_ID286,EC_ID246
UC_ID286,EC_ID257
UC_ID286,EC_ID285
UC_ID287,EC_ID114
UC_ID287,EC_ID183
UC_ID287,EC_ID223
UC_ID288,EC_ID10
UC_ID288,EC_ID212
UC_ID288,EC_ID43
UC_ID289,EC_ID120
UC_ID289,EC_ID170
UC_ID289,EC_ID180
UC_ID289,EC_ID258
UC_ID289,EC_ID272
UC_ID290,EC_ID132
UC_ID290,EC_ID193
UC_ID290,EC_ID214
UC_ID290,EC_ID253
UC_ID290,EC_ID32
UC_ID291,EC_ID157
UC_ID291,EC_ID220
UC_ID291,EC_ID32
UC_ID292,EC_ID141
UC_ID292,EC_ID144
UC_ID292,EC_ID164
UC_ID292,EC_ID190
UC_ID292,EC_ID203
UC_ID292,EC_ID275
UC_ID292,EC_ID279
UC_ID292,EC_ID288
UC_ID293,EC_ID137
UC_ID293,EC_ID143
UC_ID293,EC_ID156
UC_ID293,EC_ID181
UC_ID293,EC_ID230
UC_ID293,EC_ID243
UC_ID293,EC_ID250
UC_ID293,EC_ID298
UC_ID294,EC_ID250
UC_ID294,EC_ID254
UC_ID294,EC_ID275
UC_ID294,EC_ID29
UC_ID294,EC_ID294
UC_ID294,EC_ID300
UC_ID294,EC_ID33
UC_ID295,EC_ID131
UC_ID295,EC_ID132
UC_ID295,EC_ID147
UC_ID295,EC_ID60
UC_ID296,EC_ID113
UC_ID296,EC_ID174
UC_ID296,EC_ID216
UC_ID296,EC_ID236
UC_ID296,EC_ID275
UC_ID296,EC_ID280
UC_ID296,EC_ID90
UC_ID297,EC_ID142
UC_ID297,EC_ID216
UC_ID297,EC_ID267
UC_ID297,EC_ID27
UC_ID297,EC_ID293
UC_ID298,EC_ID125
UC_ID298,EC_ID25
UC_ID298,EC_ID85
UC_ID299,EC_ID209
UC_ID299,EC_ID283
UC_ID300,EC_ID193
UC_ID300,EC_ID239
UC_ID300,EC_ID281
UC_ID300,EC_ID295
UC_ID300,EC_ID70
UC_ID301,EC_ID190
UC_ID302,EC_ID1
UC_ID302,EC_ID103
UC_ID302,EC_ID222
UC_ID303,EC_ID146
UC_ID303,EC_ID2
UC_ID303,EC_ID217
UC_ID303,EC_ID223
UC_ID303,EC_ID277
UC_ID303,EC_ID34
UC_ID303,EC_ID88
UC_ID305,EC_ID113
UC_ID305,EC_ID120
UC_ID305,EC_ID154
UC_ID305,EC_ID206
UC_ID305,EC_ID265
UC_ID305,EC_ID278
UC_ID306,EC_ID24
UC_ID306,EC_ID260
UC_ID306,EC_ID42
UC_ID306,EC_ID52
UC_ID306,EC_ID7
UC_ID307,EC_ID101
UC_ID308,EC_ID116
UC_ID308,EC_ID155
UC_ID308,EC_ID233
UC_ID308,EC_ID236
UC_ID308,EC_ID240
UC_ID308,EC_ID248
UC_ID308,EC_ID250
UC_ID308,EC_ID85
UC_ID309,EC_ID117
UC_ID309,EC_ID125
UC_ID309,EC_ID161
UC_ID310,EC_ID16
UC_ID310,EC_ID211
UC_ID310,EC_ID75
UC_ID311,EC_ID101
UC_ID311,EC_ID157
UC_ID311,EC_ID221
UC_ID311,EC_ID231
UC_ID311,EC_ID53
UC_ID311,EC_ID56
UC_ID311,EC_ID83
UC_ID312,EC_ID111
UC_ID312,EC_ID14
UC_ID312,EC_ID213
UC_ID312,EC_ID235
UC_ID313,EC_ID211
UC_ID313,EC_ID270
UC_ID313,EC_ID62
UC_ID314,EC_ID151
UC_ID314,EC_ID165
UC_ID314,EC_ID299
UC_ID314,EC_ID33
UC_ID314,EC_ID7
UC_ID315,EC_ID109
UC_ID315,EC_ID136
UC_ID315,EC_ID242
UC_ID316,EC_ID113
UC_ID316,EC_ID137
UC_ID316,EC_ID190
UC_ID316,EC_ID293
UC_ID318,EC_ID135
UC_ID319,EC_ID199
UC_ID319,EC_ID210
UC_ID319,EC_ID238
UC_ID319,EC_ID249
UC_ID320,EC_ID176
UC_ID320,EC_ID294
UC_ID320,EC_ID64
UC_ID321,EC_ID131
UC_ID321,EC_ID59
UC_ID321,EC_ID92
UC_ID321,EC_ID93
UC_ID322,EC_ID163
UC_ID322,EC_ID55
UC_ID322,EC_ID90
UC_ID323,EC_ID136
UC_ID323,EC_ID170
UC_ID323,EC_ID200
UC_ID323,EC_ID257
UC_ID323,EC_ID258
UC_ID323,EC_ID61
UC_ID324,EC_ID237
UC_ID324,EC_ID31
UC_ID324,EC_ID39
UC_ID325,EC_ID102
UC_ID325,EC_ID24
UC_ID325,EC_ID297
UC_ID326,EC_ID119
UC_ID326,EC_ID198
UC_ID326,EC_ID228
UC_ID326,EC_ID233
UC_ID326,EC_ID44
UC_ID326,EC_ID61
UC_ID327,EC_ID277
UC_ID328,EC_ID112
UC_ID328,EC_ID127
UC_ID328,EC_ID136
UC_ID328,EC_ID147
UC_ID328,EC_ID17
UC_ID328,EC_ID173
UC_ID328,EC_ID243
UC_ID328,EC_ID64
UC_ID329,EC_ID110
UC_ID329,EC_ID175
UC_ID329,EC_ID20
UC_ID329,EC_ID205
UC_ID329,EC_ID254
UC_ID329,EC_ID262
UC_ID329,EC_ID65
UC_ID329,EC_ID75
UC_ID330,EC_ID130
UC_ID330,EC_ID146
UC_ID330,EC_ID148
UC_ID330,EC_ID168
UC_ID330,EC_ID192
UC_ID330,EC_ID252
UC_ID330,EC_ID78
UC_ID330,EC_ID90
UC_ID331,EC_ID118
UC_ID331,EC_ID177
UC_ID331,EC_ID19
UC_ID331,EC_ID25
UC_ID331,EC_ID94
UC_ID332,EC_ID141
UC_ID332,EC_ID234
UC_ID332,EC_ID263
UC_ID332,EC_ID63
UC_ID332,EC_ID80
UC_ID333,EC_ID164
UC_ID333,EC_ID169
UC_ID333,EC_ID20
UC_ID333,EC_ID212
UC_ID333,EC_ID28
UC_ID333,EC_ID298
UC_ID333,EC_ID36
UC_ID333,EC_ID81
UC_ID335,EC_ID121
UC_ID335,EC_ID129
UC_ID335,EC_ID18
UC_ID335,EC_ID184
UC_ID335,EC_ID253
UC_ID335,EC_ID293
UC_ID335,EC_ID35
UC_ID335,EC_ID90
UC_ID336,EC_ID101
UC_ID336,EC_ID171
UC_ID336,EC_ID184
UC_ID336,EC_ID220
UC_ID336,EC_ID250
UC_ID336,EC_ID63
UC_ID337,EC_ID142
UC_ID337,EC_ID3
UC_ID337,EC_ID49
UC_ID338,EC_ID161
UC_ID338,EC_ID46
UC_ID340,EC_ID123
UC_ID340,EC_ID235
UC_ID340,EC_ID30
UC_ID340,EC_ID62
UC_ID340,EC_ID88
UC_ID340,EC_ID92
UC_ID341,EC_ID183
UC_ID341,EC_ID190
UC_ID341,EC_ID292
UC_ID341,EC_ID50
UC_ID341,EC_ID67
UC_ID341,EC_ID86
UC_ID342,EC_ID223
UC_ID343,EC_ID112
UC_ID343,EC_ID279
UC_ID343,EC_ID289
UC_ID343,EC_ID48
UC_ID344,EC_ID117
UC_ID344,EC_ID144
UC_ID344,EC_ID176
UC_ID344,EC_ID179
UC_ID344,EC_ID213
UC_ID344,EC_ID279
UC_ID344,EC_ID91
UC_ID345,EC_ID112
UC_ID345,EC_ID114
UC_ID345,EC_ID240
UC_ID346,EC_ID122
UC_ID346,EC_ID130
UC_ID346,EC_ID147
UC_ID346,EC_ID163
UC_ID346,EC_ID193
UC_ID346,EC_ID230
UC_ID346,EC_ID242
UC_ID346,EC_ID300
UC_ID347,EC_ID116
UC_ID347,EC_ID35
UC_ID347,EC_ID81
UC_ID348,EC_ID138
UC_ID348,EC_ID167
UC_ID348,EC_ID192
UC_ID348,EC_ID265
UC_ID348,EC_ID283
UC_ID348,EC_ID94
UC_ID349,EC_ID108
UC_ID349,EC_ID164
UC_ID349,EC_ID182
UC_ID349,EC_ID19
UC_ID349,EC_ID20
UC_ID349,EC_ID93
UC_ID352,EC_ID115
UC_ID352,EC_ID127
UC_ID352,EC_ID147
UC_ID352,EC_ID172
UC_ID352,EC_ID176
UC_ID352,EC_ID216
UC_ID352,EC_ID63
UC_ID354,EC_ID137
UC_ID354,EC_ID185
UC_ID354,EC_ID282
UC_ID354,EC_ID54
UC_ID354,EC_ID75
UC_ID354,EC_ID80
UC_ID354,EC_ID9
UC_ID355,EC_ID110
UC_ID355,EC_ID151
UC_ID355,EC_ID156
UC_ID355,EC_ID220
UC_ID355,EC_ID232
UC_ID355,EC_ID32
UC_ID355,EC_ID34
UC_ID355,EC_ID53
UC_ID357,EC_ID183
UC_ID357,EC_ID42
UC_ID359,EC_ID173
UC_ID359,EC_ID233
UC_ID360,EC_ID100
UC_ID360,EC_ID134
UC_ID360,EC_ID148
UC_ID360,EC_ID153
UC_ID360,EC_ID227
UC_ID360,EC_ID260
UC_ID360,EC_ID54
UC_ID361,EC_ID134
UC_ID361,EC_ID177
UC_ID361,EC_ID238
UC_ID361,EC_ID25
UC_ID361,EC_ID294
UC_ID362,EC_ID127
UC_ID362,EC_ID150
UC_ID362,EC_ID171
UC_ID362,EC_ID214
UC_ID362,EC_ID226
UC_ID362,EC_ID44
UC_ID362,EC_ID84
UC_ID363,EC_ID186
UC_ID363,EC_ID257
UC_ID363,EC_ID280
UC_ID363,EC_ID41
UC_ID363,EC_ID65
UC_ID364,EC_ID125
UC_ID364,EC_ID146
UC_ID364,EC_ID184
UC_ID364,EC_ID234
UC_ID364,EC_ID238
UC_ID365,EC_ID109
UC_ID365,EC_ID140
UC_ID365,EC_ID159
UC_ID365,EC_ID167
UC_ID365,EC_ID170
UC_ID365,EC_ID28
UC_ID365,EC_ID35
UC_ID365,EC_ID67
UC_ID366,EC_ID113
UC_ID366,EC_ID17
UC_ID366,EC_ID198
UC_ID366,EC_ID34
UC_ID366,EC_ID67
UC_ID366,EC_ID94
UC_ID367,EC_ID267
UC_ID367,EC_ID28
UC_ID367,EC_ID295
UC_ID367,EC_ID61
UC_ID367,EC_ID90
UC_ID368,EC_ID132
UC_ID368,EC_ID210
UC_ID368,EC_ID54
UC_ID368,EC_ID69
UC_ID369,EC_ID131
UC_ID369,EC_ID199
UC_ID369,EC_ID216
UC_ID369,EC_ID23
UC_ID369,EC_ID246
UC_ID369,EC_ID287
UC_ID369,EC_ID63
UC_ID370,EC_ID164
UC_ID370,EC_ID241
UC_ID370,EC_ID91
UC_ID371,EC_ID121
UC_ID371,EC_ID183
UC_ID371,EC_ID239
UC_ID371,EC_ID265
UC_ID371,EC_ID292
UC_ID371,EC_ID66
UC_ID371,EC_ID85
UC_ID371,EC_ID99
UC_ID372,EC_ID126
UC_ID372,EC_ID155
UC_ID372,EC_ID184
UC_ID372,EC_ID193
UC_ID372,EC_ID233
UC_ID372,EC_ID54
UC_ID372,EC_ID98
UC_ID373,EC_ID190
UC_ID373,EC_ID192
UC_ID373,EC_ID225
UC_ID373,EC_ID226
UC_ID373,EC_ID58
UC_ID374,EC_ID116
UC_ID374,EC_ID277
UC_ID374,EC_ID51
UC_ID375,EC_ID172
UC_ID375,EC_ID173
UC_ID375,EC_ID275
UC_ID375,EC_ID284
UC_ID375,EC_ID53
UC_ID375,EC_ID80
UC_ID376,EC_ID68
UC_ID378,EC_ID143
UC_ID378,EC_ID156
UC_ID378,EC_ID44
UC_ID379,EC_ID137
UC_ID379,EC_ID15
UC_ID379,EC_ID217
UC_ID379,EC_ID270
UC_ID379,EC_ID282
UC_ID379,EC_ID61
UC_ID380,EC_ID134
UC_ID380,EC_ID150
UC_ID380,EC_ID178
UC_ID380,EC_ID235
UC_ID380,EC_ID265
UC_ID380,EC_ID289
UC_ID380,EC_ID44
UC_ID380,EC_ID82
UC_ID381,EC_ID116
UC_ID381,EC_ID119
UC_ID381,EC_ID196
UC_ID381,EC_ID286
UC_ID381,EC_ID36
UC_ID381,EC_ID43
UC_ID382,EC_ID106
UC_ID382,EC_ID225
UC_ID382,EC_ID235
UC_ID382,EC_ID238
UC_ID382,EC_ID262
UC_ID382,EC_ID266
UC_ID382,EC_ID274
UC_ID382,EC_ID85
UC_ID383,EC_ID104
UC_ID383,EC_ID18
UC_ID383,EC_ID289
UC_ID383,EC_ID6
UC_ID383,EC_ID91
UC_ID384,EC_ID44
UC_ID386,EC_ID157
UC_ID386,EC_ID188
UC_ID386,EC_ID65
UC_ID388,EC_ID105
UC_ID388,EC_ID117
UC_ID388,EC_ID208
UC_ID388,EC_ID298
UC_ID388,EC_ID94
UC_ID390,EC_ID103
UC_ID390,EC_ID140
UC_ID390,EC_ID258
UC_ID390,EC_ID296
UC_ID390,EC_ID49
UC_ID390,EC_ID52
UC_ID390,EC_ID70
UC_ID390,EC_ID90
UC_ID391,EC_ID136
UC_ID391,EC_ID14
UC_ID391,EC_ID18
UC_ID391,EC_ID211
UC_ID391,EC_ID68
UC_ID392,EC_ID192
UC_ID392,EC_ID256
UC_ID392,EC_ID4
UC_ID392,EC_ID49
UC_ID392,EC_ID72
UC_ID393,EC_ID124
UC_ID394,EC_ID178
UC_ID394,EC_ID19
UC_ID394,EC_ID35
UC_ID394,EC_ID72
UC_ID394,EC_ID96
UC_ID395,EC_ID178
UC_ID395,EC_ID289
UC_ID395,EC_ID88
UC_ID396,EC_ID103
UC_ID396,EC_ID161
UC_ID396,EC_ID176
UC_ID396,EC_ID194
UC_ID396,EC_ID226
UC_ID396,EC_ID79
UC_ID397,EC_ID134
UC_ID397,EC_ID149
UC_ID398,EC_ID262
UC_ID398,EC_ID282
UC_ID398,EC_ID49
UC_ID398,EC_ID57
UC_ID399,EC_ID124
UC_ID399,EC_ID152
UC_ID399,EC_ID61
UC_ID399,EC_ID69
UC_ID399,EC_ID81
UC_ID400,EC_ID104
UC_ID400,EC_ID138
UC_ID400,EC_ID177
UC_ID400,EC_ID23
UC_ID400,EC_ID282
UC_ID401,EC_ID20
UC_ID401,EC_ID219
UC_ID401,EC_ID229
UC_ID401,EC_ID247
UC_ID401,EC_ID284
UC_ID401,EC_ID39
UC_ID401,EC_ID44
UC_ID403,EC_ID14
UC_ID403,EC_ID209
UC_ID403,EC_ID237
UC_ID403,EC_ID280
UC_ID403,EC_ID31
UC_ID404,EC_ID128
UC_ID404,EC_ID137
UC_ID404,EC_ID158
UC_ID404,EC_ID268
UC_ID404,EC_ID269
UC_ID404,EC_ID80
UC_ID404,EC_ID91
UC_ID405,EC_ID191
UC_ID405,EC_ID206
UC_ID405,EC_ID273
UC_ID406,EC_ID172
UC_ID406,EC_ID186
UC_ID406,EC_ID20
UC_ID406,EC_ID23
UC_ID406,EC_ID272
UC_ID406,EC_ID49
UC_ID406,EC_ID50
UC_ID407,EC_ID105
UC_ID407,EC_ID163
UC_ID407,EC_ID200
UC_ID408,EC_ID146
UC_ID408,EC_ID197
UC_ID408,EC_ID273
UC_ID408,EC_ID73
UC_ID409,EC_ID159
UC_ID409,EC_ID86
UC_ID410,EC_ID1
UC_ID410,EC_ID19
UC_ID410,EC_ID265
UC_ID410,EC_ID68
UC_ID410,EC_ID99
UC_ID411,EC_ID194
UC_ID411,EC_ID221
UC_ID411,EC_ID292
UC_ID411,EC_ID7
UC_ID412,EC_ID151
UC_ID412,EC_ID285
UC_ID412,EC_ID30
UC_ID412,EC_ID54
UC_ID413,EC_ID155
UC_ID413,EC_ID260
UC_ID413,EC_ID63
UC_ID413,EC_ID95
UC_ID414,EC_ID30
UC_ID415,EC_ID122
UC_ID415,EC_ID137
UC_ID417,EC_ID105
UC_ID417,EC_ID201
UC_ID417,EC_ID209
UC_ID417,EC_ID232
UC_ID417,EC_ID251
UC_ID417,EC_ID289
UC_ID417,EC_ID298
UC_ID418,EC_ID213
UC_ID418,EC_ID267
UC_ID418,EC_ID280
UC_ID418,EC_ID53
UC_ID418,EC_ID92
UC_ID419,EC_ID151
UC_ID419,EC_ID214
UC_ID419,EC_ID268
UC_ID419,EC_ID43
UC_ID419,EC_ID47
UC_ID419,EC_ID78
UC_ID420,EC_ID15
UC_ID420,EC_ID209
UC_ID420,EC_ID236
UC_ID420,EC_ID44
UC_ID421,EC_ID157
UC_ID421,EC_ID158
UC_ID421,EC_ID195
UC_ID421,EC_ID238
UC_ID421,EC_ID64
UC_ID421,EC_ID8
UC_ID421,EC_ID83
UC_ID421,EC_ID87
UC_ID422,EC_ID16
UC_ID422,EC_ID172
UC_ID422,EC_ID294
UC_ID422,EC_ID300
UC_ID422,EC_ID39
UC_ID422,EC_ID91
UC_ID423,EC_ID116
UC_ID423,EC_ID27
UC_ID423,EC_ID281
UC_ID424,EC_ID276
UC_ID424,EC_ID82
UC_ID425,EC_ID44
UC_ID426,EC_ID135
UC_ID426,EC_ID141
UC_ID426,EC_ID164
UC_ID426,EC_ID263
UC_ID426,EC_ID32
UC_ID427,EC_ID175
UC_ID427,EC_ID231
UC_ID427,EC_ID249
UC_ID427,EC_ID294
UC_ID427,EC_ID62
UC_ID427,EC_ID98
UC_ID427,EC_ID99
UC_ID429,EC_ID138
UC_ID429,EC_ID170
UC_ID429,EC_ID171
UC_ID429,EC_ID180
UC_ID429,EC_ID262
UC_ID429,EC_ID27
UC_ID429,EC_ID294
UC_ID430,EC_ID106
UC_ID430,EC_ID210
UC_ID430,EC_ID224
UC_ID430,EC_ID250
UC_ID430,EC_ID292
UC_ID432,EC_ID218
UC_ID432,EC_ID230
UC_ID432,EC_ID253
UC_ID432,EC_ID294
UC_ID432,EC_ID47
UC_ID433,EC_ID20
UC_ID433,EC_ID289
UC_ID434,EC_ID114
UC_ID434,EC_ID119
UC_ID434,EC_ID167
UC_ID434,EC_ID169
UC_ID434,EC_ID18
UC_ID434,EC_ID236
UC_ID434,EC_ID278
UC_ID435,EC_ID126
UC_ID435,EC_ID152
UC_ID435,EC_ID253
UC_ID435,EC_ID275
UC_ID435,EC_ID90
UC_ID435,EC_ID97
UC_ID436,EC_ID128
UC_ID436,EC_ID157
UC_ID436,EC_ID291
UC_ID436,EC_ID42
UC_ID436,EC_ID44
UC_ID436,EC_ID72
UC_ID436,EC_ID90
UC_ID437,EC_ID148
UC_ID437,EC_ID205
UC_ID437,EC_ID268
UC_ID437,EC_ID88
UC_ID438,EC_ID206
UC_ID438,EC_ID221
UC_ID438,EC_ID258
UC_ID438,EC_ID39
UC_ID439,EC_ID107
UC_ID439,EC_ID174
UC_ID439,EC_ID186
UC_ID439,EC_ID193
UC_ID439,EC_ID200
UC_ID439,EC_ID6
UC_ID440,EC_ID103
UC_ID440,EC_ID204
UC_ID440,EC_ID213
UC_ID440,EC_ID257
UC_ID440,EC_ID258
UC_ID440,EC_ID31
UC_ID440,EC_ID5
UC_ID440,EC_ID57
UC_ID441,EC_ID144
UC_ID441,EC_ID173
UC_ID442,EC_ID107
UC_ID442,EC_ID289
UC_ID442,EC_ID44
UC_ID442,EC_ID75
UC_ID442,EC_ID86
UC_ID442,EC_ID89
UC_ID443,EC_ID110
UC_ID443,EC_ID295
UC_ID443,EC_ID53
UC_ID443,EC_ID6
UC_ID444,EC_ID151
UC_ID444,EC_ID40
UC_ID444,EC_ID41
UC_ID445,EC_ID101
UC_ID445,EC_ID218
UC_ID445,EC_ID284
UC_ID446,EC_ID153
UC_ID446,EC_ID244
UC_ID446,EC_ID271
UC_ID446,EC_ID89
UC_ID447,EC_ID138
UC_ID447,EC_ID153
UC_ID447,EC_ID204
UC_ID447,EC_ID268
UC_ID447,EC_ID284
UC_ID447,EC_ID294
UC_ID448,EC_ID113
UC_ID448,EC_ID131
UC_ID448,EC_ID21
UC_ID448,EC_ID272
UC_ID448,EC_ID277
UC_ID448,EC_ID280
UC_ID448,EC_ID32
UC_ID449,EC_ID153
UC_ID449,EC_ID154
UC_ID449,EC_ID176
UC_ID449,EC_ID295
UC_ID449,EC_ID297
UC_ID449,EC_ID92
UC_ID450,EC_ID172
UC_ID450,EC_ID23
UC_ID450,EC_ID281
UC_ID450,EC_ID284
UC_ID450,EC_ID90
UC_ID451,EC_ID189
UC_ID451,EC_ID221
UC_ID451,EC_ID243
UC_ID451,EC_ID76
UC_ID451,EC_ID94
UC_ID452,EC_ID13
UC_ID452,EC_ID142
UC_ID452,EC_ID237
UC_ID452,EC_ID259
UC_ID452,EC_ID26
UC_ID453,EC_ID165
UC_ID453,EC_ID231
UC_ID453,EC_ID236
UC_ID453,EC_ID24
UC_ID453,EC_ID292
UC_ID454,EC_ID1
UC_ID454,EC_ID204
UC_ID454,EC_ID40
UC_ID455,EC_ID136
UC_ID455,EC_ID138
UC_ID455,EC_ID154
UC_ID455,EC_ID220
UC_ID455,EC_ID280
UC_ID455,EC_ID38
UC_ID456,EC_ID134
UC_ID456,EC_ID188
UC_ID456,EC_ID207
UC_ID456,EC_ID254
UC_ID456,EC_ID269
UC_ID456,EC_ID284
UC_ID456,EC_ID45
UC_ID456,EC_ID85
UC_ID457,EC_ID104
UC_ID457,EC_ID136
UC_ID457,EC_ID157
UC_ID457,EC_ID207
UC_ID457,EC_ID24
UC_ID457,EC_ID39
UC_ID457,EC_ID42
UC_ID457,EC_ID49
UC_ID458,EC_ID110
UC_ID458,EC_ID157
UC_ID458,EC_ID208
UC_ID458,EC_ID252
UC_ID458,EC_ID254
UC_ID459,EC_ID103
UC_ID459,EC_ID158
UC_ID459,EC_ID184
UC_ID459,EC_ID213
UC_ID460,EC_ID123
UC_ID460,EC_ID193
UC_ID460,EC_ID30
UC_ID461,EC_ID90
UC_ID462,EC_ID267
UC_ID462,EC_ID72
UC_ID463,EC_ID151
UC_ID463,EC_ID204
UC_ID463,EC_ID215
UC_ID463,EC_ID225
UC_ID463,EC_ID258
UC_ID463,EC_ID26
UC_ID463,EC_ID29
UC_ID464,EC_ID203
UC_ID464,EC_ID230
UC_ID464,EC_ID253
UC_ID464,EC_ID282
UC_ID464,EC_ID53
UC_ID464,EC_ID70
UC_ID466,EC_ID148
UC_ID468,EC_ID173
UC_ID468,EC_ID260
UC_ID468,EC_ID92
UC_ID469,EC_ID107
UC_ID469,EC_ID161
UC_ID469,EC_ID186
UC_ID469,EC_ID255
UC_ID469,EC_ID270
UC_ID469,EC_ID55
UC_ID469,EC_ID82
UC_ID469,EC_ID89
UC_ID470,EC_ID109
UC_ID470,EC_ID129
UC_ID470,EC_ID151
UC_ID470,EC_ID214
UC_ID470,EC_ID215
UC_ID470,EC_ID276
UC_ID471,EC_ID172
UC_ID471,EC_ID210
UC_ID471,EC_ID300
UC_ID471,EC_ID65
UC_ID471,EC_ID71
UC_ID471,EC_ID87
UC_ID471,EC_ID96
UC_ID472,EC_ID12
UC_ID472,EC_ID135
UC_ID472,EC_ID149
UC_ID472,EC_ID236
UC_ID473,EC_ID13
UC_ID473,EC_ID24
UC_ID473,EC_ID245
UC_ID474,EC_ID188
UC_ID474,EC_ID283
UC_ID474,EC_ID285
UC_ID474,EC_ID299
UC_ID474,EC_ID38
UC_ID474,EC_ID50
UC_ID475,EC_ID140
UC_ID475,EC_ID146
UC_ID475,EC_ID171
UC_ID475,EC_ID198
UC_ID475,EC_ID221
UC_ID475,EC_ID7
UC_ID476,EC_ID130
UC_ID476,EC_ID132
UC_ID476,EC_ID212
UC_ID476,EC_ID270
UC_ID476,EC_ID294
UC_ID476,EC_ID91
UC_ID477,EC_ID162
UC_ID477,EC_ID163
UC_ID477,EC_ID166
UC_ID477,EC_ID214
UC_ID477,EC_ID226
UC_ID477,EC_ID245
UC_ID477,EC_ID52
UC_ID478,EC_ID156
UC_ID478,EC_ID212
UC_ID478,EC_ID221
UC_ID479,EC_ID117
UC_ID479,EC_ID142
UC_ID479,EC_ID189
UC_ID479,EC_ID193
UC_ID479,EC_ID209
UC_ID480,EC_ID16
UC_ID480,EC_ID167
UC_ID480,EC_ID259
UC_ID481,EC_ID115
UC_ID481,EC_ID287
UC_ID482,EC_ID135
UC_ID482,EC_ID169
UC_ID482,EC_ID198
UC_ID482,EC_ID20
UC_ID482,EC_ID212
UC_ID482,EC_ID217
UC_ID482,EC_ID223
UC_ID482,EC_ID47
UC_ID484,EC_ID190
UC_ID484,EC_ID61
UC_ID485,EC_ID13
UC_ID485,EC_ID175
UC_ID485,EC_ID221
UC_ID485,EC_ID234
UC_ID485,EC_ID253
UC_ID485,EC_ID297
UC_ID485,EC_ID99
UC_ID486,EC_ID114
UC_ID486,EC_ID193
UC_ID486,EC_ID229
UC_ID486,EC_ID56
UC_ID487,EC_ID153
UC_ID487,EC_ID33
UC_ID487,EC_ID99
UC_ID488,EC_ID100
UC_ID488,EC_ID103
UC_ID488,EC_ID17
UC_ID488,EC_ID43
UC_ID488,EC_ID95
UC_ID489,EC_ID222
UC_ID489,EC_ID269
UC_ID489,EC_ID291
UC_ID490,EC_ID105
UC_ID490,EC_ID75
UC_ID491,EC_ID185
UC_ID491,EC_ID20
UC_ID491,EC_ID211
UC_ID491,EC_ID249
UC_ID491,EC_ID34
UC_ID491,EC_ID47
UC_ID491,EC_ID57
UC_ID491,EC_ID73
UC_ID492,EC_ID167
UC_ID492,EC_ID293
UC_ID492,EC_ID30
UC_ID492,EC_ID34
UC_ID492,EC_ID42
UC_ID492,EC_ID50
UC_ID492,EC_ID67
UC_ID493,EC_ID136
UC_ID493,EC_ID297
UC_ID493,EC_ID89
UC_ID494,EC_ID220
UC_ID494,EC_ID249
UC_ID494,EC_ID82
UC_ID495,EC_ID208
UC_ID495,EC_ID84
UC_ID496,EC_ID157
UC_ID496,EC_ID195
UC_ID496,EC_ID279
UC_ID496,EC_ID6
UC_ID497,EC_ID148
UC_ID497,EC_ID21
UC_ID497,EC_ID57
UC_ID498,EC_ID122
UC_ID498,EC_ID152
UC_ID498,EC_ID159
UC_ID498,EC_ID195
UC_ID498,EC_ID225
UC_ID498,EC_ID250
UC_ID499,EC_ID155
UC_ID499,EC_ID233
UC_ID499,EC_ID263
UC_ID500,EC_ID151
UC_ID500,EC_ID172
UC_ID500,EC_ID175
UC_ID500,EC_ID185
UC_ID500,EC_ID233
UC_ID500,EC_ID252
UC_ID500,EC_ID89
