R_ID,RA_ID
R_ID1,RA_ID157
R_ID1,RA_ID307
R_ID1,RA_ID371
R_ID1,RA_ID470
R_ID1,RA_ID551
R_ID1,RA_ID559
R_ID1,RA_ID614
R_ID1,RA_ID770
R_ID2,RA_ID102
R_ID2,RA_ID365
R_ID2,RA_ID4
R_ID2,RA_ID518
R_ID2,RA_ID730
R_ID3,RA_ID26
R_ID4,RA_ID141
R_ID4,RA_ID164
R_ID4,RA_ID209
R_ID4,RA_ID243
R_ID4,RA_ID662
R_ID4,RA_ID736
R_ID5,RA_ID342
R_ID5,RA_ID383
R_ID5,RA_ID411
R_ID5,RA_ID554
R_ID5,RA_ID758
R_ID6,RA_ID240
R_ID6,RA_ID275
R_ID6,RA_ID526
R_ID7,RA_ID251
R_ID7,RA_ID482
R_ID7,RA_ID769
R_ID7,RA_ID779
R_ID9,RA_ID154
R_ID9,RA_ID74
R_ID9,RA_ID88
R_ID9,RA_ID89
R_ID10,RA_ID199
R_ID10,RA_ID262
R_ID10,RA_ID33
R_ID10,RA_ID360
R_ID10,RA_ID539
R_ID10,RA_ID542
R_ID10,RA_ID772
R_ID11,RA_ID241
R_ID11,RA_ID33
R_ID11,RA_ID478
R_ID12,RA_ID222
R_ID12,RA_ID343
R_ID12,RA_ID465
R_ID12,RA_ID570
R_ID12,RA_ID614
R_ID12,RA_ID640
R_ID13,RA_ID27
R_ID13,RA_ID337
R_ID13,RA_ID506
R_ID13,RA_ID60
R_ID13,RA_ID697
R_ID14,RA_ID271
R_ID14,RA_ID278
R_ID14,RA_ID347
R_ID14,RA_ID457
R_ID14,RA_ID5
R_ID14,RA_ID526
R_ID14,RA_ID737
R_ID16,RA_ID142
R_ID16,RA_ID150
R_ID16,RA_ID505
R_ID16,RA_ID568
R_ID16,RA_ID667
R_ID16,RA_ID69
R_ID16,RA_ID698
R_ID16,RA_ID717
R_ID17,RA_ID42
R_ID17,RA_ID469
R_ID17,RA_ID609
R_ID19,RA_ID175
R_ID19,RA_ID410
R_ID20,RA_ID196
R_ID20,RA_ID214
R_ID20,RA_ID215
R_ID20,RA_ID262
R_ID20,RA_ID650
R_ID20,RA_ID772
R_ID21,RA_ID496
R_ID22,RA_ID237
R_ID22,RA_ID268
R_ID23,RA_ID160
R_ID23,RA_ID219
R_ID23,RA_ID284
R_ID23,RA_ID285
R_ID23,RA_ID375
R_ID23,RA_ID527
R_ID23,RA_ID618
R_ID23,RA_ID740
R_ID24,RA_ID218
R_ID24,RA_ID319
R_ID24,RA_ID78
R_ID25,RA_ID152
R_ID25,RA_ID228
R_ID25,RA_ID288
R_ID25,RA_ID398
R_ID25,RA_ID490
R_ID25,RA_ID592
R_ID25,RA_ID644
R_ID25,RA_ID689
R_ID26,RA_ID253
R_ID26,RA_ID502
R_ID26,RA_ID673
R_ID26,RA_ID683
R_ID26,RA_ID800
R_ID26,RA_ID99
R_ID27,RA_ID331
R_ID27,RA_ID405
R_ID27,RA_ID408
R_ID27,RA_ID434
R_ID27,RA_ID588
R_ID27,RA_ID717
R_ID27,RA_ID737
R_ID28,RA_ID245
R_ID28,RA_ID299
R_ID28,RA_ID445
R_ID28,RA_ID551
R_ID28,RA_ID621
R_ID28,RA_ID67
R_ID29,RA_ID333
R_ID29,RA_ID382
R_ID29,RA_ID555
R_ID29,RA_ID607
R_ID30,RA_ID132
R_ID30,RA_ID330
R_ID30,RA_ID338
R_ID30,RA_ID339
R_ID30,RA_ID374
R_ID30,RA_ID401
R_ID30,RA_ID472
R_ID30,RA_ID494
R_ID31,RA_ID111
R_ID31,RA_ID13
R_ID31,RA_ID164
R_ID31,RA_ID451
R_ID31,RA_ID530
R_ID31,RA_ID586
R_ID31,RA_ID651
R_ID31,RA_ID724
R_ID32,RA_ID117
R_ID32,RA_ID147
R_ID32,RA_ID260
R_ID32,RA_ID693
R_ID33,RA_ID157
R_ID33,RA_ID322
R_ID33,RA_ID378
R_ID33,RA_ID45
R_ID33,RA_ID638
R_ID34,RA_ID534
R_ID34,RA_ID636
R_ID35,RA_ID154
R_ID35,RA_ID183
R_ID35,RA_ID190
R_ID35,RA_ID208
R_ID35,RA_ID549
R_ID36,RA_ID103
R_ID36,RA_ID261
R_ID36,RA_ID373
R_ID36,RA_ID518
R_ID36,RA_ID698
R_ID36,RA_ID795
R_ID37,RA_ID177
R_ID37,RA_ID273
R_ID37,RA_ID396
R_ID37,RA_ID468
R_ID37,RA_ID562
R_ID37,RA_ID617
R_ID37,RA_ID622
R_ID37,RA_ID77
R_ID38,RA_ID177
R_ID38,RA_ID223
R_ID38,RA_ID24
R_ID38,RA_ID271
R_ID38,RA_ID278
R_ID38,RA_ID314
R_ID38,RA_ID603
R_ID38,RA_ID702
R_ID39,RA_ID302
R_ID39,RA_ID358
R_ID39,RA_ID369
R_ID39,RA_ID400
R_ID39,RA_ID442
R_ID39,RA_ID471
R_ID39,RA_ID542
R_ID39,RA_ID655
R_ID40,RA_ID377
R_ID41,RA_ID191
R_ID41,RA_ID200
R_ID41,RA_ID22
R_ID41,RA_ID40
R_ID41,RA_ID505
R_ID41,RA_ID714
R_ID41,RA_ID87
R_ID42,RA_ID106
R_ID42,RA_ID132
R_ID42,RA_ID206
R_ID42,RA_ID294
R_ID42,RA_ID309
R_ID42,RA_ID498
R_ID42,RA_ID757
R_ID42,RA_ID85
R_ID43,RA_ID258
R_ID43,RA_ID273
R_ID43,RA_ID279
R_ID43,RA_ID369
R_ID43,RA_ID728
R_ID43,RA_ID95
R_ID44,RA_ID353
R_ID44,RA_ID434
R_ID44,RA_ID446
R_ID44,RA_ID526
R_ID44,RA_ID659
R_ID44,RA_ID8
R_ID45,RA_ID144
R_ID45,RA_ID449
R_ID45,RA_ID509
R_ID45,RA_ID534
R_ID45,RA_ID576
R_ID45,RA_ID685
R_ID45,RA_ID79
R_ID45,RA_ID793
R_ID46,RA_ID226
R_ID46,RA_ID387
R_ID46,RA_ID506
R_ID47,RA_ID232
R_ID47,RA_ID312
R_ID47,RA_ID501
R_ID47,RA_ID752
R_ID48,RA_ID147
R_ID48,RA_ID278
R_ID48,RA_ID373
R_ID48,RA_ID390
R_ID48,RA_ID59
R_ID48,RA_ID645
R_ID48,RA_ID68
R_ID48,RA_ID95
R_ID49,RA_ID131
R_ID49,RA_ID136
R_ID49,RA_ID144
R_ID49,RA_ID169
R_ID49,RA_ID497
R_ID49,RA_ID749
R_ID50,RA_ID110
R_ID50,RA_ID37
R_ID50,RA_ID507
R_ID51,RA_ID189
R_ID51,RA_ID252
R_ID51,RA_ID357
R_ID51,RA_ID763
R_ID52,RA_ID135
R_ID52,RA_ID224
R_ID52,RA_ID32
R_ID53,RA_ID12
R_ID53,RA_ID365
R_ID53,RA_ID412
R_ID53,RA_ID69
R_ID53,RA_ID761
R_ID54,RA_ID23
R_ID54,RA_ID485
R_ID54,RA_ID628
R_ID55,RA_ID16
R_ID55,RA_ID24
R_ID55,RA_ID38
R_ID55,RA_ID388
R_ID55,RA_ID398
R_ID55,RA_ID428
R_ID55,RA_ID44
R_ID55,RA_ID711
R_ID56,RA_ID150
R_ID56,RA_ID245
R_ID56,RA_ID375
R_ID56,RA_ID477
R_ID56,RA_ID499
R_ID56,RA_ID555
R_ID56,RA_ID684
R_ID56,RA_ID762
R_ID57,RA_ID137
R_ID57,RA_ID140
R_ID57,RA_ID164
R_ID57,RA_ID23
R_ID57,RA_ID301
R_ID57,RA_ID381
R_ID57,RA_ID406
R_ID57,RA_ID719
R_ID58,RA_ID133
R_ID58,RA_ID656
R_ID59,RA_ID350
R_ID59,RA_ID570
R_ID61,RA_ID179
R_ID61,RA_ID440
R_ID61,RA_ID583
R_ID61,RA_ID693
R_ID61,RA_ID696
R_ID62,RA_ID648
R_ID63,RA_ID108
R_ID63,RA_ID15
R_ID63,RA_ID474
R_ID63,RA_ID643
R_ID64,RA_ID174
R_ID64,RA_ID177
R_ID64,RA_ID201
R_ID64,RA_ID352
R_ID64,RA_ID515
R_ID64,RA_ID653
R_ID65,RA_ID390
R_ID65,RA_ID465
R_ID66,RA_ID329
R_ID66,RA_ID333
R_ID66,RA_ID408
R_ID66,RA_ID599
R_ID66,RA_ID690
R_ID66,RA_ID697
R_ID66,RA_ID799
R_ID68,RA_ID173
R_ID68,RA_ID583
R_ID68,RA_ID594
R_ID68,RA_ID730
R_ID68,RA_ID777
R_ID69,RA_ID103
R_ID69,RA_ID352
R_ID69,RA_ID661
R_ID71,RA_ID225
R_ID72,RA_ID344
R_ID72,RA_ID404
R_ID72,RA_ID423
R_ID72,RA_ID520
R_ID72,RA_ID580
R_ID73,RA_ID203
R_ID73,RA_ID318
R_ID73,RA_ID555
R_ID73,RA_ID60
R_ID73,RA_ID740
R_ID74,RA_ID138
R_ID74,RA_ID191
R_ID74,RA_ID29
R_ID74,RA_ID302
R_ID74,RA_ID431
R_ID74,RA_ID48
R_ID74,RA_ID485
R_ID74,RA_ID564
R_ID75,RA_ID259
R_ID75,RA_ID285
R_ID75,RA_ID39
R_ID75,RA_ID744
R_ID76,RA_ID29
R_ID76,RA_ID524
R_ID76,RA_ID538
R_ID76,RA_ID631
R_ID77,RA_ID568
R_ID77,RA_ID598
R_ID77,RA_ID675
R_ID77,RA_ID690
R_ID77,RA_ID786
R_ID77,RA_ID98
R_ID78,RA_ID230
R_ID78,RA_ID460
R_ID78,RA_ID524
R_ID78,RA_ID572
R_ID78,RA_ID585
R_ID78,RA_ID614
R_ID79,RA_ID445
R_ID79,RA_ID514
R_ID79,RA_ID588
R_ID79,RA_ID595
R_ID79,RA_ID673
R_ID80,RA_ID383
R_ID80,RA_ID468
R_ID80,RA_ID657
R_ID81,RA_ID248
R_ID81,RA_ID28
R_ID81,RA_ID45
R_ID81,RA_ID560
R_ID82,RA_ID475
R_ID82,RA_ID566
R_ID82,RA_ID569
R_ID82,RA_ID576
R_ID82,RA_ID739
R_ID83,RA_ID102
R_ID83,RA_ID108
R_ID83,RA_ID167
R_ID83,RA_ID322
R_ID83,RA_ID522
R_ID83,RA_ID552
R_ID83,RA_ID763
R_ID84,RA_ID166
R_ID84,RA_ID7
R_ID85,RA_ID134
R_ID85,RA_ID205
R_ID85,RA_ID485
R_ID85,RA_ID582
R_ID85,RA_ID699
R_ID85,RA_ID718
R_ID86,RA_ID189
R_ID86,RA_ID264
R_ID86,RA_ID33
R_ID86,RA_ID63
R_ID86,RA_ID639
R_ID86,RA_ID681
R_ID86,RA_ID782
R_ID88,RA_ID124
R_ID88,RA_ID179
R_ID88,RA_ID255
R_ID88,RA_ID263
R_ID88,RA_ID32
R_ID88,RA_ID35
R_ID88,RA_ID375
R_ID89,RA_ID319
R_ID89,RA_ID330
R_ID89,RA_ID427
R_ID89,RA_ID707
R_ID89,RA_ID74
R_ID90,RA_ID215
R_ID90,RA_ID305
R_ID90,RA_ID309
R_ID90,RA_ID339
R_ID90,RA_ID99
R_ID91,RA_ID235
R_ID91,RA_ID34
R_ID91,RA_ID724
R_ID93,RA_ID177
R_ID93,RA_ID247
R_ID93,RA_ID522
R_ID94,RA_ID239
R_ID94,RA_ID268
R_ID94,RA_ID309
R_ID94,RA_ID337
R_ID94,RA_ID583
R_ID94,RA_ID643
R_ID95,RA_ID171
R_ID95,RA_ID229
R_ID95,RA_ID303
R_ID95,RA_ID401
R_ID95,RA_ID667
R_ID95,RA_ID756
R_ID95,RA_ID777
R_ID96,RA_ID161
R_ID96,RA_ID681
R_ID96,RA_ID719
R_ID97,RA_ID124
R_ID97,RA_ID149
R_ID97,RA_ID184
R_ID97,RA_ID292
R_ID97,RA_ID390
R_ID97,RA_ID460
R_ID97,RA_ID535
R_ID97,RA_ID703
R_ID98,RA_ID2
R_ID98,RA_ID373
R_ID98,RA_ID522
R_ID98,RA_ID592
R_ID98,RA_ID76
R_ID99,RA_ID138
R_ID100,RA_ID207
R_ID100,RA_ID324
R_ID100,RA_ID419
R_ID100,RA_ID458
R_ID100,RA_ID500
R_ID100,RA_ID626
R_ID100,RA_ID747
R_ID101,RA_ID239
R_ID101,RA_ID262
R_ID101,RA_ID306
R_ID101,RA_ID331
R_ID101,RA_ID363
R_ID101,RA_ID509
R_ID101,RA_ID535
R_ID101,RA_ID647
R_ID102,RA_ID139
R_ID102,RA_ID287
R_ID102,RA_ID409
R_ID102,RA_ID441
R_ID102,RA_ID49
R_ID102,RA_ID492
R_ID102,RA_ID701
R_ID102,RA_ID77
R_ID104,RA_ID108
R_ID104,RA_ID201
R_ID104,RA_ID285
R_ID104,RA_ID559
R_ID104,RA_ID596
R_ID104,RA_ID781
R_ID105,RA_ID217
R_ID105,RA_ID455
R_ID105,RA_ID97
R_ID106,RA_ID760
R_ID107,RA_ID169
R_ID107,RA_ID175
R_ID107,RA_ID177
R_ID107,RA_ID216
R_ID107,RA_ID312
R_ID107,RA_ID521
R_ID108,RA_ID178
R_ID108,RA_ID186
R_ID108,RA_ID759
R_ID110,RA_ID151
R_ID110,RA_ID178
R_ID110,RA_ID217
R_ID110,RA_ID312
R_ID110,RA_ID381
R_ID110,RA_ID430
R_ID110,RA_ID511
R_ID110,RA_ID520
R_ID111,RA_ID202
R_ID111,RA_ID243
R_ID111,RA_ID544
R_ID111,RA_ID714
R_ID111,RA_ID719
R_ID111,RA_ID746
R_ID111,RA_ID76
R_ID111,RA_ID793
R_ID112,RA_ID13
R_ID112,RA_ID285
R_ID112,RA_ID336
R_ID112,RA_ID431
R_ID112,RA_ID627
R_ID113,RA_ID242
R_ID114,RA_ID334
R_ID114,RA_ID406
R_ID114,RA_ID541
R_ID114,RA_ID547
R_ID114,RA_ID564
R_ID114,RA_ID580
R_ID115,RA_ID29
R_ID115,RA_ID34
R_ID115,RA_ID516
R_ID115,RA_ID532
R_ID115,RA_ID620
R_ID115,RA_ID93
R_ID115,RA_ID95
R_ID116,RA_ID195
R_ID116,RA_ID201
R_ID116,RA_ID417
R_ID116,RA_ID684
R_ID117,RA_ID182
R_ID117,RA_ID363
R_ID117,RA_ID496
R_ID117,RA_ID514
R_ID117,RA_ID608
R_ID117,RA_ID643
R_ID117,RA_ID713
R_ID117,RA_ID760
R_ID118,RA_ID177
R_ID118,RA_ID231
R_ID118,RA_ID549
R_ID118,RA_ID582
R_ID118,RA_ID6
R_ID118,RA_ID767
R_ID118,RA_ID79
R_ID119,RA_ID233
R_ID119,RA_ID318
R_ID119,RA_ID33
R_ID119,RA_ID569
R_ID119,RA_ID658
R_ID119,RA_ID799
R_ID120,RA_ID543
R_ID121,RA_ID1
R_ID121,RA_ID186
R_ID121,RA_ID226
R_ID121,RA_ID262
R_ID121,RA_ID575
R_ID121,RA_ID697
R_ID121,RA_ID733
R_ID121,RA_ID763
R_ID122,RA_ID132
R_ID122,RA_ID28
R_ID123,RA_ID136
R_ID123,RA_ID353
R_ID123,RA_ID571
R_ID123,RA_ID594
R_ID123,RA_ID615
R_ID124,RA_ID662
R_ID124,RA_ID775
R_ID125,RA_ID19
R_ID125,RA_ID328
R_ID125,RA_ID54
R_ID126,RA_ID325
R_ID126,RA_ID329
R_ID126,RA_ID439
R_ID126,RA_ID604
R_ID126,RA_ID80
R_ID127,RA_ID221
R_ID127,RA_ID30
R_ID127,RA_ID335
R_ID127,RA_ID384
R_ID127,RA_ID434
R_ID127,RA_ID522
R_ID127,RA_ID542
R_ID128,RA_ID142
R_ID128,RA_ID168
R_ID128,RA_ID390
R_ID128,RA_ID482
R_ID128,RA_ID516
R_ID128,RA_ID62
R_ID128,RA_ID661
R_ID129,RA_ID124
R_ID129,RA_ID295
R_ID129,RA_ID676
R_ID129,RA_ID739
R_ID130,RA_ID268
R_ID130,RA_ID29
R_ID130,RA_ID453
R_ID130,RA_ID564
R_ID130,RA_ID622
R_ID130,RA_ID664
R_ID130,RA_ID798
R_ID131,RA_ID220
R_ID131,RA_ID767
R_ID131,RA_ID773
R_ID132,RA_ID112
R_ID132,RA_ID279
R_ID133,RA_ID29
R_ID133,RA_ID38
R_ID133,RA_ID415
R_ID133,RA_ID524
R_ID133,RA_ID707
R_ID134,RA_ID328
R_ID134,RA_ID364
R_ID134,RA_ID388
R_ID134,RA_ID442
R_ID134,RA_ID530
R_ID134,RA_ID788
R_ID134,RA_ID92
R_ID135,RA_ID348
R_ID135,RA_ID693
R_ID135,RA_ID753
R_ID136,RA_ID250
R_ID136,RA_ID362
R_ID136,RA_ID573
R_ID136,RA_ID628
R_ID136,RA_ID660
R_ID136,RA_ID762
R_ID136,RA_ID780
R_ID137,RA_ID133
R_ID137,RA_ID345
R_ID137,RA_ID388
R_ID137,RA_ID496
R_ID139,RA_ID284
R_ID139,RA_ID690
R_ID140,RA_ID123
R_ID140,RA_ID462
R_ID140,RA_ID765
R_ID141,RA_ID369
R_ID141,RA_ID647
R_ID141,RA_ID759
R_ID143,RA_ID102
R_ID143,RA_ID106
R_ID143,RA_ID248
R_ID143,RA_ID290
R_ID143,RA_ID411
R_ID143,RA_ID48
R_ID144,RA_ID366
R_ID145,RA_ID139
R_ID145,RA_ID147
R_ID145,RA_ID190
R_ID145,RA_ID326
R_ID145,RA_ID328
R_ID145,RA_ID405
R_ID145,RA_ID77
R_ID146,RA_ID356
R_ID146,RA_ID81
R_ID147,RA_ID123
R_ID147,RA_ID284
R_ID147,RA_ID424
R_ID147,RA_ID792
R_ID148,RA_ID166
R_ID148,RA_ID177
R_ID148,RA_ID241
R_ID148,RA_ID259
R_ID148,RA_ID373
R_ID148,RA_ID382
R_ID149,RA_ID142
R_ID149,RA_ID150
R_ID149,RA_ID493
R_ID149,RA_ID510
R_ID149,RA_ID602
R_ID149,RA_ID614
R_ID149,RA_ID655
R_ID149,RA_ID77
R_ID150,RA_ID367
R_ID150,RA_ID463
R_ID150,RA_ID711
R_ID150,RA_ID777
R_ID151,RA_ID155
R_ID151,RA_ID363
R_ID151,RA_ID473
R_ID151,RA_ID602
R_ID151,RA_ID662
R_ID152,RA_ID128
R_ID152,RA_ID249
R_ID152,RA_ID253
R_ID152,RA_ID275
R_ID152,RA_ID286
R_ID152,RA_ID613
R_ID153,RA_ID235
R_ID153,RA_ID321
R_ID153,RA_ID480
R_ID153,RA_ID583
R_ID153,RA_ID771
R_ID154,RA_ID406
R_ID154,RA_ID56
R_ID155,RA_ID220
R_ID155,RA_ID290
R_ID155,RA_ID380
R_ID155,RA_ID455
R_ID155,RA_ID711
R_ID156,RA_ID264
R_ID156,RA_ID412
R_ID156,RA_ID578
R_ID156,RA_ID644
R_ID156,RA_ID755
R_ID157,RA_ID111
R_ID157,RA_ID370
R_ID157,RA_ID387
R_ID157,RA_ID447
R_ID157,RA_ID553
R_ID157,RA_ID56
R_ID158,RA_ID600
R_ID159,RA_ID441
R_ID159,RA_ID468
R_ID159,RA_ID715
R_ID159,RA_ID778
R_ID160,RA_ID410
R_ID160,RA_ID426
R_ID160,RA_ID555
R_ID160,RA_ID578
R_ID160,RA_ID69
R_ID160,RA_ID747
R_ID162,RA_ID493
R_ID163,RA_ID225
R_ID163,RA_ID24
R_ID163,RA_ID302
R_ID163,RA_ID319
R_ID163,RA_ID40
R_ID163,RA_ID448
R_ID163,RA_ID464
R_ID164,RA_ID105
R_ID164,RA_ID180
R_ID164,RA_ID256
R_ID164,RA_ID259
R_ID164,RA_ID352
R_ID164,RA_ID570
R_ID164,RA_ID598
R_ID164,RA_ID632
R_ID165,RA_ID115
R_ID165,RA_ID122
R_ID165,RA_ID213
R_ID165,RA_ID277
R_ID165,RA_ID339
R_ID165,RA_ID391
R_ID165,RA_ID536
R_ID165,RA_ID728
R_ID166,RA_ID165
R_ID166,RA_ID36
R_ID166,RA_ID616
R_ID166,RA_ID749
R_ID167,RA_ID422
R_ID167,RA_ID718
R_ID167,RA_ID87
R_ID168,RA_ID128
R_ID168,RA_ID160
R_ID168,RA_ID201
R_ID168,RA_ID456
R_ID168,RA_ID533
R_ID168,RA_ID721
R_ID170,RA_ID130
R_ID170,RA_ID207
R_ID170,RA_ID234
R_ID170,RA_ID285
R_ID170,RA_ID324
R_ID170,RA_ID34
R_ID170,RA_ID647
R_ID170,RA_ID664
R_ID171,RA_ID473
R_ID171,RA_ID518
R_ID171,RA_ID628
R_ID171,RA_ID800
R_ID173,RA_ID211
R_ID173,RA_ID552
R_ID173,RA_ID586
R_ID173,RA_ID657
R_ID173,RA_ID82
R_ID173,RA_ID83
R_ID174,RA_ID551
R_ID174,RA_ID771
R_ID174,RA_ID797
R_ID175,RA_ID158
R_ID175,RA_ID415
R_ID175,RA_ID648
R_ID176,RA_ID133
R_ID176,RA_ID24
R_ID176,RA_ID771
R_ID178,RA_ID266
R_ID178,RA_ID407
R_ID178,RA_ID660
R_ID178,RA_ID783
R_ID179,RA_ID217
R_ID179,RA_ID221
R_ID179,RA_ID383
R_ID179,RA_ID494
R_ID179,RA_ID51
R_ID179,RA_ID524
R_ID179,RA_ID746
R_ID179,RA_ID770
R_ID180,RA_ID189
R_ID180,RA_ID647
R_ID181,RA_ID102
R_ID181,RA_ID189
R_ID181,RA_ID256
R_ID181,RA_ID363
R_ID181,RA_ID394
R_ID181,RA_ID492
R_ID181,RA_ID679
R_ID181,RA_ID761
R_ID182,RA_ID250
R_ID182,RA_ID327
R_ID182,RA_ID433
R_ID182,RA_ID551
R_ID182,RA_ID82
R_ID183,RA_ID148
R_ID183,RA_ID226
R_ID183,RA_ID355
R_ID183,RA_ID705
R_ID183,RA_ID762
R_ID184,RA_ID202
R_ID184,RA_ID267
R_ID184,RA_ID491
R_ID184,RA_ID586
R_ID184,RA_ID669
R_ID185,RA_ID371
R_ID185,RA_ID418
R_ID185,RA_ID419
R_ID185,RA_ID523
R_ID185,RA_ID64
R_ID185,RA_ID660
R_ID185,RA_ID770
R_ID185,RA_ID98
R_ID186,RA_ID80
R_ID187,RA_ID309
R_ID187,RA_ID402
R_ID187,RA_ID417
R_ID187,RA_ID539
R_ID187,RA_ID588
R_ID187,RA_ID617
R_ID187,RA_ID708
R_ID187,RA_ID77
R_ID188,RA_ID256
R_ID188,RA_ID279
R_ID188,RA_ID326
R_ID188,RA_ID48
R_ID188,RA_ID512
R_ID188,RA_ID566
R_ID188,RA_ID647
R_ID189,RA_ID690
R_ID190,RA_ID373
R_ID190,RA_ID396
R_ID190,RA_ID511
R_ID190,RA_ID572
R_ID190,RA_ID674
R_ID190,RA_ID786
R_ID190,RA_ID97
R_ID192,RA_ID179
R_ID192,RA_ID215
R_ID192,RA_ID390
R_ID192,RA_ID43
R_ID192,RA_ID652
R_ID193,RA_ID333
R_ID193,RA_ID49
R_ID193,RA_ID549
R_ID193,RA_ID6
R_ID193,RA_ID639
R_ID193,RA_ID703
R_ID193,RA_ID705
R_ID194,RA_ID279
R_ID194,RA_ID338
R_ID194,RA_ID352
R_ID194,RA_ID373
R_ID194,RA_ID628
R_ID194,RA_ID712
R_ID194,RA_ID760
R_ID195,RA_ID118
R_ID195,RA_ID326
R_ID195,RA_ID445
R_ID195,RA_ID654
R_ID195,RA_ID655
R_ID195,RA_ID716
R_ID195,RA_ID792
R_ID195,RA_ID89
R_ID197,RA_ID109
R_ID197,RA_ID114
R_ID197,RA_ID314
R_ID197,RA_ID316
R_ID197,RA_ID341
R_ID197,RA_ID717
R_ID197,RA_ID780
R_ID198,RA_ID278
R_ID198,RA_ID566
R_ID199,RA_ID11
R_ID199,RA_ID184
R_ID199,RA_ID338
R_ID199,RA_ID565
R_ID199,RA_ID568
R_ID199,RA_ID669
R_ID199,RA_ID693
R_ID200,RA_ID148
R_ID200,RA_ID167
R_ID200,RA_ID21
R_ID200,RA_ID299
R_ID200,RA_ID370
R_ID200,RA_ID495
R_ID200,RA_ID566
R_ID200,RA_ID621
R_ID201,RA_ID260
R_ID201,RA_ID336
R_ID201,RA_ID38
R_ID201,RA_ID489
R_ID201,RA_ID552
R_ID202,RA_ID142
R_ID202,RA_ID143
R_ID202,RA_ID360
R_ID202,RA_ID671
R_ID203,RA_ID109
R_ID203,RA_ID303
R_ID203,RA_ID421
R_ID203,RA_ID682
R_ID205,RA_ID241
R_ID205,RA_ID415
R_ID205,RA_ID472
R_ID206,RA_ID193
R_ID206,RA_ID44
R_ID206,RA_ID444
R_ID206,RA_ID475
R_ID206,RA_ID67
R_ID206,RA_ID720
R_ID207,RA_ID253
R_ID208,RA_ID310
R_ID208,RA_ID410
R_ID208,RA_ID512
R_ID208,RA_ID619
R_ID208,RA_ID665
R_ID209,RA_ID45
R_ID209,RA_ID488
R_ID209,RA_ID514
R_ID209,RA_ID743
R_ID209,RA_ID773
R_ID210,RA_ID149
R_ID210,RA_ID260
R_ID210,RA_ID264
R_ID210,RA_ID395
R_ID210,RA_ID463
R_ID210,RA_ID501
R_ID210,RA_ID593
R_ID210,RA_ID87
R_ID211,RA_ID229
R_ID211,RA_ID246
R_ID211,RA_ID255
R_ID211,RA_ID36
R_ID211,RA_ID403
R_ID211,RA_ID758
R_ID211,RA_ID764
R_ID211,RA_ID794
R_ID212,RA_ID242
R_ID212,RA_ID4
R_ID212,RA_ID446
R_ID212,RA_ID519
R_ID212,RA_ID542
R_ID212,RA_ID594
R_ID212,RA_ID735
R_ID213,RA_ID327
R_ID213,RA_ID36
R_ID213,RA_ID386
R_ID213,RA_ID786
R_ID214,RA_ID297
R_ID214,RA_ID439
R_ID214,RA_ID538
R_ID214,RA_ID94
R_ID215,RA_ID216
R_ID216,RA_ID108
R_ID216,RA_ID136
R_ID216,RA_ID387
R_ID216,RA_ID49
R_ID216,RA_ID598
R_ID216,RA_ID79
R_ID217,RA_ID144
R_ID217,RA_ID483
R_ID217,RA_ID51
R_ID217,RA_ID55
R_ID217,RA_ID582
R_ID217,RA_ID599
R_ID217,RA_ID681
R_ID217,RA_ID734
R_ID218,RA_ID1
R_ID218,RA_ID119
R_ID218,RA_ID154
R_ID218,RA_ID402
R_ID218,RA_ID549
R_ID218,RA_ID573
R_ID219,RA_ID164
R_ID219,RA_ID532
R_ID219,RA_ID674
R_ID219,RA_ID716
R_ID219,RA_ID789
R_ID220,RA_ID300
R_ID220,RA_ID344
R_ID220,RA_ID626
R_ID220,RA_ID670
R_ID220,RA_ID784
R_ID221,RA_ID182
R_ID221,RA_ID326
R_ID221,RA_ID385
R_ID221,RA_ID431
R_ID221,RA_ID774
R_ID223,RA_ID31
R_ID224,RA_ID298
R_ID224,RA_ID43
R_ID224,RA_ID710
R_ID224,RA_ID99
R_ID225,RA_ID126
R_ID225,RA_ID170
R_ID225,RA_ID260
R_ID225,RA_ID408
R_ID225,RA_ID629
R_ID225,RA_ID750
R_ID225,RA_ID96
R_ID226,RA_ID176
R_ID226,RA_ID404
R_ID226,RA_ID44
R_ID226,RA_ID496
R_ID226,RA_ID569
R_ID226,RA_ID737
R_ID227,RA_ID179
R_ID229,RA_ID189
R_ID230,RA_ID165
R_ID230,RA_ID218
R_ID230,RA_ID32
R_ID230,RA_ID377
R_ID230,RA_ID6
R_ID230,RA_ID713
R_ID230,RA_ID745
R_ID231,RA_ID169
R_ID232,RA_ID218
R_ID232,RA_ID266
R_ID232,RA_ID281
R_ID232,RA_ID388
R_ID232,RA_ID771
R_ID232,RA_ID78
R_ID232,RA_ID785
R_ID233,RA_ID166
R_ID233,RA_ID290
R_ID233,RA_ID350
R_ID233,RA_ID443
R_ID233,RA_ID704
R_ID233,RA_ID770
R_ID234,RA_ID25
R_ID234,RA_ID433
R_ID234,RA_ID573
R_ID234,RA_ID716
R_ID234,RA_ID743
R_ID234,RA_ID756
R_ID234,RA_ID788
R_ID235,RA_ID14
R_ID235,RA_ID142
R_ID235,RA_ID213
R_ID235,RA_ID255
R_ID235,RA_ID380
R_ID235,RA_ID446
R_ID235,RA_ID626
R_ID235,RA_ID690
R_ID236,RA_ID136
R_ID236,RA_ID264
R_ID236,RA_ID268
R_ID236,RA_ID565
R_ID237,RA_ID194
R_ID237,RA_ID224
R_ID237,RA_ID239
R_ID237,RA_ID716
R_ID237,RA_ID798
R_ID238,RA_ID26
R_ID238,RA_ID543
R_ID238,RA_ID670
R_ID239,RA_ID127
R_ID239,RA_ID159
R_ID239,RA_ID195
R_ID239,RA_ID620
R_ID239,RA_ID651
R_ID239,RA_ID670
R_ID239,RA_ID767
R_ID240,RA_ID207
R_ID240,RA_ID229
R_ID240,RA_ID39
R_ID240,RA_ID433
R_ID241,RA_ID20
R_ID241,RA_ID293
R_ID241,RA_ID348
R_ID241,RA_ID395
R_ID241,RA_ID529
R_ID241,RA_ID71
R_ID243,RA_ID343
R_ID243,RA_ID566
R_ID243,RA_ID598
R_ID244,RA_ID318
R_ID245,RA_ID133
R_ID245,RA_ID321
R_ID245,RA_ID452
R_ID245,RA_ID511
R_ID245,RA_ID57
R_ID245,RA_ID645
R_ID245,RA_ID679
R_ID245,RA_ID789
R_ID246,RA_ID539
R_ID247,RA_ID703
R_ID247,RA_ID91
R_ID247,RA_ID98
R_ID248,RA_ID106
R_ID248,RA_ID620
R_ID249,RA_ID187
R_ID249,RA_ID190
R_ID249,RA_ID344
R_ID249,RA_ID346
R_ID249,RA_ID531
R_ID249,RA_ID56
R_ID249,RA_ID680
R_ID249,RA_ID799
R_ID250,RA_ID118
R_ID250,RA_ID353
R_ID250,RA_ID450
R_ID250,RA_ID464
R_ID250,RA_ID469
R_ID250,RA_ID644
R_ID251,RA_ID106
R_ID251,RA_ID141
R_ID251,RA_ID685
R_ID251,RA_ID730
R_ID251,RA_ID744
R_ID251,RA_ID774
R_ID252,RA_ID188
R_ID252,RA_ID371
R_ID252,RA_ID468
R_ID252,RA_ID507
R_ID252,RA_ID625
R_ID252,RA_ID630
R_ID252,RA_ID661
R_ID252,RA_ID776
R_ID254,RA_ID512
R_ID255,RA_ID168
R_ID255,RA_ID28
R_ID255,RA_ID294
R_ID255,RA_ID484
R_ID255,RA_ID746
R_ID256,RA_ID150
R_ID256,RA_ID390
R_ID256,RA_ID569
R_ID256,RA_ID6
R_ID256,RA_ID674
R_ID256,RA_ID689
R_ID256,RA_ID691
R_ID256,RA_ID753
R_ID257,RA_ID12
R_ID257,RA_ID145
R_ID257,RA_ID257
R_ID257,RA_ID426
R_ID257,RA_ID430
R_ID257,RA_ID633
R_ID258,RA_ID136
R_ID258,RA_ID169
R_ID258,RA_ID196
R_ID258,RA_ID23
R_ID258,RA_ID265
R_ID258,RA_ID408
R_ID259,RA_ID265
R_ID259,RA_ID725
R_ID259,RA_ID98
R_ID260,RA_ID196
R_ID260,RA_ID260
R_ID260,RA_ID477
R_ID260,RA_ID693
R_ID260,RA_ID708
R_ID260,RA_ID771
R_ID261,RA_ID136
R_ID261,RA_ID434
R_ID261,RA_ID456
R_ID261,RA_ID548
R_ID261,RA_ID582
R_ID261,RA_ID675
R_ID262,RA_ID437
R_ID262,RA_ID733
R_ID263,RA_ID121
R_ID263,RA_ID291
R_ID263,RA_ID393
R_ID263,RA_ID406
R_ID263,RA_ID448
R_ID263,RA_ID537
R_ID263,RA_ID693
R_ID264,RA_ID380
R_ID264,RA_ID464
R_ID264,RA_ID574
R_ID264,RA_ID798
R_ID265,RA_ID262
R_ID265,RA_ID264
R_ID265,RA_ID290
R_ID265,RA_ID355
R_ID265,RA_ID520
R_ID266,RA_ID161
R_ID266,RA_ID200
R_ID266,RA_ID242
R_ID266,RA_ID651
R_ID266,RA_ID669
R_ID266,RA_ID727
R_ID266,RA_ID795
R_ID267,RA_ID106
R_ID267,RA_ID163
R_ID267,RA_ID327
R_ID267,RA_ID456
R_ID267,RA_ID491
R_ID267,RA_ID672
R_ID267,RA_ID743
R_ID268,RA_ID117
R_ID268,RA_ID173
R_ID268,RA_ID219
R_ID268,RA_ID222
R_ID268,RA_ID233
R_ID268,RA_ID401
R_ID269,RA_ID515
R_ID270,RA_ID44
R_ID270,RA_ID527
R_ID270,RA_ID678
R_ID270,RA_ID758
R_ID271,RA_ID6
R_ID272,RA_ID175
R_ID272,RA_ID253
R_ID272,RA_ID323
R_ID272,RA_ID503
R_ID272,RA_ID742
R_ID273,RA_ID33
R_ID273,RA_ID410
R_ID273,RA_ID549
R_ID273,RA_ID560
R_ID273,RA_ID597
R_ID274,RA_ID202
R_ID274,RA_ID227
R_ID274,RA_ID242
R_ID274,RA_ID296
R_ID274,RA_ID535
R_ID274,RA_ID704
R_ID274,RA_ID748
R_ID274,RA_ID85
R_ID276,RA_ID109
R_ID276,RA_ID249
R_ID276,RA_ID341
R_ID276,RA_ID492
R_ID276,RA_ID558
R_ID276,RA_ID63
R_ID276,RA_ID64
R_ID277,RA_ID125
R_ID278,RA_ID137
R_ID278,RA_ID497
R_ID278,RA_ID548
R_ID278,RA_ID598
R_ID278,RA_ID668
R_ID278,RA_ID781
R_ID278,RA_ID784
R_ID280,RA_ID190
R_ID280,RA_ID527
R_ID280,RA_ID619
R_ID280,RA_ID710
R_ID280,RA_ID730
R_ID281,RA_ID266
R_ID281,RA_ID306
R_ID281,RA_ID436
R_ID281,RA_ID528
R_ID281,RA_ID537
R_ID281,RA_ID649
R_ID282,RA_ID43
R_ID282,RA_ID573
R_ID282,RA_ID621
R_ID283,RA_ID12
R_ID283,RA_ID327
R_ID283,RA_ID367
R_ID284,RA_ID189
R_ID284,RA_ID343
R_ID285,RA_ID135
R_ID285,RA_ID149
R_ID285,RA_ID274
R_ID285,RA_ID631
R_ID285,RA_ID659
R_ID285,RA_ID680
R_ID285,RA_ID772
R_ID286,RA_ID132
R_ID286,RA_ID294
R_ID286,RA_ID662
R_ID287,RA_ID282
R_ID287,RA_ID300
R_ID287,RA_ID348
R_ID287,RA_ID574
R_ID287,RA_ID738
R_ID287,RA_ID749
R_ID287,RA_ID777
R_ID288,RA_ID102
R_ID288,RA_ID229
R_ID288,RA_ID456
R_ID288,RA_ID525
R_ID288,RA_ID64
R_ID289,RA_ID73
R_ID289,RA_ID766
R_ID290,RA_ID634
R_ID290,RA_ID667
R_ID290,RA_ID689
R_ID292,RA_ID110
R_ID292,RA_ID169
R_ID292,RA_ID186
R_ID292,RA_ID420
R_ID292,RA_ID623
R_ID292,RA_ID643
R_ID292,RA_ID724
R_ID293,RA_ID268
R_ID293,RA_ID403
R_ID293,RA_ID404
R_ID293,RA_ID428
R_ID294,RA_ID14
R_ID294,RA_ID32
R_ID294,RA_ID469
R_ID294,RA_ID560
R_ID294,RA_ID638
R_ID294,RA_ID703
R_ID294,RA_ID743
R_ID295,RA_ID335
R_ID295,RA_ID632
R_ID295,RA_ID714
R_ID295,RA_ID719
R_ID295,RA_ID799
R_ID296,RA_ID406
R_ID296,RA_ID463
R_ID297,RA_ID222
R_ID297,RA_ID254
R_ID297,RA_ID411
R_ID297,RA_ID7
R_ID298,RA_ID80
R_ID299,RA_ID407
R_ID299,RA_ID54
R_ID299,RA_ID615
R_ID299,RA_ID666
R_ID300,RA_ID176
R_ID300,RA_ID440
R_ID300,RA_ID572
R_ID300,RA_ID600
R_ID300,RA_ID646
R_ID300,RA_ID659
R_ID301,RA_ID396
R_ID301,RA_ID455
R_ID301,RA_ID586
R_ID301,RA_ID63
R_ID301,RA_ID81
R_ID302,RA_ID171
R_ID302,RA_ID215
R_ID302,RA_ID555
R_ID302,RA_ID659
R_ID302,RA_ID85
R_ID303,RA_ID270
R_ID303,RA_ID711
R_ID304,RA_ID228
R_ID304,RA_ID272
R_ID304,RA_ID472
R_ID304,RA_ID475
R_ID304,RA_ID552
R_ID304,RA_ID645
R_ID305,RA_ID419
R_ID305,RA_ID49
R_ID305,RA_ID543
R_ID305,RA_ID600
R_ID305,RA_ID800
R_ID306,RA_ID311
R_ID306,RA_ID564
R_ID306,RA_ID790
R_ID307,RA_ID296
R_ID307,RA_ID490
R_ID307,RA_ID568
R_ID307,RA_ID672
R_ID307,RA_ID752
R_ID307,RA_ID755
R_ID307,RA_ID800
R_ID308,RA_ID394
R_ID308,RA_ID569
R_ID308,RA_ID618
R_ID310,RA_ID412
R_ID310,RA_ID652
R_ID310,RA_ID761
R_ID311,RA_ID136
R_ID311,RA_ID263
R_ID311,RA_ID346
R_ID311,RA_ID60
R_ID311,RA_ID666
R_ID311,RA_ID84
R_ID312,RA_ID738
R_ID313,RA_ID115
R_ID313,RA_ID123
R_ID313,RA_ID206
R_ID313,RA_ID463
R_ID313,RA_ID714
R_ID314,RA_ID172
R_ID314,RA_ID215
R_ID314,RA_ID299
R_ID314,RA_ID528
R_ID314,RA_ID59
R_ID315,RA_ID167
R_ID315,RA_ID211
R_ID315,RA_ID234
R_ID315,RA_ID494
R_ID316,RA_ID230
R_ID316,RA_ID273
R_ID316,RA_ID355
R_ID316,RA_ID485
R_ID316,RA_ID610
R_ID317,RA_ID34
R_ID317,RA_ID400
R_ID318,RA_ID164
R_ID318,RA_ID319
R_ID318,RA_ID32
R_ID318,RA_ID52
R_ID318,RA_ID566
R_ID318,RA_ID686
R_ID319,RA_ID249
R_ID319,RA_ID501
R_ID319,RA_ID507
R_ID319,RA_ID62
R_ID320,RA_ID445
R_ID320,RA_ID787
R_ID321,RA_ID219
R_ID321,RA_ID298
R_ID321,RA_ID606
R_ID321,RA_ID608
R_ID322,RA_ID173
R_ID322,RA_ID178
R_ID322,RA_ID399
R_ID322,RA_ID491
R_ID323,RA_ID169
R_ID323,RA_ID212
R_ID323,RA_ID275
R_ID323,RA_ID309
R_ID323,RA_ID579
R_ID324,RA_ID103
R_ID324,RA_ID320
R_ID324,RA_ID344
R_ID324,RA_ID576
R_ID324,RA_ID643
R_ID324,RA_ID721
R_ID324,RA_ID93
R_ID325,RA_ID201
R_ID325,RA_ID250
R_ID325,RA_ID446
R_ID326,RA_ID191
R_ID326,RA_ID407
R_ID326,RA_ID583
R_ID326,RA_ID622
R_ID326,RA_ID627
R_ID326,RA_ID693
R_ID327,RA_ID120
R_ID328,RA_ID126
R_ID328,RA_ID32
R_ID328,RA_ID445
R_ID328,RA_ID488
R_ID328,RA_ID530
R_ID328,RA_ID644
R_ID329,RA_ID310
R_ID329,RA_ID345
R_ID329,RA_ID420
R_ID329,RA_ID479
R_ID329,RA_ID50
R_ID329,RA_ID643
R_ID329,RA_ID736
R_ID330,RA_ID165
R_ID330,RA_ID478
R_ID330,RA_ID550
R_ID330,RA_ID786
R_ID331,RA_ID432
R_ID331,RA_ID758
R_ID332,RA_ID152
R_ID333,RA_ID309
R_ID333,RA_ID784
R_ID334,RA_ID103
R_ID334,RA_ID266
R_ID334,RA_ID275
R_ID334,RA_ID337
R_ID334,RA_ID498
R_ID334,RA_ID562
R_ID334,RA_ID615
R_ID334,RA_ID618
R_ID335,RA_ID129
R_ID335,RA_ID197
R_ID335,RA_ID490
R_ID335,RA_ID596
R_ID335,RA_ID776
R_ID336,RA_ID125
R_ID336,RA_ID235
R_ID336,RA_ID279
R_ID336,RA_ID355
R_ID336,RA_ID429
R_ID336,RA_ID601
R_ID336,RA_ID724
R_ID336,RA_ID725
R_ID337,RA_ID439
R_ID337,RA_ID498
R_ID337,RA_ID537
R_ID337,RA_ID680
R_ID338,RA_ID405
R_ID338,RA_ID519
R_ID338,RA_ID603
R_ID338,RA_ID616
R_ID338,RA_ID794
R_ID339,RA_ID203
R_ID339,RA_ID308
R_ID339,RA_ID447
R_ID339,RA_ID490
R_ID340,RA_ID109
R_ID340,RA_ID267
R_ID340,RA_ID400
R_ID340,RA_ID478
R_ID341,RA_ID270
R_ID341,RA_ID38
R_ID341,RA_ID387
R_ID341,RA_ID499
R_ID341,RA_ID612
R_ID342,RA_ID206
R_ID342,RA_ID321
R_ID342,RA_ID456
R_ID343,RA_ID560
R_ID344,RA_ID277
R_ID344,RA_ID388
R_ID344,RA_ID732
R_ID345,RA_ID139
R_ID345,RA_ID218
R_ID345,RA_ID33
R_ID345,RA_ID560
R_ID345,RA_ID564
R_ID345,RA_ID67
R_ID346,RA_ID161
R_ID346,RA_ID519
R_ID347,RA_ID246
R_ID347,RA_ID323
R_ID347,RA_ID374
R_ID347,RA_ID504
R_ID347,RA_ID604
R_ID347,RA_ID748
R_ID348,RA_ID200
R_ID348,RA_ID227
R_ID348,RA_ID35
R_ID348,RA_ID43
R_ID349,RA_ID326
R_ID349,RA_ID555
R_ID349,RA_ID564
R_ID349,RA_ID665
R_ID349,RA_ID746
R_ID349,RA_ID767
R_ID349,RA_ID89
R_ID350,RA_ID146
R_ID350,RA_ID186
R_ID350,RA_ID193
R_ID350,RA_ID32
R_ID350,RA_ID44
R_ID350,RA_ID477
R_ID351,RA_ID119
R_ID352,RA_ID105
R_ID352,RA_ID482
R_ID352,RA_ID636
R_ID352,RA_ID740
R_ID352,RA_ID771
R_ID352,RA_ID786
R_ID353,RA_ID179
R_ID353,RA_ID239
R_ID353,RA_ID24
R_ID353,RA_ID254
R_ID353,RA_ID63
R_ID353,RA_ID729
R_ID353,RA_ID9
R_ID355,RA_ID267
R_ID355,RA_ID378
R_ID355,RA_ID446
R_ID355,RA_ID550
R_ID355,RA_ID557
R_ID355,RA_ID569
R_ID355,RA_ID655
R_ID355,RA_ID662
R_ID356,RA_ID207
R_ID356,RA_ID225
R_ID356,RA_ID229
R_ID356,RA_ID249
R_ID356,RA_ID522
R_ID357,RA_ID269
R_ID357,RA_ID369
R_ID357,RA_ID495
R_ID357,RA_ID668
R_ID357,RA_ID762
R_ID359,RA_ID295
R_ID360,RA_ID115
R_ID360,RA_ID164
R_ID360,RA_ID172
R_ID360,RA_ID327
R_ID360,RA_ID44
R_ID360,RA_ID654
R_ID361,RA_ID14
R_ID361,RA_ID158
R_ID361,RA_ID300
R_ID361,RA_ID393
R_ID362,RA_ID171
R_ID362,RA_ID227
R_ID362,RA_ID230
R_ID362,RA_ID247
R_ID362,RA_ID633
R_ID362,RA_ID99
R_ID363,RA_ID201
R_ID363,RA_ID21
R_ID363,RA_ID336
R_ID364,RA_ID174
R_ID364,RA_ID202
R_ID364,RA_ID458
R_ID364,RA_ID621
R_ID364,RA_ID702
R_ID365,RA_ID181
R_ID365,RA_ID236
R_ID365,RA_ID268
R_ID365,RA_ID438
R_ID365,RA_ID489
R_ID365,RA_ID615
R_ID366,RA_ID320
R_ID367,RA_ID202
R_ID367,RA_ID372
R_ID367,RA_ID527
R_ID367,RA_ID706
R_ID367,RA_ID782
R_ID368,RA_ID359
R_ID368,RA_ID416
R_ID368,RA_ID514
R_ID368,RA_ID692
R_ID368,RA_ID730
R_ID368,RA_ID75
R_ID369,RA_ID526
R_ID369,RA_ID542
R_ID369,RA_ID556
R_ID369,RA_ID706
R_ID369,RA_ID778
R_ID370,RA_ID209
R_ID370,RA_ID21
R_ID370,RA_ID23
R_ID370,RA_ID248
R_ID370,RA_ID674
R_ID370,RA_ID761
R_ID371,RA_ID336
R_ID371,RA_ID345
R_ID371,RA_ID58
R_ID371,RA_ID79
R_ID371,RA_ID83
R_ID372,RA_ID170
R_ID372,RA_ID184
R_ID372,RA_ID407
R_ID373,RA_ID155
R_ID373,RA_ID326
R_ID373,RA_ID504
R_ID373,RA_ID652
R_ID373,RA_ID99
R_ID376,RA_ID243
R_ID376,RA_ID286
R_ID376,RA_ID341
R_ID376,RA_ID492
R_ID376,RA_ID784
R_ID377,RA_ID135
R_ID377,RA_ID265
R_ID377,RA_ID298
R_ID377,RA_ID613
R_ID377,RA_ID616
R_ID377,RA_ID623
R_ID377,RA_ID668
R_ID377,RA_ID768
R_ID378,RA_ID535
R_ID378,RA_ID549
R_ID378,RA_ID644
R_ID379,RA_ID164
R_ID379,RA_ID214
R_ID379,RA_ID275
R_ID379,RA_ID459
R_ID379,RA_ID646
R_ID379,RA_ID657
R_ID379,RA_ID712
R_ID380,RA_ID142
R_ID380,RA_ID231
R_ID380,RA_ID28
R_ID380,RA_ID410
R_ID380,RA_ID755
R_ID380,RA_ID92
R_ID381,RA_ID159
R_ID381,RA_ID308
R_ID381,RA_ID476
R_ID381,RA_ID583
R_ID381,RA_ID771
R_ID382,RA_ID346
R_ID382,RA_ID788
R_ID383,RA_ID385
R_ID383,RA_ID439
R_ID383,RA_ID450
R_ID383,RA_ID593
R_ID384,RA_ID139
R_ID384,RA_ID284
R_ID384,RA_ID296
R_ID384,RA_ID734
R_ID384,RA_ID76
R_ID384,RA_ID99
R_ID385,RA_ID131
R_ID385,RA_ID239
R_ID385,RA_ID255
R_ID385,RA_ID294
R_ID385,RA_ID334
R_ID386,RA_ID13
R_ID386,RA_ID139
R_ID386,RA_ID173
R_ID386,RA_ID363
R_ID386,RA_ID644
R_ID386,RA_ID760
R_ID386,RA_ID765
R_ID387,RA_ID198
R_ID387,RA_ID306
R_ID387,RA_ID396
R_ID387,RA_ID416
R_ID387,RA_ID486
R_ID387,RA_ID612
R_ID387,RA_ID712
R_ID388,RA_ID222
R_ID388,RA_ID3
R_ID388,RA_ID424
R_ID388,RA_ID58
R_ID388,RA_ID654
R_ID388,RA_ID667
R_ID388,RA_ID784
R_ID388,RA_ID81
R_ID390,RA_ID106
R_ID390,RA_ID230
R_ID390,RA_ID668
R_ID390,RA_ID96
R_ID391,RA_ID102
R_ID391,RA_ID21
R_ID391,RA_ID367
R_ID391,RA_ID52
R_ID391,RA_ID563
R_ID391,RA_ID783
R_ID391,RA_ID785
R_ID392,RA_ID411
R_ID392,RA_ID52
R_ID392,RA_ID544
R_ID392,RA_ID600
R_ID392,RA_ID649
R_ID392,RA_ID77
R_ID393,RA_ID235
R_ID393,RA_ID249
R_ID393,RA_ID335
R_ID393,RA_ID497
R_ID393,RA_ID737
R_ID393,RA_ID771
R_ID393,RA_ID789
R_ID394,RA_ID104
R_ID394,RA_ID141
R_ID394,RA_ID258
R_ID394,RA_ID435
R_ID394,RA_ID726
R_ID395,RA_ID554
R_ID395,RA_ID96
R_ID396,RA_ID143
R_ID396,RA_ID161
R_ID396,RA_ID270
R_ID396,RA_ID412
R_ID396,RA_ID484
R_ID396,RA_ID551
R_ID396,RA_ID697
R_ID396,RA_ID781
R_ID398,RA_ID1
R_ID398,RA_ID199
R_ID398,RA_ID209
R_ID398,RA_ID248
R_ID398,RA_ID331
R_ID398,RA_ID590
R_ID398,RA_ID619
R_ID398,RA_ID701
R_ID399,RA_ID199
R_ID399,RA_ID370
R_ID399,RA_ID5
R_ID399,RA_ID531
R_ID399,RA_ID63
R_ID399,RA_ID649
R_ID399,RA_ID94
R_ID400,RA_ID102
R_ID400,RA_ID382
R_ID400,RA_ID532
R_ID400,RA_ID615
R_ID401,RA_ID399
R_ID401,RA_ID471
R_ID401,RA_ID648
R_ID402,RA_ID319
R_ID402,RA_ID435
R_ID402,RA_ID595
R_ID403,RA_ID125
R_ID403,RA_ID357
R_ID403,RA_ID40
R_ID403,RA_ID527
R_ID404,RA_ID182
R_ID404,RA_ID260
R_ID404,RA_ID296
R_ID404,RA_ID407
R_ID404,RA_ID78
R_ID405,RA_ID146
R_ID405,RA_ID265
R_ID405,RA_ID346
R_ID405,RA_ID358
R_ID405,RA_ID397
R_ID405,RA_ID619
R_ID405,RA_ID622
R_ID406,RA_ID164
R_ID406,RA_ID281
R_ID406,RA_ID416
R_ID406,RA_ID557
R_ID406,RA_ID594
R_ID407,RA_ID323
R_ID407,RA_ID351
R_ID407,RA_ID385
R_ID407,RA_ID459
R_ID407,RA_ID617
R_ID407,RA_ID635
R_ID408,RA_ID252
R_ID408,RA_ID415
R_ID409,RA_ID111
R_ID410,RA_ID266
R_ID410,RA_ID283
R_ID410,RA_ID636
R_ID410,RA_ID640
R_ID410,RA_ID68
R_ID412,RA_ID390
R_ID412,RA_ID483
R_ID412,RA_ID759
R_ID413,RA_ID490
R_ID413,RA_ID497
R_ID414,RA_ID156
R_ID414,RA_ID206
R_ID414,RA_ID493
R_ID414,RA_ID524
R_ID414,RA_ID751
R_ID415,RA_ID177
R_ID415,RA_ID355
R_ID415,RA_ID470
R_ID415,RA_ID53
R_ID416,RA_ID284
R_ID416,RA_ID346
R_ID416,RA_ID621
R_ID417,RA_ID112
R_ID417,RA_ID369
R_ID417,RA_ID374
R_ID417,RA_ID41
R_ID417,RA_ID9
R_ID418,RA_ID164
R_ID418,RA_ID374
R_ID418,RA_ID384
R_ID418,RA_ID419
R_ID418,RA_ID464
R_ID418,RA_ID564
R_ID418,RA_ID680
R_ID419,RA_ID100
R_ID419,RA_ID16
R_ID419,RA_ID242
R_ID419,RA_ID302
R_ID419,RA_ID318
R_ID419,RA_ID536
R_ID419,RA_ID558
R_ID419,RA_ID82
R_ID420,RA_ID388
R_ID420,RA_ID451
R_ID420,RA_ID488
R_ID420,RA_ID493
R_ID420,RA_ID757
R_ID421,RA_ID445
R_ID423,RA_ID258
R_ID423,RA_ID331
R_ID423,RA_ID369
R_ID423,RA_ID54
R_ID423,RA_ID544
R_ID423,RA_ID663
R_ID423,RA_ID769
R_ID424,RA_ID170
R_ID424,RA_ID395
R_ID424,RA_ID602
R_ID424,RA_ID699
R_ID424,RA_ID704
R_ID425,RA_ID214
R_ID425,RA_ID237
R_ID425,RA_ID399
R_ID425,RA_ID493
R_ID425,RA_ID602
R_ID425,RA_ID709
R_ID425,RA_ID765
R_ID426,RA_ID3
R_ID427,RA_ID297
R_ID427,RA_ID325
R_ID427,RA_ID381
R_ID427,RA_ID382
R_ID427,RA_ID478
R_ID427,RA_ID561
R_ID427,RA_ID590
R_ID427,RA_ID730
R_ID428,RA_ID13
R_ID428,RA_ID343
R_ID428,RA_ID583
R_ID428,RA_ID59
R_ID428,RA_ID642
R_ID428,RA_ID776
R_ID428,RA_ID78
R_ID429,RA_ID136
R_ID429,RA_ID5
R_ID429,RA_ID741
R_ID431,RA_ID495
R_ID431,RA_ID604
R_ID432,RA_ID271
R_ID432,RA_ID425
R_ID432,RA_ID43
R_ID432,RA_ID458
R_ID433,RA_ID509
R_ID433,RA_ID645
R_ID433,RA_ID79
R_ID434,RA_ID103
R_ID434,RA_ID311
R_ID434,RA_ID370
R_ID434,RA_ID418
R_ID434,RA_ID565
R_ID434,RA_ID673
R_ID434,RA_ID743
R_ID435,RA_ID216
R_ID435,RA_ID299
R_ID435,RA_ID577
R_ID435,RA_ID585
R_ID435,RA_ID653
R_ID435,RA_ID779
R_ID436,RA_ID324
R_ID436,RA_ID755
R_ID437,RA_ID136
R_ID437,RA_ID206
R_ID437,RA_ID211
R_ID437,RA_ID255
R_ID437,RA_ID339
R_ID437,RA_ID415
R_ID437,RA_ID440
R_ID438,RA_ID163
R_ID438,RA_ID457
R_ID438,RA_ID504
R_ID438,RA_ID568
R_ID438,RA_ID630
R_ID439,RA_ID153
R_ID439,RA_ID199
R_ID439,RA_ID260
R_ID439,RA_ID384
R_ID439,RA_ID511
R_ID439,RA_ID623
R_ID440,RA_ID100
R_ID440,RA_ID136
R_ID440,RA_ID404
R_ID440,RA_ID472
R_ID440,RA_ID487
R_ID440,RA_ID664
R_ID440,RA_ID776
R_ID440,RA_ID82
R_ID441,RA_ID164
R_ID441,RA_ID288
R_ID441,RA_ID557
R_ID441,RA_ID600
R_ID441,RA_ID608
R_ID441,RA_ID742
R_ID442,RA_ID327
R_ID442,RA_ID607
R_ID442,RA_ID668
R_ID443,RA_ID406
R_ID444,RA_ID4
R_ID444,RA_ID438
R_ID444,RA_ID591
R_ID444,RA_ID764
R_ID445,RA_ID115
R_ID445,RA_ID212
R_ID445,RA_ID316
R_ID445,RA_ID348
R_ID445,RA_ID478
R_ID445,RA_ID83
R_ID446,RA_ID129
R_ID446,RA_ID17
R_ID446,RA_ID305
R_ID446,RA_ID579
R_ID446,RA_ID634
R_ID446,RA_ID706
R_ID447,RA_ID201
R_ID447,RA_ID241
R_ID447,RA_ID304
R_ID447,RA_ID578
R_ID447,RA_ID60
R_ID447,RA_ID637
R_ID447,RA_ID72
R_ID448,RA_ID292
R_ID448,RA_ID723
R_ID448,RA_ID98
R_ID449,RA_ID207
R_ID449,RA_ID391
R_ID449,RA_ID492
R_ID449,RA_ID502
R_ID449,RA_ID503
R_ID449,RA_ID74
R_ID449,RA_ID75
R_ID450,RA_ID18
R_ID450,RA_ID325
R_ID450,RA_ID368
R_ID450,RA_ID571
R_ID450,RA_ID654
R_ID451,RA_ID262
R_ID451,RA_ID546
R_ID451,RA_ID559
R_ID451,RA_ID626
R_ID451,RA_ID643
R_ID451,RA_ID660
R_ID452,RA_ID119
R_ID452,RA_ID433
R_ID452,RA_ID591
R_ID453,RA_ID292
R_ID453,RA_ID432
R_ID453,RA_ID433
R_ID453,RA_ID519
R_ID453,RA_ID598
R_ID453,RA_ID64
R_ID453,RA_ID640
R_ID453,RA_ID81
R_ID454,RA_ID10
R_ID454,RA_ID259
R_ID454,RA_ID400
R_ID454,RA_ID764
R_ID454,RA_ID786
R_ID455,RA_ID330
R_ID455,RA_ID331
R_ID455,RA_ID41
R_ID455,RA_ID602
R_ID455,RA_ID737
R_ID455,RA_ID93
R_ID456,RA_ID227
R_ID456,RA_ID405
R_ID456,RA_ID476
R_ID456,RA_ID609
R_ID456,RA_ID676
R_ID456,RA_ID692
R_ID456,RA_ID85
R_ID457,RA_ID161
R_ID457,RA_ID92
R_ID458,RA_ID484
R_ID458,RA_ID758
R_ID459,RA_ID238
R_ID459,RA_ID36
R_ID459,RA_ID601
R_ID459,RA_ID632
R_ID459,RA_ID661
R_ID459,RA_ID775
R_ID460,RA_ID269
R_ID460,RA_ID303
R_ID460,RA_ID430
R_ID461,RA_ID238
R_ID461,RA_ID247
R_ID461,RA_ID292
R_ID461,RA_ID455
R_ID461,RA_ID467
R_ID461,RA_ID5
R_ID461,RA_ID599
R_ID462,RA_ID320
R_ID462,RA_ID505
R_ID462,RA_ID607
R_ID462,RA_ID737
R_ID463,RA_ID125
R_ID463,RA_ID14
R_ID463,RA_ID151
R_ID463,RA_ID304
R_ID463,RA_ID320
R_ID463,RA_ID465
R_ID463,RA_ID584
R_ID463,RA_ID61
R_ID465,RA_ID134
R_ID465,RA_ID572
R_ID466,RA_ID626
R_ID467,RA_ID207
R_ID467,RA_ID514
R_ID467,RA_ID574
R_ID468,RA_ID1
R_ID468,RA_ID293
R_ID468,RA_ID548
R_ID468,RA_ID729
R_ID468,RA_ID756
R_ID468,RA_ID90
R_ID469,RA_ID501
R_ID469,RA_ID601
R_ID469,RA_ID615
R_ID469,RA_ID79
R_ID470,RA_ID100
R_ID470,RA_ID13
R_ID470,RA_ID183
R_ID470,RA_ID295
R_ID470,RA_ID559
R_ID470,RA_ID627
R_ID470,RA_ID721
R_ID471,RA_ID180
R_ID471,RA_ID360
R_ID471,RA_ID391
R_ID471,RA_ID542
R_ID471,RA_ID573
R_ID471,RA_ID657
R_ID471,RA_ID773
R_ID472,RA_ID14
R_ID472,RA_ID258
R_ID472,RA_ID274
R_ID472,RA_ID382
R_ID472,RA_ID442
R_ID472,RA_ID587
R_ID472,RA_ID634
R_ID472,RA_ID75
R_ID473,RA_ID288
R_ID474,RA_ID468
R_ID475,RA_ID127
R_ID475,RA_ID449
R_ID475,RA_ID704
R_ID475,RA_ID784
R_ID476,RA_ID187
R_ID476,RA_ID224
R_ID476,RA_ID407
R_ID476,RA_ID452
R_ID476,RA_ID58
R_ID476,RA_ID617
R_ID476,RA_ID92
R_ID477,RA_ID164
R_ID477,RA_ID272
R_ID477,RA_ID387
R_ID477,RA_ID406
R_ID477,RA_ID646
R_ID478,RA_ID278
R_ID479,RA_ID552
R_ID480,RA_ID268
R_ID480,RA_ID404
R_ID480,RA_ID421
R_ID480,RA_ID664
R_ID480,RA_ID706
R_ID481,RA_ID48
R_ID481,RA_ID627
R_ID481,RA_ID719
R_ID482,RA_ID255
R_ID482,RA_ID39
R_ID482,RA_ID478
R_ID482,RA_ID551
R_ID482,RA_ID590
R_ID482,RA_ID6
R_ID483,RA_ID160
R_ID483,RA_ID380
R_ID483,RA_ID608
R_ID483,RA_ID774
R_ID484,RA_ID246
R_ID484,RA_ID348
R_ID484,RA_ID38
R_ID484,RA_ID434
R_ID484,RA_ID570
R_ID484,RA_ID99
R_ID485,RA_ID201
R_ID485,RA_ID485
R_ID485,RA_ID560
R_ID486,RA_ID592
R_ID486,RA_ID62
R_ID486,RA_ID744
R_ID487,RA_ID252
R_ID487,RA_ID328
R_ID487,RA_ID355
R_ID487,RA_ID544
R_ID488,RA_ID118
R_ID488,RA_ID283
R_ID488,RA_ID317
R_ID488,RA_ID324
R_ID488,RA_ID495
R_ID488,RA_ID539
R_ID489,RA_ID420
R_ID489,RA_ID552
R_ID489,RA_ID667
R_ID489,RA_ID756
R_ID490,RA_ID273
R_ID490,RA_ID443
R_ID490,RA_ID635
R_ID490,RA_ID730
R_ID490,RA_ID744
R_ID491,RA_ID160
R_ID491,RA_ID267
R_ID491,RA_ID5
R_ID491,RA_ID738
R_ID492,RA_ID252
R_ID492,RA_ID305
R_ID493,RA_ID247
R_ID493,RA_ID277
R_ID493,RA_ID332
R_ID493,RA_ID377
R_ID493,RA_ID528
R_ID493,RA_ID640
R_ID493,RA_ID79
R_ID494,RA_ID117
R_ID494,RA_ID210
R_ID494,RA_ID380
R_ID494,RA_ID416
R_ID494,RA_ID443
R_ID494,RA_ID729
R_ID494,RA_ID737
R_ID494,RA_ID750
R_ID495,RA_ID193
R_ID496,RA_ID105
R_ID496,RA_ID24
R_ID496,RA_ID294
R_ID496,RA_ID508
R_ID496,RA_ID70
R_ID496,RA_ID715
R_ID497,RA_ID257
R_ID497,RA_ID28
R_ID497,RA_ID543
R_ID497,RA_ID647
R_ID497,RA_ID82
R_ID499,RA_ID298
R_ID499,RA_ID401
R_ID499,RA_ID608
R_ID499,RA_ID614
R_ID499,RA_ID621
R_ID499,RA_ID641
R_ID499,RA_ID656
R_ID500,RA_ID122
R_ID500,RA_ID172
R_ID500,RA_ID440
R_ID500,RA_ID458
R_ID500,RA_ID483
R_ID500,RA_ID78
R_ID500,RA_ID90
R_ID502,RA_ID198
R_ID502,RA_ID390
R_ID502,RA_ID402
R_ID502,RA_ID535
R_ID502,RA_ID574
R_ID502,RA_ID59
R_ID502,RA_ID732
R_ID503,RA_ID195
R_ID503,RA_ID264
R_ID503,RA_ID311
R_ID503,RA_ID338
R_ID503,RA_ID420
R_ID503,RA_ID72
R_ID504,RA_ID168
R_ID504,RA_ID216
R_ID504,RA_ID218
R_ID504,RA_ID225
R_ID504,RA_ID28
R_ID504,RA_ID655
R_ID504,RA_ID708
R_ID504,RA_ID90
R_ID505,RA_ID418
R_ID505,RA_ID532
R_ID505,RA_ID617
R_ID506,RA_ID607
R_ID507,RA_ID307
R_ID507,RA_ID352
R_ID507,RA_ID405
R_ID507,RA_ID606
R_ID507,RA_ID743
R_ID507,RA_ID775
R_ID508,RA_ID347
R_ID509,RA_ID168
R_ID509,RA_ID223
R_ID509,RA_ID270
R_ID509,RA_ID372
R_ID509,RA_ID378
R_ID509,RA_ID543
R_ID509,RA_ID763
R_ID510,RA_ID307
R_ID510,RA_ID353
R_ID510,RA_ID359
R_ID510,RA_ID461
R_ID511,RA_ID352
R_ID511,RA_ID360
R_ID511,RA_ID442
R_ID511,RA_ID491
R_ID511,RA_ID52
R_ID511,RA_ID557
R_ID511,RA_ID659
R_ID511,RA_ID724
R_ID512,RA_ID389
R_ID512,RA_ID429
R_ID512,RA_ID725
R_ID512,RA_ID767
R_ID512,RA_ID778
R_ID512,RA_ID795
R_ID513,RA_ID18
R_ID513,RA_ID467
R_ID513,RA_ID623
R_ID513,RA_ID690
R_ID514,RA_ID128
R_ID514,RA_ID161
R_ID514,RA_ID318
R_ID514,RA_ID378
R_ID514,RA_ID55
R_ID514,RA_ID71
R_ID514,RA_ID741
R_ID515,RA_ID279
R_ID515,RA_ID562
R_ID515,RA_ID758
R_ID516,RA_ID156
R_ID516,RA_ID231
R_ID516,RA_ID425
R_ID516,RA_ID515
R_ID516,RA_ID697
R_ID516,RA_ID734
R_ID517,RA_ID185
R_ID517,RA_ID50
R_ID518,RA_ID14
R_ID518,RA_ID700
R_ID519,RA_ID124
R_ID519,RA_ID125
R_ID519,RA_ID358
R_ID519,RA_ID675
R_ID520,RA_ID143
R_ID520,RA_ID191
R_ID520,RA_ID322
R_ID520,RA_ID328
R_ID520,RA_ID669
R_ID520,RA_ID708
R_ID520,RA_ID709
R_ID521,RA_ID229
R_ID521,RA_ID340
R_ID521,RA_ID705
R_ID522,RA_ID145
R_ID522,RA_ID670
R_ID522,RA_ID789
R_ID523,RA_ID292
R_ID523,RA_ID399
R_ID523,RA_ID454
R_ID523,RA_ID528
R_ID523,RA_ID625
R_ID523,RA_ID644
R_ID523,RA_ID681
R_ID523,RA_ID699
R_ID524,RA_ID532
R_ID524,RA_ID560
R_ID524,RA_ID611
R_ID524,RA_ID81
R_ID525,RA_ID107
R_ID525,RA_ID175
R_ID525,RA_ID189
R_ID525,RA_ID287
R_ID525,RA_ID299
R_ID525,RA_ID372
R_ID525,RA_ID755
R_ID526,RA_ID137
R_ID526,RA_ID19
R_ID526,RA_ID272
R_ID526,RA_ID276
R_ID526,RA_ID371
R_ID526,RA_ID620
R_ID526,RA_ID639
R_ID526,RA_ID757
R_ID527,RA_ID205
R_ID527,RA_ID207
R_ID527,RA_ID262
R_ID527,RA_ID326
R_ID527,RA_ID493
R_ID527,RA_ID52
R_ID527,RA_ID546
R_ID527,RA_ID755
R_ID528,RA_ID160
R_ID528,RA_ID399
R_ID528,RA_ID63
R_ID528,RA_ID640
R_ID528,RA_ID664
R_ID529,RA_ID363
R_ID529,RA_ID91
R_ID530,RA_ID121
R_ID530,RA_ID182
R_ID530,RA_ID223
R_ID530,RA_ID362
R_ID530,RA_ID80
R_ID531,RA_ID12
R_ID531,RA_ID232
R_ID531,RA_ID400
R_ID531,RA_ID513
R_ID531,RA_ID531
R_ID531,RA_ID80
R_ID531,RA_ID81
R_ID532,RA_ID248
R_ID532,RA_ID281
R_ID532,RA_ID549
R_ID532,RA_ID82
R_ID533,RA_ID131
R_ID533,RA_ID362
R_ID533,RA_ID666
R_ID534,RA_ID108
R_ID534,RA_ID253
R_ID534,RA_ID796
R_ID536,RA_ID398
R_ID539,RA_ID129
R_ID539,RA_ID167
R_ID539,RA_ID759
R_ID539,RA_ID797
R_ID540,RA_ID502
R_ID540,RA_ID679
R_ID540,RA_ID751
R_ID541,RA_ID263
R_ID541,RA_ID371
R_ID541,RA_ID439
R_ID541,RA_ID678
R_ID541,RA_ID727
R_ID541,RA_ID753
R_ID542,RA_ID207
R_ID542,RA_ID209
R_ID542,RA_ID320
R_ID542,RA_ID368
R_ID542,RA_ID377
R_ID542,RA_ID543
R_ID542,RA_ID644
R_ID543,RA_ID133
R_ID543,RA_ID250
R_ID543,RA_ID505
R_ID543,RA_ID796
R_ID544,RA_ID73
R_ID544,RA_ID776
R_ID544,RA_ID784
R_ID545,RA_ID288
R_ID545,RA_ID331
R_ID545,RA_ID65
R_ID545,RA_ID721
R_ID546,RA_ID233
R_ID546,RA_ID258
R_ID546,RA_ID268
R_ID546,RA_ID433
R_ID546,RA_ID611
R_ID546,RA_ID634
R_ID546,RA_ID70
R_ID547,RA_ID211
R_ID547,RA_ID222
R_ID547,RA_ID726
R_ID548,RA_ID198
R_ID549,RA_ID115
R_ID549,RA_ID15
R_ID549,RA_ID348
R_ID549,RA_ID361
R_ID549,RA_ID523
R_ID549,RA_ID625
R_ID550,RA_ID213
R_ID550,RA_ID310
R_ID550,RA_ID352
R_ID550,RA_ID359
R_ID550,RA_ID405
R_ID550,RA_ID607
R_ID550,RA_ID694
R_ID551,RA_ID5
R_ID551,RA_ID577
R_ID551,RA_ID668
R_ID553,RA_ID161
R_ID553,RA_ID342
R_ID553,RA_ID743
R_ID553,RA_ID87
R_ID554,RA_ID144
R_ID555,RA_ID646
R_ID556,RA_ID315
R_ID556,RA_ID677
R_ID557,RA_ID182
R_ID557,RA_ID201
R_ID557,RA_ID233
R_ID557,RA_ID405
R_ID557,RA_ID483
R_ID557,RA_ID575
R_ID557,RA_ID778
R_ID558,RA_ID134
R_ID558,RA_ID155
R_ID558,RA_ID20
R_ID558,RA_ID244
R_ID558,RA_ID30
R_ID558,RA_ID415
R_ID558,RA_ID593
R_ID558,RA_ID716
R_ID560,RA_ID116
R_ID560,RA_ID398
R_ID561,RA_ID25
R_ID562,RA_ID118
R_ID562,RA_ID210
R_ID562,RA_ID322
R_ID562,RA_ID492
R_ID563,RA_ID276
R_ID563,RA_ID315
R_ID563,RA_ID505
R_ID563,RA_ID529
R_ID563,RA_ID614
R_ID563,RA_ID706
R_ID563,RA_ID746
R_ID564,RA_ID149
R_ID564,RA_ID306
R_ID564,RA_ID328
R_ID564,RA_ID504
R_ID564,RA_ID59
R_ID565,RA_ID101
R_ID565,RA_ID146
R_ID565,RA_ID41
R_ID565,RA_ID547
R_ID565,RA_ID600
R_ID566,RA_ID249
R_ID566,RA_ID298
R_ID566,RA_ID442
R_ID567,RA_ID32
R_ID567,RA_ID348
R_ID567,RA_ID615
R_ID567,RA_ID623
R_ID567,RA_ID642
R_ID567,RA_ID689
R_ID567,RA_ID797
R_ID568,RA_ID667
R_ID569,RA_ID146
R_ID569,RA_ID23
R_ID569,RA_ID317
R_ID569,RA_ID458
R_ID569,RA_ID596
R_ID569,RA_ID691
R_ID569,RA_ID790
R_ID570,RA_ID106
R_ID571,RA_ID342
R_ID571,RA_ID353
R_ID571,RA_ID601
R_ID571,RA_ID777
R_ID572,RA_ID1
R_ID572,RA_ID159
R_ID572,RA_ID394
R_ID572,RA_ID570
R_ID573,RA_ID108
R_ID573,RA_ID326
R_ID573,RA_ID588
R_ID573,RA_ID760
R_ID573,RA_ID91
R_ID574,RA_ID102
R_ID574,RA_ID130
R_ID574,RA_ID149
R_ID574,RA_ID251
R_ID574,RA_ID339
R_ID574,RA_ID640
R_ID575,RA_ID223
R_ID575,RA_ID368
R_ID575,RA_ID472
R_ID575,RA_ID681
R_ID576,RA_ID252
R_ID576,RA_ID342
R_ID576,RA_ID406
R_ID576,RA_ID787
R_ID577,RA_ID211
R_ID577,RA_ID551
R_ID577,RA_ID64
R_ID578,RA_ID235
R_ID578,RA_ID246
R_ID578,RA_ID288
R_ID578,RA_ID39
R_ID578,RA_ID64
R_ID578,RA_ID723
R_ID578,RA_ID770
R_ID578,RA_ID88
R_ID579,RA_ID423
R_ID579,RA_ID545
R_ID579,RA_ID559
R_ID579,RA_ID628
R_ID579,RA_ID654
R_ID579,RA_ID717
R_ID579,RA_ID744
R_ID580,RA_ID219
R_ID580,RA_ID24
R_ID580,RA_ID308
R_ID580,RA_ID320
R_ID580,RA_ID344
R_ID580,RA_ID35
R_ID580,RA_ID413
R_ID580,RA_ID615
R_ID581,RA_ID267
R_ID581,RA_ID325
R_ID581,RA_ID50
R_ID581,RA_ID505
R_ID581,RA_ID698
R_ID581,RA_ID98
R_ID582,RA_ID326
R_ID583,RA_ID134
R_ID583,RA_ID136
R_ID583,RA_ID181
R_ID583,RA_ID428
R_ID583,RA_ID675
R_ID583,RA_ID748
R_ID583,RA_ID94
R_ID584,RA_ID108
R_ID584,RA_ID249
R_ID584,RA_ID403
R_ID584,RA_ID404
R_ID584,RA_ID417
R_ID584,RA_ID455
R_ID584,RA_ID685
R_ID585,RA_ID48
R_ID585,RA_ID698
R_ID585,RA_ID796
R_ID588,RA_ID273
R_ID588,RA_ID378
R_ID588,RA_ID397
R_ID588,RA_ID637
R_ID588,RA_ID661
R_ID588,RA_ID797
R_ID589,RA_ID103
R_ID589,RA_ID220
R_ID589,RA_ID247
R_ID591,RA_ID108
R_ID591,RA_ID143
R_ID591,RA_ID50
R_ID591,RA_ID520
R_ID591,RA_ID688
R_ID592,RA_ID314
R_ID592,RA_ID39
R_ID592,RA_ID42
R_ID594,RA_ID341
R_ID594,RA_ID398
R_ID594,RA_ID482
R_ID594,RA_ID524
R_ID594,RA_ID592
R_ID594,RA_ID619
R_ID594,RA_ID718
R_ID594,RA_ID772
R_ID595,RA_ID305
R_ID595,RA_ID360
R_ID595,RA_ID714
R_ID596,RA_ID14
R_ID596,RA_ID24
R_ID596,RA_ID307
R_ID596,RA_ID363
R_ID596,RA_ID549
R_ID596,RA_ID55
R_ID596,RA_ID564
R_ID596,RA_ID97
R_ID598,RA_ID114
R_ID598,RA_ID334
R_ID598,RA_ID477
R_ID598,RA_ID518
R_ID598,RA_ID677
R_ID598,RA_ID789
R_ID598,RA_ID95
R_ID599,RA_ID228
R_ID599,RA_ID581
R_ID599,RA_ID745
R_ID600,RA_ID781
R_ID601,RA_ID326
R_ID601,RA_ID407
R_ID601,RA_ID430
R_ID601,RA_ID491
R_ID601,RA_ID549
R_ID601,RA_ID82
R_ID602,RA_ID615
R_ID602,RA_ID665
R_ID603,RA_ID24
R_ID603,RA_ID25
R_ID603,RA_ID26
R_ID603,RA_ID410
R_ID603,RA_ID485
R_ID603,RA_ID601
R_ID603,RA_ID614
R_ID603,RA_ID758
R_ID604,RA_ID204
R_ID604,RA_ID294
R_ID604,RA_ID550
R_ID604,RA_ID635
R_ID604,RA_ID721
R_ID604,RA_ID731
R_ID605,RA_ID134
R_ID605,RA_ID666
R_ID606,RA_ID238
R_ID606,RA_ID353
R_ID606,RA_ID539
R_ID606,RA_ID611
R_ID606,RA_ID621
R_ID606,RA_ID711
R_ID607,RA_ID629
R_ID607,RA_ID73
R_ID608,RA_ID542
R_ID608,RA_ID99
R_ID609,RA_ID458
R_ID609,RA_ID522
R_ID610,RA_ID264
R_ID610,RA_ID368
R_ID610,RA_ID530
R_ID610,RA_ID74
R_ID610,RA_ID749
R_ID610,RA_ID77
R_ID611,RA_ID260
R_ID611,RA_ID315
R_ID611,RA_ID621
R_ID611,RA_ID689
R_ID611,RA_ID720
R_ID612,RA_ID230
R_ID612,RA_ID423
R_ID612,RA_ID631
R_ID613,RA_ID176
R_ID614,RA_ID284
R_ID614,RA_ID48
R_ID614,RA_ID515
R_ID614,RA_ID568
R_ID614,RA_ID585
R_ID614,RA_ID67
R_ID616,RA_ID126
R_ID616,RA_ID282
R_ID616,RA_ID284
R_ID616,RA_ID440
R_ID616,RA_ID563
R_ID616,RA_ID679
R_ID616,RA_ID774
R_ID616,RA_ID795
R_ID617,RA_ID249
R_ID617,RA_ID504
R_ID617,RA_ID506
R_ID617,RA_ID93
R_ID619,RA_ID126
R_ID619,RA_ID317
R_ID619,RA_ID338
R_ID619,RA_ID343
R_ID619,RA_ID558
R_ID620,RA_ID210
R_ID620,RA_ID232
R_ID620,RA_ID391
R_ID620,RA_ID692
R_ID620,RA_ID93
R_ID621,RA_ID155
R_ID621,RA_ID170
R_ID621,RA_ID262
R_ID621,RA_ID295
R_ID621,RA_ID504
R_ID621,RA_ID607
R_ID621,RA_ID615
R_ID621,RA_ID8
R_ID622,RA_ID19
R_ID622,RA_ID191
R_ID622,RA_ID199
R_ID622,RA_ID279
R_ID622,RA_ID49
R_ID622,RA_ID97
R_ID623,RA_ID532
R_ID623,RA_ID609
R_ID623,RA_ID649
R_ID623,RA_ID659
R_ID623,RA_ID731
R_ID624,RA_ID110
R_ID624,RA_ID16
R_ID624,RA_ID514
R_ID624,RA_ID582
R_ID624,RA_ID599
R_ID624,RA_ID733
R_ID625,RA_ID146
R_ID625,RA_ID156
R_ID625,RA_ID174
R_ID625,RA_ID420
R_ID625,RA_ID489
R_ID625,RA_ID635
R_ID625,RA_ID637
R_ID626,RA_ID10
R_ID626,RA_ID227
R_ID626,RA_ID414
R_ID626,RA_ID46
R_ID626,RA_ID525
R_ID626,RA_ID767
R_ID626,RA_ID781
R_ID626,RA_ID93
R_ID627,RA_ID263
R_ID627,RA_ID290
R_ID627,RA_ID348
R_ID627,RA_ID476
R_ID627,RA_ID492
R_ID627,RA_ID58
R_ID627,RA_ID59
R_ID627,RA_ID771
R_ID628,RA_ID512
R_ID629,RA_ID126
R_ID629,RA_ID220
R_ID629,RA_ID323
R_ID629,RA_ID397
R_ID629,RA_ID500
R_ID629,RA_ID774
R_ID630,RA_ID202
R_ID630,RA_ID96
R_ID631,RA_ID166
R_ID631,RA_ID400
R_ID631,RA_ID401
R_ID631,RA_ID430
R_ID631,RA_ID580
R_ID631,RA_ID586
R_ID631,RA_ID599
R_ID631,RA_ID695
R_ID632,RA_ID23
R_ID632,RA_ID333
R_ID632,RA_ID446
R_ID632,RA_ID455
R_ID632,RA_ID593
R_ID633,RA_ID223
R_ID633,RA_ID337
R_ID633,RA_ID400
R_ID633,RA_ID502
R_ID633,RA_ID598
R_ID633,RA_ID698
R_ID633,RA_ID726
R_ID634,RA_ID182
R_ID634,RA_ID339
R_ID634,RA_ID568
R_ID634,RA_ID650
R_ID634,RA_ID780
R_ID635,RA_ID133
R_ID635,RA_ID339
R_ID635,RA_ID462
R_ID635,RA_ID542
R_ID635,RA_ID709
R_ID636,RA_ID272
R_ID636,RA_ID529
R_ID636,RA_ID573
R_ID636,RA_ID791
R_ID637,RA_ID17
R_ID637,RA_ID346
R_ID637,RA_ID423
R_ID637,RA_ID448
R_ID637,RA_ID510
R_ID638,RA_ID105
R_ID638,RA_ID318
R_ID638,RA_ID389
R_ID638,RA_ID434
R_ID639,RA_ID120
R_ID639,RA_ID378
R_ID639,RA_ID407
R_ID640,RA_ID24
R_ID640,RA_ID343
R_ID640,RA_ID4
R_ID640,RA_ID446
R_ID641,RA_ID119
R_ID641,RA_ID158
R_ID641,RA_ID357
R_ID641,RA_ID551
R_ID641,RA_ID578
R_ID641,RA_ID734
R_ID641,RA_ID796
R_ID642,RA_ID194
R_ID642,RA_ID270
R_ID642,RA_ID30
R_ID642,RA_ID468
R_ID642,RA_ID589
R_ID642,RA_ID70
R_ID642,RA_ID73
R_ID642,RA_ID794
R_ID643,RA_ID194
R_ID643,RA_ID349
R_ID643,RA_ID481
R_ID643,RA_ID732
R_ID643,RA_ID75
R_ID644,RA_ID293
R_ID644,RA_ID314
R_ID644,RA_ID361
R_ID644,RA_ID501
R_ID644,RA_ID503
R_ID644,RA_ID520
R_ID644,RA_ID526
R_ID644,RA_ID96
R_ID645,RA_ID173
R_ID645,RA_ID231
R_ID645,RA_ID295
R_ID645,RA_ID34
R_ID645,RA_ID556
R_ID645,RA_ID583
R_ID645,RA_ID629
R_ID646,RA_ID264
R_ID646,RA_ID298
R_ID646,RA_ID555
R_ID647,RA_ID129
R_ID647,RA_ID242
R_ID647,RA_ID427
R_ID647,RA_ID500
R_ID647,RA_ID638
R_ID647,RA_ID720
R_ID647,RA_ID783
R_ID648,RA_ID131
R_ID648,RA_ID452
R_ID648,RA_ID456
R_ID648,RA_ID464
R_ID648,RA_ID473
R_ID648,RA_ID667
R_ID648,RA_ID75
R_ID648,RA_ID784
R_ID649,RA_ID146
R_ID649,RA_ID172
R_ID649,RA_ID184
R_ID649,RA_ID260
R_ID649,RA_ID391
R_ID649,RA_ID502
R_ID649,RA_ID532
R_ID649,RA_ID554
R_ID650,RA_ID194
R_ID650,RA_ID215
R_ID650,RA_ID446
R_ID650,RA_ID686
R_ID651,RA_ID167
R_ID652,RA_ID178
R_ID652,RA_ID434
R_ID652,RA_ID440
R_ID652,RA_ID500
R_ID652,RA_ID552
R_ID652,RA_ID568
R_ID652,RA_ID572
R_ID653,RA_ID177
R_ID653,RA_ID543
R_ID653,RA_ID609
R_ID655,RA_ID123
R_ID655,RA_ID124
R_ID655,RA_ID163
R_ID655,RA_ID199
R_ID655,RA_ID293
R_ID655,RA_ID331
R_ID655,RA_ID349
R_ID655,RA_ID587
R_ID656,RA_ID106
R_ID656,RA_ID171
R_ID656,RA_ID176
R_ID656,RA_ID222
R_ID656,RA_ID38
R_ID656,RA_ID506
R_ID656,RA_ID8
R_ID657,RA_ID123
R_ID657,RA_ID273
R_ID657,RA_ID287
R_ID657,RA_ID368
R_ID657,RA_ID569
R_ID657,RA_ID6
R_ID657,RA_ID737
R_ID657,RA_ID81
R_ID658,RA_ID283
R_ID658,RA_ID481
R_ID658,RA_ID733
R_ID659,RA_ID163
R_ID659,RA_ID172
R_ID659,RA_ID276
R_ID659,RA_ID341
R_ID659,RA_ID552
R_ID659,RA_ID593
R_ID659,RA_ID99
R_ID660,RA_ID200
R_ID660,RA_ID293
R_ID660,RA_ID294
R_ID660,RA_ID506
R_ID660,RA_ID540
R_ID660,RA_ID70
R_ID661,RA_ID557
R_ID662,RA_ID103
R_ID662,RA_ID172
R_ID662,RA_ID286
R_ID662,RA_ID397
R_ID662,RA_ID43
R_ID662,RA_ID470
R_ID662,RA_ID784
R_ID663,RA_ID105
R_ID663,RA_ID17
R_ID663,RA_ID236
R_ID663,RA_ID722
R_ID663,RA_ID86
R_ID663,RA_ID96
R_ID664,RA_ID124
R_ID664,RA_ID365
R_ID664,RA_ID401
R_ID664,RA_ID437
R_ID664,RA_ID58
R_ID664,RA_ID637
R_ID664,RA_ID688
R_ID664,RA_ID800
R_ID665,RA_ID221
R_ID665,RA_ID712
R_ID666,RA_ID178
R_ID666,RA_ID243
R_ID666,RA_ID307
R_ID666,RA_ID373
R_ID666,RA_ID545
R_ID666,RA_ID67
R_ID666,RA_ID695
R_ID668,RA_ID107
R_ID668,RA_ID303
R_ID668,RA_ID366
R_ID668,RA_ID406
R_ID668,RA_ID463
R_ID668,RA_ID476
R_ID668,RA_ID521
R_ID668,RA_ID777
R_ID669,RA_ID276
R_ID670,RA_ID192
R_ID670,RA_ID342
R_ID670,RA_ID51
R_ID671,RA_ID129
R_ID671,RA_ID262
R_ID671,RA_ID664
R_ID671,RA_ID781
R_ID671,RA_ID8
R_ID673,RA_ID108
R_ID673,RA_ID376
R_ID673,RA_ID41
R_ID673,RA_ID484
R_ID673,RA_ID574
R_ID673,RA_ID701
R_ID673,RA_ID704
R_ID673,RA_ID765
R_ID674,RA_ID10
R_ID674,RA_ID347
R_ID674,RA_ID510
R_ID674,RA_ID63
R_ID674,RA_ID727
R_ID675,RA_ID101
R_ID675,RA_ID126
R_ID675,RA_ID25
R_ID675,RA_ID32
R_ID675,RA_ID594
R_ID676,RA_ID254
R_ID676,RA_ID597
R_ID677,RA_ID14
R_ID677,RA_ID200
R_ID677,RA_ID369
R_ID677,RA_ID385
R_ID677,RA_ID42
R_ID677,RA_ID441
R_ID677,RA_ID468
R_ID678,RA_ID11
R_ID678,RA_ID684
R_ID679,RA_ID177
R_ID679,RA_ID359
R_ID679,RA_ID544
R_ID679,RA_ID574
R_ID679,RA_ID637
R_ID679,RA_ID654
R_ID679,RA_ID723
R_ID680,RA_ID492
R_ID680,RA_ID511
R_ID680,RA_ID596
R_ID680,RA_ID617
R_ID680,RA_ID89
R_ID682,RA_ID101
R_ID682,RA_ID429
R_ID682,RA_ID44
R_ID682,RA_ID458
R_ID682,RA_ID561
R_ID683,RA_ID206
R_ID683,RA_ID287
R_ID683,RA_ID534
R_ID683,RA_ID716
R_ID684,RA_ID244
R_ID684,RA_ID408
R_ID684,RA_ID663
R_ID684,RA_ID783
R_ID685,RA_ID195
R_ID685,RA_ID675
R_ID685,RA_ID718
R_ID685,RA_ID746
R_ID686,RA_ID271
R_ID686,RA_ID394
R_ID686,RA_ID551
R_ID686,RA_ID582
R_ID687,RA_ID365
R_ID687,RA_ID375
R_ID687,RA_ID480
R_ID687,RA_ID627
R_ID687,RA_ID642
R_ID687,RA_ID743
R_ID687,RA_ID767
R_ID687,RA_ID771
R_ID688,RA_ID17
R_ID688,RA_ID294
R_ID688,RA_ID307
R_ID688,RA_ID362
R_ID688,RA_ID402
R_ID688,RA_ID482
R_ID688,RA_ID62
R_ID688,RA_ID705
R_ID689,RA_ID277
R_ID689,RA_ID347
R_ID689,RA_ID68
R_ID689,RA_ID70
R_ID690,RA_ID252
R_ID690,RA_ID290
R_ID691,RA_ID378
R_ID691,RA_ID552
R_ID691,RA_ID590
R_ID691,RA_ID599
R_ID691,RA_ID737
R_ID691,RA_ID780
R_ID692,RA_ID630
R_ID692,RA_ID673
R_ID692,RA_ID702
R_ID692,RA_ID98
R_ID693,RA_ID108
R_ID693,RA_ID253
R_ID693,RA_ID284
R_ID693,RA_ID562
R_ID693,RA_ID573
R_ID693,RA_ID741
R_ID693,RA_ID79
R_ID694,RA_ID19
R_ID694,RA_ID370
R_ID694,RA_ID484
R_ID694,RA_ID741
R_ID695,RA_ID18
R_ID695,RA_ID202
R_ID695,RA_ID382
R_ID695,RA_ID42
R_ID695,RA_ID460
R_ID695,RA_ID621
R_ID696,RA_ID232
R_ID696,RA_ID315
R_ID696,RA_ID584
R_ID696,RA_ID593
R_ID697,RA_ID109
R_ID697,RA_ID121
R_ID697,RA_ID26
R_ID697,RA_ID484
R_ID698,RA_ID294
R_ID698,RA_ID35
R_ID698,RA_ID444
R_ID698,RA_ID615
R_ID698,RA_ID66
R_ID699,RA_ID202
R_ID699,RA_ID432
R_ID699,RA_ID580
R_ID699,RA_ID598
R_ID699,RA_ID603
R_ID699,RA_ID644
R_ID699,RA_ID744
R_ID699,RA_ID753
R_ID700,RA_ID228
R_ID700,RA_ID268
R_ID700,RA_ID296
R_ID700,RA_ID477
R_ID700,RA_ID496
R_ID700,RA_ID617
R_ID701,RA_ID143
R_ID701,RA_ID463
R_ID701,RA_ID489
R_ID701,RA_ID519
R_ID701,RA_ID536
R_ID701,RA_ID740
R_ID701,RA_ID90
R_ID702,RA_ID136
R_ID702,RA_ID235
R_ID702,RA_ID328
R_ID702,RA_ID343
R_ID702,RA_ID370
R_ID702,RA_ID442
R_ID702,RA_ID539
R_ID703,RA_ID107
R_ID703,RA_ID174
R_ID703,RA_ID309
R_ID703,RA_ID331
R_ID703,RA_ID426
R_ID703,RA_ID458
R_ID703,RA_ID697
R_ID704,RA_ID198
R_ID704,RA_ID305
R_ID704,RA_ID793
R_ID705,RA_ID107
R_ID705,RA_ID141
R_ID705,RA_ID177
R_ID705,RA_ID637
R_ID705,RA_ID648
R_ID705,RA_ID690
R_ID705,RA_ID777
R_ID706,RA_ID159
R_ID706,RA_ID394
R_ID706,RA_ID467
R_ID706,RA_ID587
R_ID706,RA_ID65
R_ID706,RA_ID658
R_ID706,RA_ID752
R_ID707,RA_ID144
R_ID707,RA_ID29
R_ID707,RA_ID375
R_ID707,RA_ID440
R_ID707,RA_ID696
R_ID708,RA_ID124
R_ID708,RA_ID483
R_ID708,RA_ID676
R_ID708,RA_ID743
R_ID708,RA_ID786
R_ID708,RA_ID790
R_ID709,RA_ID245
R_ID709,RA_ID280
R_ID709,RA_ID305
R_ID709,RA_ID356
R_ID709,RA_ID44
R_ID709,RA_ID518
R_ID709,RA_ID577
R_ID709,RA_ID606
R_ID710,RA_ID114
R_ID710,RA_ID168
R_ID710,RA_ID227
R_ID710,RA_ID269
R_ID710,RA_ID55
R_ID710,RA_ID616
R_ID710,RA_ID624
R_ID711,RA_ID128
R_ID711,RA_ID138
R_ID711,RA_ID283
R_ID711,RA_ID691
R_ID713,RA_ID280
R_ID713,RA_ID423
R_ID713,RA_ID449
R_ID713,RA_ID534
R_ID713,RA_ID538
R_ID713,RA_ID599
R_ID713,RA_ID678
R_ID713,RA_ID680
R_ID714,RA_ID667
R_ID715,RA_ID325
R_ID715,RA_ID394
R_ID715,RA_ID559
R_ID715,RA_ID560
R_ID715,RA_ID656
R_ID715,RA_ID721
R_ID715,RA_ID756
R_ID715,RA_ID782
R_ID716,RA_ID164
R_ID716,RA_ID513
R_ID716,RA_ID620
R_ID717,RA_ID209
R_ID717,RA_ID739
R_ID718,RA_ID171
R_ID718,RA_ID206
R_ID718,RA_ID618
R_ID718,RA_ID634
R_ID718,RA_ID663
R_ID718,RA_ID800
R_ID719,RA_ID259
R_ID719,RA_ID349
R_ID719,RA_ID401
R_ID719,RA_ID650
R_ID720,RA_ID135
R_ID720,RA_ID525
R_ID720,RA_ID723
R_ID721,RA_ID226
R_ID721,RA_ID338
R_ID721,RA_ID472
R_ID721,RA_ID577
R_ID721,RA_ID612
R_ID721,RA_ID636
R_ID721,RA_ID669
R_ID722,RA_ID299
R_ID722,RA_ID417
R_ID722,RA_ID602
R_ID722,RA_ID639
R_ID723,RA_ID156
R_ID723,RA_ID215
R_ID723,RA_ID443
R_ID723,RA_ID483
R_ID723,RA_ID510
R_ID723,RA_ID53
R_ID723,RA_ID733
R_ID724,RA_ID274
R_ID724,RA_ID521
R_ID725,RA_ID285
R_ID725,RA_ID556
R_ID725,RA_ID760
R_ID726,RA_ID28
R_ID726,RA_ID309
R_ID726,RA_ID659
R_ID726,RA_ID746
R_ID727,RA_ID382
R_ID727,RA_ID552
R_ID728,RA_ID190
R_ID728,RA_ID223
R_ID728,RA_ID317
R_ID728,RA_ID335
R_ID728,RA_ID371
R_ID728,RA_ID417
R_ID728,RA_ID505
R_ID728,RA_ID510
R_ID729,RA_ID250
R_ID729,RA_ID367
R_ID729,RA_ID372
R_ID729,RA_ID569
R_ID729,RA_ID631
R_ID729,RA_ID773
R_ID730,RA_ID666
R_ID731,RA_ID200
R_ID731,RA_ID508
R_ID731,RA_ID617
R_ID731,RA_ID648
R_ID731,RA_ID746
R_ID732,RA_ID124
R_ID732,RA_ID204
R_ID732,RA_ID5
R_ID732,RA_ID507
R_ID732,RA_ID542
R_ID732,RA_ID618
R_ID732,RA_ID707
R_ID733,RA_ID218
R_ID733,RA_ID252
R_ID733,RA_ID332
R_ID733,RA_ID356
R_ID733,RA_ID397
R_ID733,RA_ID554
R_ID733,RA_ID579
R_ID733,RA_ID748
R_ID734,RA_ID156
R_ID734,RA_ID321
R_ID734,RA_ID325
R_ID734,RA_ID656
R_ID735,RA_ID190
R_ID735,RA_ID501
R_ID735,RA_ID609
R_ID736,RA_ID107
R_ID736,RA_ID136
R_ID736,RA_ID186
R_ID736,RA_ID30
R_ID736,RA_ID307
R_ID736,RA_ID419
R_ID736,RA_ID793
R_ID737,RA_ID569
R_ID738,RA_ID12
R_ID738,RA_ID133
R_ID738,RA_ID145
R_ID738,RA_ID168
R_ID738,RA_ID329
R_ID738,RA_ID408
R_ID738,RA_ID473
R_ID738,RA_ID624
R_ID739,RA_ID232
R_ID739,RA_ID252
R_ID739,RA_ID497
R_ID739,RA_ID533
R_ID740,RA_ID252
R_ID740,RA_ID373
R_ID740,RA_ID394
R_ID740,RA_ID442
R_ID740,RA_ID476
R_ID740,RA_ID751
R_ID741,RA_ID390
R_ID741,RA_ID441
R_ID741,RA_ID566
R_ID741,RA_ID747
R_ID741,RA_ID84
R_ID742,RA_ID19
R_ID742,RA_ID485
R_ID742,RA_ID570
R_ID743,RA_ID175
R_ID743,RA_ID18
R_ID743,RA_ID379
R_ID743,RA_ID528
R_ID743,RA_ID643
R_ID744,RA_ID110
R_ID744,RA_ID186
R_ID744,RA_ID227
R_ID744,RA_ID450
R_ID744,RA_ID523
R_ID744,RA_ID638
R_ID744,RA_ID646
R_ID744,RA_ID87
R_ID745,RA_ID615
R_ID746,RA_ID491
R_ID746,RA_ID587
R_ID746,RA_ID73
R_ID747,RA_ID117
R_ID747,RA_ID124
R_ID747,RA_ID131
R_ID747,RA_ID187
R_ID747,RA_ID297
R_ID747,RA_ID537
R_ID747,RA_ID61
R_ID747,RA_ID691
R_ID748,RA_ID555
R_ID748,RA_ID583
R_ID749,RA_ID142
R_ID749,RA_ID324
R_ID749,RA_ID647
R_ID749,RA_ID67
R_ID750,RA_ID119
R_ID750,RA_ID230
R_ID750,RA_ID257
R_ID750,RA_ID403
R_ID750,RA_ID459
R_ID750,RA_ID476
R_ID750,RA_ID71
R_ID751,RA_ID286
R_ID751,RA_ID37
R_ID751,RA_ID547
R_ID751,RA_ID603
R_ID751,RA_ID767
R_ID751,RA_ID770
R_ID751,RA_ID81
R_ID752,RA_ID281
R_ID752,RA_ID554
R_ID752,RA_ID733
R_ID752,RA_ID749
R_ID753,RA_ID134
R_ID753,RA_ID27
R_ID753,RA_ID335
R_ID753,RA_ID554
R_ID753,RA_ID58
R_ID753,RA_ID660
R_ID753,RA_ID97
R_ID754,RA_ID320
R_ID754,RA_ID407
R_ID754,RA_ID631
R_ID754,RA_ID664
R_ID754,RA_ID95
R_ID755,RA_ID291
R_ID755,RA_ID332
R_ID755,RA_ID437
R_ID755,RA_ID734
R_ID756,RA_ID283
R_ID756,RA_ID770
R_ID757,RA_ID343
R_ID757,RA_ID9
R_ID758,RA_ID299
R_ID758,RA_ID368
R_ID758,RA_ID525
R_ID759,RA_ID108
R_ID759,RA_ID185
R_ID759,RA_ID2
R_ID759,RA_ID498
R_ID759,RA_ID582
R_ID759,RA_ID716
R_ID760,RA_ID382
R_ID760,RA_ID700
R_ID761,RA_ID562
R_ID761,RA_ID646
R_ID761,RA_ID678
R_ID762,RA_ID309
R_ID762,RA_ID321
R_ID762,RA_ID390
R_ID762,RA_ID454
R_ID762,RA_ID519
R_ID762,RA_ID553
R_ID762,RA_ID654
R_ID763,RA_ID174
R_ID763,RA_ID458
R_ID763,RA_ID497
R_ID763,RA_ID780
R_ID764,RA_ID243
R_ID764,RA_ID35
R_ID764,RA_ID363
R_ID764,RA_ID465
R_ID764,RA_ID543
R_ID764,RA_ID63
R_ID764,RA_ID639
R_ID765,RA_ID114
R_ID765,RA_ID407
R_ID765,RA_ID442
R_ID765,RA_ID511
R_ID765,RA_ID533
R_ID765,RA_ID608
R_ID765,RA_ID753
R_ID765,RA_ID95
R_ID767,RA_ID234
R_ID767,RA_ID387
R_ID767,RA_ID468
R_ID767,RA_ID598
R_ID768,RA_ID114
R_ID768,RA_ID456
R_ID768,RA_ID506
R_ID769,RA_ID150
R_ID769,RA_ID498
R_ID769,RA_ID683
R_ID769,RA_ID796
R_ID770,RA_ID692
R_ID771,RA_ID265
R_ID771,RA_ID291
R_ID771,RA_ID377
R_ID771,RA_ID566
R_ID771,RA_ID630
R_ID771,RA_ID650
R_ID771,RA_ID76
R_ID772,RA_ID127
R_ID772,RA_ID364
R_ID772,RA_ID494
R_ID772,RA_ID84
R_ID773,RA_ID137
R_ID773,RA_ID16
R_ID773,RA_ID183
R_ID773,RA_ID319
R_ID773,RA_ID44
R_ID773,RA_ID591
R_ID773,RA_ID674
R_ID773,RA_ID713
R_ID774,RA_ID229
R_ID774,RA_ID528
R_ID774,RA_ID550
R_ID774,RA_ID626
R_ID774,RA_ID64
R_ID774,RA_ID682
R_ID774,RA_ID753
R_ID775,RA_ID143
R_ID775,RA_ID150
R_ID775,RA_ID191
R_ID775,RA_ID242
R_ID775,RA_ID780
R_ID776,RA_ID402
R_ID776,RA_ID473
R_ID776,RA_ID512
R_ID776,RA_ID523
R_ID776,RA_ID623
R_ID776,RA_ID708
R_ID777,RA_ID124
R_ID777,RA_ID148
R_ID777,RA_ID257
R_ID777,RA_ID333
R_ID777,RA_ID597
R_ID777,RA_ID667
R_ID777,RA_ID706
R_ID777,RA_ID73
R_ID778,RA_ID485
R_ID778,RA_ID536
R_ID778,RA_ID561
R_ID778,RA_ID617
R_ID778,RA_ID653
R_ID778,RA_ID767
R_ID778,RA_ID77
R_ID779,RA_ID113
R_ID779,RA_ID2
R_ID779,RA_ID363
R_ID779,RA_ID540
R_ID779,RA_ID706
R_ID779,RA_ID790
R_ID780,RA_ID179
R_ID780,RA_ID230
R_ID780,RA_ID419
R_ID780,RA_ID560
R_ID780,RA_ID596
R_ID781,RA_ID118
R_ID781,RA_ID322
R_ID781,RA_ID395
R_ID781,RA_ID536
R_ID781,RA_ID660
R_ID782,RA_ID361
R_ID782,RA_ID366
R_ID782,RA_ID564
R_ID782,RA_ID675
R_ID783,RA_ID159
R_ID783,RA_ID225
R_ID783,RA_ID265
R_ID783,RA_ID676
R_ID783,RA_ID688
R_ID783,RA_ID757
R_ID784,RA_ID103
R_ID784,RA_ID158
R_ID784,RA_ID171
R_ID784,RA_ID18
R_ID784,RA_ID321
R_ID784,RA_ID82
R_ID784,RA_ID86
R_ID785,RA_ID10
R_ID785,RA_ID26
R_ID785,RA_ID463
R_ID785,RA_ID565
R_ID785,RA_ID616
R_ID785,RA_ID737
R_ID785,RA_ID778
R_ID787,RA_ID178
R_ID787,RA_ID243
R_ID787,RA_ID264
R_ID787,RA_ID385
R_ID787,RA_ID440
R_ID788,RA_ID153
R_ID788,RA_ID347
R_ID788,RA_ID373
R_ID788,RA_ID383
R_ID788,RA_ID483
R_ID788,RA_ID535
R_ID788,RA_ID537
R_ID788,RA_ID681
R_ID789,RA_ID468
R_ID789,RA_ID573
R_ID790,RA_ID248
R_ID790,RA_ID276
R_ID790,RA_ID309
R_ID790,RA_ID32
R_ID790,RA_ID367
R_ID790,RA_ID597
R_ID790,RA_ID760
R_ID791,RA_ID1
R_ID791,RA_ID16
R_ID791,RA_ID243
R_ID791,RA_ID388
R_ID791,RA_ID415
R_ID791,RA_ID463
R_ID791,RA_ID495
R_ID791,RA_ID738
R_ID792,RA_ID439
R_ID792,RA_ID573
R_ID792,RA_ID598
R_ID792,RA_ID621
R_ID792,RA_ID655
R_ID793,RA_ID170
R_ID793,RA_ID355
R_ID793,RA_ID487
R_ID793,RA_ID498
R_ID793,RA_ID500
R_ID793,RA_ID596
R_ID793,RA_ID712
R_ID795,RA_ID222
R_ID795,RA_ID345
R_ID795,RA_ID396
R_ID795,RA_ID533
R_ID795,RA_ID610
R_ID795,RA_ID701
R_ID795,RA_ID729
R_ID795,RA_ID787
R_ID796,RA_ID29
R_ID796,RA_ID423
R_ID796,RA_ID603
R_ID796,RA_ID604
R_ID796,RA_ID636
R_ID796,RA_ID665
R_ID796,RA_ID67
R_ID796,RA_ID92
R_ID797,RA_ID207
R_ID797,RA_ID536
R_ID797,RA_ID667
R_ID797,RA_ID759
R_ID798,RA_ID164
R_ID798,RA_ID227
R_ID798,RA_ID415
R_ID798,RA_ID747
R_ID799,RA_ID674
R_ID799,RA_ID725
R_ID799,RA_ID792
R_ID800,RA_ID149
R_ID800,RA_ID593
R_ID800,RA_ID649
R_ID800,RA_ID741
R_ID801,RA_ID131
R_ID801,RA_ID245
R_ID801,RA_ID318
R_ID801,RA_ID463
R_ID801,RA_ID509
R_ID802,RA_ID116
R_ID802,RA_ID167
R_ID802,RA_ID243
R_ID802,RA_ID314
R_ID802,RA_ID320
R_ID802,RA_ID636
R_ID802,RA_ID694
R_ID803,RA_ID289
R_ID803,RA_ID396
R_ID805,RA_ID140
R_ID805,RA_ID251
R_ID805,RA_ID282
R_ID805,RA_ID292
R_ID805,RA_ID316
R_ID805,RA_ID513
R_ID805,RA_ID665
R_ID805,RA_ID761
R_ID806,RA_ID124
R_ID806,RA_ID161
R_ID806,RA_ID200
R_ID806,RA_ID267
R_ID806,RA_ID590
R_ID806,RA_ID751
R_ID806,RA_ID89
R_ID807,RA_ID300
R_ID807,RA_ID326
R_ID807,RA_ID409
R_ID807,RA_ID534
R_ID808,RA_ID238
R_ID808,RA_ID395
R_ID808,RA_ID481
R_ID809,RA_ID530
R_ID809,RA_ID605
R_ID809,RA_ID66
R_ID809,RA_ID735
R_ID809,RA_ID744
R_ID809,RA_ID794
R_ID810,RA_ID118
R_ID810,RA_ID240
R_ID810,RA_ID332
R_ID810,RA_ID419
R_ID810,RA_ID434
R_ID810,RA_ID47
R_ID810,RA_ID587
R_ID810,RA_ID776
R_ID811,RA_ID463
R_ID811,RA_ID492
R_ID811,RA_ID512
R_ID812,RA_ID221
R_ID812,RA_ID254
R_ID812,RA_ID540
R_ID812,RA_ID644
R_ID812,RA_ID667
R_ID812,RA_ID703
R_ID812,RA_ID743
R_ID813,RA_ID359
R_ID813,RA_ID700
R_ID813,RA_ID779
R_ID814,RA_ID232
R_ID814,RA_ID235
R_ID814,RA_ID320
R_ID814,RA_ID323
R_ID814,RA_ID40
R_ID814,RA_ID758
R_ID815,RA_ID185
R_ID815,RA_ID309
R_ID815,RA_ID773
R_ID815,RA_ID787
R_ID816,RA_ID11
R_ID816,RA_ID181
R_ID816,RA_ID29
R_ID816,RA_ID396
R_ID816,RA_ID495
R_ID816,RA_ID566
R_ID816,RA_ID64
R_ID816,RA_ID696
R_ID817,RA_ID320
R_ID818,RA_ID337
R_ID818,RA_ID524
R_ID818,RA_ID642
R_ID819,RA_ID159
R_ID819,RA_ID252
R_ID819,RA_ID26
R_ID819,RA_ID261
R_ID819,RA_ID356
R_ID819,RA_ID56
R_ID819,RA_ID72
R_ID819,RA_ID744
R_ID820,RA_ID555
R_ID820,RA_ID672
R_ID820,RA_ID740
R_ID821,RA_ID104
R_ID821,RA_ID11
R_ID821,RA_ID223
R_ID821,RA_ID533
R_ID821,RA_ID540
R_ID822,RA_ID188
R_ID822,RA_ID424
R_ID822,RA_ID464
R_ID822,RA_ID619
R_ID822,RA_ID700
R_ID822,RA_ID72
R_ID823,RA_ID214
R_ID823,RA_ID289
R_ID823,RA_ID42
R_ID823,RA_ID59
R_ID823,RA_ID595
R_ID823,RA_ID598
R_ID823,RA_ID650
R_ID823,RA_ID748
R_ID824,RA_ID324
R_ID824,RA_ID608
R_ID825,RA_ID120
R_ID825,RA_ID238
R_ID825,RA_ID274
R_ID825,RA_ID378
R_ID825,RA_ID415
R_ID825,RA_ID436
R_ID825,RA_ID668
R_ID825,RA_ID761
R_ID826,RA_ID125
R_ID826,RA_ID134
R_ID826,RA_ID465
R_ID826,RA_ID718
R_ID829,RA_ID395
R_ID829,RA_ID445
R_ID829,RA_ID528
R_ID829,RA_ID65
R_ID829,RA_ID652
R_ID829,RA_ID729
R_ID829,RA_ID796
R_ID830,RA_ID477
R_ID831,RA_ID10
R_ID831,RA_ID14
R_ID831,RA_ID140
R_ID831,RA_ID142
R_ID831,RA_ID226
R_ID831,RA_ID26
R_ID831,RA_ID652
R_ID831,RA_ID760
R_ID832,RA_ID1
R_ID832,RA_ID13
R_ID832,RA_ID210
R_ID832,RA_ID226
R_ID832,RA_ID324
R_ID832,RA_ID475
R_ID832,RA_ID514
R_ID832,RA_ID543
R_ID833,RA_ID209
R_ID833,RA_ID305
R_ID833,RA_ID661
R_ID833,RA_ID687
R_ID834,RA_ID107
R_ID834,RA_ID303
R_ID834,RA_ID571
R_ID834,RA_ID686
R_ID834,RA_ID690
R_ID834,RA_ID730
R_ID834,RA_ID76
R_ID834,RA_ID771
R_ID835,RA_ID153
R_ID835,RA_ID213
R_ID835,RA_ID282
R_ID835,RA_ID312
R_ID835,RA_ID781
R_ID836,RA_ID137
R_ID836,RA_ID14
R_ID836,RA_ID3
R_ID836,RA_ID456
R_ID836,RA_ID521
R_ID836,RA_ID525
R_ID837,RA_ID29
R_ID837,RA_ID412
R_ID837,RA_ID433
R_ID837,RA_ID490
R_ID837,RA_ID540
R_ID837,RA_ID59
R_ID838,RA_ID347
R_ID838,RA_ID366
R_ID838,RA_ID469
R_ID838,RA_ID5
R_ID838,RA_ID60
R_ID838,RA_ID600
R_ID838,RA_ID706
R_ID838,RA_ID794
R_ID839,RA_ID9
R_ID840,RA_ID265
R_ID840,RA_ID309
R_ID840,RA_ID616
R_ID840,RA_ID626
R_ID840,RA_ID698
R_ID840,RA_ID699
R_ID841,RA_ID170
R_ID841,RA_ID492
R_ID841,RA_ID600
R_ID841,RA_ID655
R_ID841,RA_ID74
R_ID842,RA_ID274
R_ID842,RA_ID48
R_ID842,RA_ID702
R_ID842,RA_ID709
R_ID842,RA_ID719
R_ID842,RA_ID792
R_ID843,RA_ID190
R_ID843,RA_ID211
R_ID843,RA_ID304
R_ID843,RA_ID306
R_ID843,RA_ID342
R_ID843,RA_ID602
R_ID843,RA_ID745
R_ID844,RA_ID115
R_ID844,RA_ID16
R_ID844,RA_ID280
R_ID844,RA_ID749
R_ID845,RA_ID155
R_ID845,RA_ID233
R_ID845,RA_ID239
R_ID845,RA_ID32
R_ID845,RA_ID414
R_ID845,RA_ID740
R_ID846,RA_ID348
R_ID846,RA_ID399
R_ID846,RA_ID537
R_ID846,RA_ID683
R_ID846,RA_ID692
R_ID846,RA_ID730
R_ID848,RA_ID520
R_ID849,RA_ID154
R_ID849,RA_ID342
R_ID849,RA_ID345
R_ID849,RA_ID630
R_ID850,RA_ID196
R_ID852,RA_ID110
R_ID852,RA_ID303
R_ID852,RA_ID325
R_ID852,RA_ID376
R_ID852,RA_ID465
R_ID852,RA_ID706
R_ID852,RA_ID715
R_ID852,RA_ID764
R_ID854,RA_ID148
R_ID854,RA_ID16
R_ID854,RA_ID255
R_ID854,RA_ID260
R_ID854,RA_ID281
R_ID854,RA_ID368
R_ID854,RA_ID4
R_ID854,RA_ID572
R_ID855,RA_ID155
R_ID855,RA_ID200
R_ID855,RA_ID310
R_ID855,RA_ID503
R_ID856,RA_ID288
R_ID856,RA_ID691
R_ID857,RA_ID160
R_ID857,RA_ID307
R_ID857,RA_ID563
R_ID857,RA_ID629
R_ID857,RA_ID761
R_ID857,RA_ID791
R_ID858,RA_ID262
R_ID858,RA_ID325
R_ID858,RA_ID340
R_ID858,RA_ID421
R_ID858,RA_ID49
R_ID858,RA_ID660
R_ID858,RA_ID725
R_ID858,RA_ID9
R_ID859,RA_ID581
R_ID859,RA_ID665
R_ID860,RA_ID191
R_ID860,RA_ID318
R_ID860,RA_ID496
R_ID860,RA_ID508
R_ID860,RA_ID558
R_ID860,RA_ID616
R_ID860,RA_ID630
R_ID860,RA_ID708
R_ID861,RA_ID397
R_ID861,RA_ID672
R_ID861,RA_ID99
R_ID862,RA_ID273
R_ID862,RA_ID280
R_ID862,RA_ID57
R_ID862,RA_ID641
R_ID862,RA_ID94
R_ID863,RA_ID134
R_ID863,RA_ID4
R_ID863,RA_ID495
R_ID863,RA_ID522
R_ID863,RA_ID530
R_ID863,RA_ID707
R_ID865,RA_ID119
R_ID865,RA_ID160
R_ID865,RA_ID260
R_ID865,RA_ID350
R_ID865,RA_ID747
R_ID866,RA_ID506
R_ID866,RA_ID524
R_ID866,RA_ID527
R_ID866,RA_ID552
R_ID866,RA_ID777
R_ID866,RA_ID94
R_ID867,RA_ID212
R_ID867,RA_ID256
R_ID867,RA_ID397
R_ID867,RA_ID443
R_ID868,RA_ID459
R_ID868,RA_ID532
R_ID868,RA_ID641
R_ID868,RA_ID784
R_ID869,RA_ID189
R_ID869,RA_ID215
R_ID869,RA_ID433
R_ID869,RA_ID446
R_ID869,RA_ID539
R_ID869,RA_ID643
R_ID869,RA_ID93
R_ID870,RA_ID133
R_ID870,RA_ID167
R_ID870,RA_ID443
R_ID870,RA_ID493
R_ID870,RA_ID627
R_ID870,RA_ID634
R_ID870,RA_ID668
R_ID871,RA_ID319
R_ID871,RA_ID349
R_ID871,RA_ID472
R_ID871,RA_ID92
R_ID872,RA_ID104
R_ID872,RA_ID231
R_ID872,RA_ID368
R_ID873,RA_ID355
R_ID873,RA_ID728
R_ID873,RA_ID791
R_ID874,RA_ID685
R_ID875,RA_ID215
R_ID875,RA_ID420
R_ID875,RA_ID595
R_ID875,RA_ID598
R_ID875,RA_ID664
R_ID875,RA_ID719
R_ID876,RA_ID178
R_ID876,RA_ID185
R_ID876,RA_ID543
R_ID876,RA_ID676
R_ID877,RA_ID155
R_ID877,RA_ID273
R_ID877,RA_ID282
R_ID877,RA_ID394
R_ID877,RA_ID464
R_ID877,RA_ID657
R_ID877,RA_ID83
R_ID878,RA_ID166
R_ID878,RA_ID174
R_ID878,RA_ID268
R_ID878,RA_ID568
R_ID878,RA_ID631
R_ID878,RA_ID686
R_ID878,RA_ID704
R_ID878,RA_ID771
R_ID879,RA_ID143
R_ID879,RA_ID160
R_ID879,RA_ID251
R_ID879,RA_ID460
R_ID879,RA_ID726
R_ID880,RA_ID124
R_ID880,RA_ID224
R_ID880,RA_ID341
R_ID880,RA_ID586
R_ID880,RA_ID601
R_ID880,RA_ID697
R_ID880,RA_ID782
R_ID881,RA_ID166
R_ID881,RA_ID197
R_ID881,RA_ID367
R_ID881,RA_ID403
R_ID881,RA_ID444
R_ID881,RA_ID471
R_ID881,RA_ID96
R_ID882,RA_ID23
R_ID882,RA_ID671
R_ID883,RA_ID188
R_ID883,RA_ID50
R_ID883,RA_ID686
R_ID885,RA_ID207
R_ID885,RA_ID276
R_ID885,RA_ID287
R_ID885,RA_ID518
R_ID885,RA_ID664
R_ID885,RA_ID697
R_ID885,RA_ID748
R_ID886,RA_ID20
R_ID886,RA_ID457
R_ID887,RA_ID274
R_ID887,RA_ID449
R_ID887,RA_ID456
R_ID887,RA_ID546
R_ID887,RA_ID799
R_ID888,RA_ID314
R_ID888,RA_ID424
R_ID888,RA_ID583
R_ID888,RA_ID767
R_ID888,RA_ID89
R_ID889,RA_ID149
R_ID889,RA_ID208
R_ID889,RA_ID445
R_ID889,RA_ID543
R_ID889,RA_ID621
R_ID889,RA_ID775
R_ID889,RA_ID789
R_ID890,RA_ID120
R_ID890,RA_ID626
R_ID890,RA_ID721
R_ID891,RA_ID109
R_ID891,RA_ID159
R_ID891,RA_ID567
R_ID892,RA_ID130
R_ID892,RA_ID492
R_ID892,RA_ID657
R_ID892,RA_ID722
R_ID893,RA_ID213
R_ID893,RA_ID317
R_ID893,RA_ID330
R_ID893,RA_ID505
R_ID893,RA_ID555
R_ID894,RA_ID176
R_ID894,RA_ID363
R_ID894,RA_ID5
R_ID894,RA_ID581
R_ID894,RA_ID758
R_ID895,RA_ID131
R_ID895,RA_ID505
R_ID895,RA_ID518
R_ID895,RA_ID571
R_ID895,RA_ID646
R_ID895,RA_ID690
R_ID895,RA_ID737
R_ID896,RA_ID266
R_ID896,RA_ID364
R_ID896,RA_ID531
R_ID896,RA_ID538
R_ID896,RA_ID668
R_ID896,RA_ID685
R_ID897,RA_ID374
R_ID900,RA_ID130
R_ID900,RA_ID503
R_ID900,RA_ID684
R_ID900,RA_ID728
R_ID901,RA_ID138
R_ID901,RA_ID373
R_ID901,RA_ID410
R_ID901,RA_ID411
R_ID901,RA_ID715
R_ID901,RA_ID756
R_ID901,RA_ID775
R_ID901,RA_ID791
R_ID902,RA_ID263
R_ID902,RA_ID376
R_ID902,RA_ID408
R_ID902,RA_ID48
R_ID902,RA_ID764
R_ID903,RA_ID331
R_ID903,RA_ID391
R_ID903,RA_ID456
R_ID904,RA_ID430
R_ID904,RA_ID552
R_ID904,RA_ID726
R_ID905,RA_ID387
R_ID905,RA_ID71
R_ID905,RA_ID755
R_ID906,RA_ID234
R_ID906,RA_ID590
R_ID906,RA_ID718
R_ID906,RA_ID800
R_ID907,RA_ID511
R_ID907,RA_ID663
R_ID907,RA_ID758
R_ID908,RA_ID12
R_ID908,RA_ID407
R_ID908,RA_ID612
R_ID909,RA_ID10
R_ID909,RA_ID202
R_ID909,RA_ID378
R_ID909,RA_ID418
R_ID909,RA_ID468
R_ID909,RA_ID573
R_ID909,RA_ID751
R_ID910,RA_ID201
R_ID912,RA_ID388
R_ID912,RA_ID60
R_ID912,RA_ID719
R_ID912,RA_ID744
R_ID912,RA_ID84
R_ID913,RA_ID215
R_ID913,RA_ID415
R_ID913,RA_ID438
R_ID913,RA_ID450
R_ID913,RA_ID48
R_ID913,RA_ID508
R_ID913,RA_ID605
R_ID913,RA_ID616
R_ID914,RA_ID777
R_ID915,RA_ID106
R_ID915,RA_ID230
R_ID915,RA_ID307
R_ID915,RA_ID605
R_ID916,RA_ID221
R_ID916,RA_ID404
R_ID916,RA_ID686
R_ID916,RA_ID760
R_ID917,RA_ID466
R_ID917,RA_ID706
R_ID917,RA_ID755
R_ID919,RA_ID318
R_ID919,RA_ID350
R_ID919,RA_ID517
R_ID919,RA_ID583
R_ID919,RA_ID615
R_ID919,RA_ID657
R_ID919,RA_ID720
R_ID920,RA_ID271
R_ID920,RA_ID346
R_ID920,RA_ID496
R_ID920,RA_ID50
R_ID920,RA_ID530
R_ID920,RA_ID532
R_ID920,RA_ID688
R_ID920,RA_ID798
R_ID921,RA_ID209
R_ID921,RA_ID356
R_ID921,RA_ID605
R_ID921,RA_ID671
R_ID921,RA_ID723
R_ID921,RA_ID735
R_ID922,RA_ID688
R_ID922,RA_ID737
R_ID923,RA_ID190
R_ID923,RA_ID221
R_ID923,RA_ID672
R_ID923,RA_ID794
R_ID924,RA_ID17
R_ID924,RA_ID21
R_ID924,RA_ID277
R_ID924,RA_ID505
R_ID924,RA_ID600
R_ID924,RA_ID705
R_ID924,RA_ID724
R_ID925,RA_ID696
R_ID926,RA_ID140
R_ID926,RA_ID750
R_ID926,RA_ID752
R_ID927,RA_ID403
R_ID927,RA_ID488
R_ID928,RA_ID149
R_ID928,RA_ID405
R_ID928,RA_ID420
R_ID928,RA_ID546
R_ID928,RA_ID610
R_ID929,RA_ID146
R_ID929,RA_ID564
R_ID929,RA_ID623
R_ID929,RA_ID760
R_ID930,RA_ID138
R_ID930,RA_ID361
R_ID930,RA_ID590
R_ID930,RA_ID669
R_ID931,RA_ID438
R_ID932,RA_ID361
R_ID932,RA_ID459
R_ID932,RA_ID566
R_ID932,RA_ID766
R_ID933,RA_ID270
R_ID933,RA_ID321
R_ID933,RA_ID432
R_ID933,RA_ID610
R_ID933,RA_ID707
R_ID934,RA_ID312
R_ID934,RA_ID367
R_ID934,RA_ID532
R_ID934,RA_ID637
R_ID934,RA_ID745
R_ID935,RA_ID136
R_ID935,RA_ID187
R_ID935,RA_ID366
R_ID935,RA_ID786
R_ID936,RA_ID311
R_ID936,RA_ID53
R_ID936,RA_ID571
R_ID936,RA_ID647
R_ID936,RA_ID665
R_ID937,RA_ID194
R_ID937,RA_ID397
R_ID937,RA_ID657
R_ID938,RA_ID308
R_ID938,RA_ID508
R_ID938,RA_ID618
R_ID938,RA_ID646
R_ID938,RA_ID683
R_ID938,RA_ID685
R_ID939,RA_ID131
R_ID939,RA_ID280
R_ID939,RA_ID417
R_ID939,RA_ID459
R_ID939,RA_ID557
R_ID939,RA_ID575
R_ID939,RA_ID711
R_ID940,RA_ID542
R_ID941,RA_ID164
R_ID941,RA_ID579
R_ID941,RA_ID684
R_ID941,RA_ID782
R_ID942,RA_ID114
R_ID942,RA_ID120
R_ID942,RA_ID486
R_ID942,RA_ID493
R_ID942,RA_ID519
R_ID942,RA_ID7
R_ID942,RA_ID760
R_ID943,RA_ID548
R_ID943,RA_ID565
R_ID943,RA_ID643
R_ID943,RA_ID709
R_ID943,RA_ID747
R_ID943,RA_ID764
R_ID943,RA_ID774
R_ID945,RA_ID158
R_ID945,RA_ID219
R_ID945,RA_ID507
R_ID945,RA_ID570
R_ID946,RA_ID141
R_ID946,RA_ID347
R_ID946,RA_ID548
R_ID947,RA_ID323
R_ID947,RA_ID58
R_ID948,RA_ID315
R_ID948,RA_ID413
R_ID948,RA_ID591
R_ID948,RA_ID596
R_ID948,RA_ID678
R_ID948,RA_ID751
R_ID948,RA_ID76
R_ID949,RA_ID100
R_ID949,RA_ID108
R_ID949,RA_ID157
R_ID949,RA_ID323
R_ID949,RA_ID478
R_ID949,RA_ID500
R_ID949,RA_ID602
R_ID950,RA_ID19
R_ID950,RA_ID306
R_ID950,RA_ID52
R_ID951,RA_ID417
R_ID951,RA_ID601
R_ID951,RA_ID729
R_ID952,RA_ID188
R_ID952,RA_ID296
R_ID952,RA_ID440
R_ID952,RA_ID553
R_ID952,RA_ID750
R_ID952,RA_ID767
R_ID952,RA_ID773
R_ID952,RA_ID9
R_ID953,RA_ID24
R_ID953,RA_ID281
R_ID953,RA_ID425
R_ID953,RA_ID434
R_ID953,RA_ID750
R_ID953,RA_ID763
R_ID953,RA_ID798
R_ID954,RA_ID372
R_ID955,RA_ID135
R_ID955,RA_ID141
R_ID955,RA_ID36
R_ID955,RA_ID791
R_ID956,RA_ID306
R_ID956,RA_ID311
R_ID956,RA_ID332
R_ID956,RA_ID355
R_ID956,RA_ID418
R_ID956,RA_ID54
R_ID956,RA_ID758
R_ID956,RA_ID777
R_ID957,RA_ID109
R_ID957,RA_ID170
R_ID957,RA_ID478
R_ID957,RA_ID483
R_ID957,RA_ID578
R_ID957,RA_ID65
R_ID957,RA_ID739
R_ID960,RA_ID110
R_ID960,RA_ID300
R_ID960,RA_ID35
R_ID960,RA_ID558
R_ID960,RA_ID62
R_ID961,RA_ID208
R_ID961,RA_ID336
R_ID961,RA_ID51
R_ID961,RA_ID547
R_ID961,RA_ID616
R_ID961,RA_ID677
R_ID961,RA_ID717
R_ID961,RA_ID756
R_ID962,RA_ID17
R_ID962,RA_ID380
R_ID962,RA_ID396
R_ID962,RA_ID551
R_ID962,RA_ID609
R_ID962,RA_ID616
R_ID962,RA_ID749
R_ID962,RA_ID775
R_ID964,RA_ID440
R_ID964,RA_ID628
R_ID965,RA_ID128
R_ID965,RA_ID153
R_ID965,RA_ID329
R_ID965,RA_ID38
R_ID965,RA_ID53
R_ID965,RA_ID538
R_ID965,RA_ID795
R_ID965,RA_ID93
R_ID966,RA_ID140
R_ID966,RA_ID167
R_ID966,RA_ID18
R_ID966,RA_ID408
R_ID966,RA_ID479
R_ID966,RA_ID793
R_ID967,RA_ID132
R_ID967,RA_ID306
R_ID967,RA_ID423
R_ID967,RA_ID457
R_ID967,RA_ID489
R_ID967,RA_ID523
R_ID967,RA_ID624
R_ID967,RA_ID792
R_ID968,RA_ID142
R_ID968,RA_ID57
R_ID968,RA_ID681
R_ID969,RA_ID210
R_ID969,RA_ID302
R_ID969,RA_ID358
R_ID969,RA_ID415
R_ID969,RA_ID419
R_ID969,RA_ID556
R_ID969,RA_ID648
R_ID969,RA_ID776
R_ID970,RA_ID17
R_ID970,RA_ID20
R_ID970,RA_ID733
R_ID970,RA_ID734
R_ID970,RA_ID742
R_ID971,RA_ID118
R_ID971,RA_ID205
R_ID971,RA_ID343
R_ID971,RA_ID439
R_ID972,RA_ID137
R_ID972,RA_ID233
R_ID972,RA_ID363
R_ID972,RA_ID722
R_ID972,RA_ID748
R_ID972,RA_ID95
R_ID973,RA_ID205
R_ID973,RA_ID349
R_ID973,RA_ID530
R_ID973,RA_ID714
R_ID973,RA_ID86
R_ID974,RA_ID198
R_ID974,RA_ID235
R_ID974,RA_ID273
R_ID974,RA_ID282
R_ID974,RA_ID345
R_ID974,RA_ID381
R_ID974,RA_ID490
R_ID974,RA_ID50
R_ID975,RA_ID335
R_ID975,RA_ID514
R_ID975,RA_ID536
R_ID975,RA_ID68
R_ID976,RA_ID634
R_ID976,RA_ID668
R_ID977,RA_ID144
R_ID977,RA_ID193
R_ID977,RA_ID385
R_ID977,RA_ID397
R_ID977,RA_ID577
R_ID977,RA_ID579
R_ID977,RA_ID646
R_ID977,RA_ID701
R_ID978,RA_ID244
R_ID978,RA_ID272
R_ID978,RA_ID424
R_ID978,RA_ID533
R_ID978,RA_ID610
R_ID978,RA_ID618
R_ID978,RA_ID644
R_ID978,RA_ID670
R_ID979,RA_ID60
R_ID980,RA_ID195
R_ID980,RA_ID225
R_ID980,RA_ID376
R_ID980,RA_ID538
R_ID980,RA_ID764
R_ID981,RA_ID178
R_ID981,RA_ID199
R_ID981,RA_ID279
R_ID981,RA_ID473
R_ID981,RA_ID772
R_ID982,RA_ID198
R_ID982,RA_ID320
R_ID982,RA_ID337
R_ID982,RA_ID351
R_ID982,RA_ID410
R_ID982,RA_ID762
R_ID983,RA_ID204
R_ID983,RA_ID522
R_ID983,RA_ID764
R_ID984,RA_ID265
R_ID986,RA_ID110
R_ID986,RA_ID145
R_ID986,RA_ID427
R_ID986,RA_ID496
R_ID986,RA_ID612
R_ID986,RA_ID8
R_ID987,RA_ID31
R_ID987,RA_ID40
R_ID987,RA_ID43
R_ID987,RA_ID650
R_ID988,RA_ID34
R_ID988,RA_ID484
R_ID988,RA_ID657
R_ID990,RA_ID120
R_ID990,RA_ID195
R_ID990,RA_ID335
R_ID990,RA_ID38
R_ID990,RA_ID485
R_ID990,RA_ID546
R_ID990,RA_ID595
R_ID990,RA_ID740
R_ID991,RA_ID39
R_ID991,RA_ID555
R_ID991,RA_ID597
R_ID991,RA_ID612
R_ID991,RA_ID634
R_ID992,RA_ID110
R_ID992,RA_ID214
R_ID992,RA_ID402
R_ID992,RA_ID505
R_ID992,RA_ID614
R_ID992,RA_ID68
R_ID992,RA_ID73
R_ID993,RA_ID176
R_ID993,RA_ID193
R_ID993,RA_ID504
R_ID993,RA_ID616
R_ID994,RA_ID286
R_ID994,RA_ID305
R_ID994,RA_ID328
R_ID994,RA_ID330
R_ID994,RA_ID337
R_ID994,RA_ID378
R_ID994,RA_ID621
R_ID994,RA_ID695
R_ID995,RA_ID262
R_ID995,RA_ID311
R_ID995,RA_ID497
R_ID995,RA_ID565
R_ID997,RA_ID105
R_ID997,RA_ID11
R_ID997,RA_ID244
R_ID997,RA_ID365
R_ID997,RA_ID419
R_ID997,RA_ID427
R_ID997,RA_ID494
R_ID997,RA_ID792
R_ID998,RA_ID42
R_ID998,RA_ID567
R_ID999,RA_ID123
R_ID999,RA_ID197
R_ID999,RA_ID332
R_ID999,RA_ID384
R_ID999,RA_ID386
R_ID999,RA_ID745
R_ID999,RA_ID779
R_ID1000,RA_ID133
R_ID1000,RA_ID422
R_ID1000,RA_ID490
R_ID1000,RA_ID644
R_ID1000,RA_ID731
R_ID1000,RA_ID737
