UC_ID,R_ID
UC_ID1,R_ID41
UC_ID1,R_ID414
UC_ID1,R_ID704
UC_ID1,R_ID834
UC_ID2,R_ID139
UC_ID3,R_ID378
UC_ID3,R_ID444
UC_ID3,R_ID605
UC_ID3,R_ID619
UC_ID3,R_ID988
UC_ID4,R_ID137
UC_ID4,R_ID256
UC_ID4,R_ID54
UC_ID4,R_ID75
UC_ID5,R_ID193
UC_ID5,R_ID365
UC_ID5,R_ID709
UC_ID5,R_ID793
UC_ID6,R_ID229
UC_ID6,R_ID829
UC_ID6,R_ID882
UC_ID7,R_ID204
UC_ID7,R_ID238
UC_ID7,R_ID322
UC_ID7,R_ID366
UC_ID8,R_ID114
UC_ID8,R_ID136
UC_ID8,R_ID196
UC_ID8,R_ID243
UC_ID8,R_ID247
UC_ID8,R_ID470
UC_ID8,R_ID580
UC_ID8,R_ID75
UC_ID9,R_ID130
UC_ID9,R_ID224
UC_ID9,R_ID233
UC_ID9,R_ID345
UC_ID9,R_ID386
UC_ID9,R_ID476
UC_ID9,R_ID518
UC_ID9,R_ID872
UC_ID10,R_ID28
UC_ID10,R_ID378
UC_ID10,R_ID591
UC_ID10,R_ID793
UC_ID13,R_ID163
UC_ID13,R_ID550
UC_ID13,R_ID641
UC_ID13,R_ID828
UC_ID13,R_ID902
UC_ID14,R_ID225
UC_ID14,R_ID319
UC_ID14,R_ID872
UC_ID16,R_ID412
UC_ID16,R_ID808
UC_ID16,R_ID990
UC_ID17,R_ID285
UC_ID17,R_ID316
UC_ID17,R_ID37
UC_ID17,R_ID416
UC_ID17,R_ID438
UC_ID17,R_ID567
UC_ID17,R_ID885
UC_ID17,R_ID958
UC_ID18,R_ID67
UC_ID18,R_ID831
UC_ID18,R_ID859
UC_ID18,R_ID864
UC_ID19,R_ID195
UC_ID20,R_ID368
UC_ID20,R_ID434
UC_ID20,R_ID577
UC_ID20,R_ID65
UC_ID20,R_ID808
UC_ID21,R_ID158
UC_ID21,R_ID226
UC_ID21,R_ID53
UC_ID21,R_ID77
UC_ID21,R_ID783
UC_ID22,R_ID342
UC_ID22,R_ID519
UC_ID22,R_ID55
UC_ID23,R_ID101
UC_ID23,R_ID194
UC_ID24,R_ID158
UC_ID24,R_ID39
UC_ID24,R_ID683
UC_ID25,R_ID139
UC_ID25,R_ID658
UC_ID25,R_ID938
UC_ID26,R_ID79
UC_ID26,R_ID791
UC_ID26,R_ID980
UC_ID28,R_ID327
UC_ID28,R_ID552
UC_ID28,R_ID645
UC_ID28,R_ID967
UC_ID29,R_ID25
UC_ID29,R_ID41
UC_ID29,R_ID500
UC_ID29,R_ID526
UC_ID29,R_ID593
UC_ID29,R_ID624
UC_ID29,R_ID636
UC_ID29,R_ID840
UC_ID30,R_ID189
UC_ID30,R_ID56
UC_ID30,R_ID875
UC_ID31,R_ID15
UC_ID31,R_ID626
UC_ID33,R_ID176
UC_ID33,R_ID715
UC_ID33,R_ID909
UC_ID34,R_ID421
UC_ID34,R_ID634
UC_ID34,R_ID675
UC_ID34,R_ID944
UC_ID35,R_ID620
UC_ID35,R_ID949
UC_ID35,R_ID975
UC_ID36,R_ID169
UC_ID36,R_ID242
UC_ID37,R_ID108
UC_ID37,R_ID343
UC_ID37,R_ID907
UC_ID38,R_ID462
UC_ID38,R_ID463
UC_ID38,R_ID504
UC_ID38,R_ID693
UC_ID38,R_ID748
UC_ID39,R_ID457
UC_ID39,R_ID952
UC_ID40,R_ID188
UC_ID41,R_ID684
UC_ID42,R_ID240
UC_ID43,R_ID512
UC_ID43,R_ID625
UC_ID43,R_ID688
UC_ID44,R_ID116
UC_ID44,R_ID17
UC_ID44,R_ID250
UC_ID44,R_ID367
UC_ID44,R_ID701
UC_ID44,R_ID915
UC_ID44,R_ID986
UC_ID44,R_ID994
UC_ID45,R_ID706
UC_ID47,R_ID126
UC_ID47,R_ID253
UC_ID47,R_ID640
UC_ID47,R_ID745
UC_ID47,R_ID994
UC_ID49,R_ID443
UC_ID49,R_ID91
UC_ID50,R_ID385
UC_ID50,R_ID386
UC_ID50,R_ID484
UC_ID51,R_ID369
UC_ID51,R_ID435
UC_ID51,R_ID594
UC_ID51,R_ID707
UC_ID51,R_ID970
UC_ID51,R_ID982
UC_ID52,R_ID242
UC_ID52,R_ID323
UC_ID52,R_ID472
UC_ID52,R_ID531
UC_ID53,R_ID251
UC_ID53,R_ID380
UC_ID53,R_ID47
UC_ID53,R_ID538
UC_ID53,R_ID875
UC_ID53,R_ID991
UC_ID54,R_ID531
UC_ID54,R_ID759
UC_ID54,R_ID995
UC_ID55,R_ID169
UC_ID55,R_ID462
UC_ID55,R_ID619
UC_ID55,R_ID993
UC_ID56,R_ID151
UC_ID56,R_ID642
UC_ID56,R_ID679
UC_ID56,R_ID693
UC_ID56,R_ID994
UC_ID57,R_ID108
UC_ID57,R_ID280
UC_ID57,R_ID351
UC_ID57,R_ID464
UC_ID57,R_ID844
UC_ID57,R_ID855
UC_ID58,R_ID183
UC_ID58,R_ID470
UC_ID58,R_ID554
UC_ID58,R_ID73
UC_ID58,R_ID777
UC_ID59,R_ID522
UC_ID60,R_ID676
UC_ID60,R_ID775
UC_ID60,R_ID964
UC_ID61,R_ID340
UC_ID61,R_ID411
UC_ID61,R_ID683
UC_ID61,R_ID892
UC_ID61,R_ID911
UC_ID62,R_ID222
UC_ID62,R_ID356
UC_ID62,R_ID427
UC_ID62,R_ID666
UC_ID63,R_ID249
UC_ID63,R_ID409
UC_ID63,R_ID423
UC_ID63,R_ID589
UC_ID63,R_ID62
UC_ID63,R_ID643
UC_ID63,R_ID753
UC_ID63,R_ID805
UC_ID64,R_ID253
UC_ID64,R_ID444
UC_ID64,R_ID640
UC_ID64,R_ID803
UC_ID64,R_ID812
UC_ID65,R_ID516
UC_ID65,R_ID523
UC_ID66,R_ID675
UC_ID66,R_ID785
UC_ID66,R_ID806
UC_ID66,R_ID812
UC_ID66,R_ID895
UC_ID67,R_ID169
UC_ID67,R_ID187
UC_ID67,R_ID498
UC_ID67,R_ID708
UC_ID67,R_ID743
UC_ID67,R_ID746
UC_ID67,R_ID830
UC_ID67,R_ID913
UC_ID69,R_ID835
UC_ID70,R_ID289
UC_ID70,R_ID476
UC_ID70,R_ID758
UC_ID72,R_ID116
UC_ID72,R_ID212
UC_ID72,R_ID280
UC_ID72,R_ID320
UC_ID72,R_ID379
UC_ID72,R_ID639
UC_ID72,R_ID739
UC_ID72,R_ID943
UC_ID73,R_ID171
UC_ID73,R_ID429
UC_ID73,R_ID561
UC_ID73,R_ID587
UC_ID73,R_ID728
UC_ID75,R_ID541
UC_ID75,R_ID571
UC_ID75,R_ID893
UC_ID75,R_ID963
UC_ID77,R_ID896
UC_ID78,R_ID350
UC_ID78,R_ID726
UC_ID79,R_ID923
UC_ID81,R_ID426
UC_ID81,R_ID571
UC_ID81,R_ID62
UC_ID81,R_ID68
UC_ID81,R_ID827
UC_ID82,R_ID137
UC_ID82,R_ID654
UC_ID82,R_ID880
UC_ID83,R_ID127
UC_ID83,R_ID160
UC_ID83,R_ID234
UC_ID83,R_ID575
UC_ID83,R_ID6
UC_ID83,R_ID736
UC_ID84,R_ID514
UC_ID84,R_ID970
UC_ID85,R_ID150
UC_ID85,R_ID395
UC_ID85,R_ID741
UC_ID86,R_ID248
UC_ID86,R_ID398
UC_ID86,R_ID631
UC_ID86,R_ID716
UC_ID87,R_ID213
UC_ID87,R_ID544
UC_ID87,R_ID827
UC_ID87,R_ID84
UC_ID88,R_ID732
UC_ID88,R_ID751
UC_ID88,R_ID998
UC_ID89,R_ID774
UC_ID89,R_ID805
UC_ID90,R_ID148
UC_ID90,R_ID5
UC_ID90,R_ID740
UC_ID91,R_ID258
UC_ID91,R_ID737
UC_ID91,R_ID942
UC_ID92,R_ID410
UC_ID92,R_ID677
UC_ID92,R_ID91
UC_ID93,R_ID1000
UC_ID93,R_ID421
UC_ID93,R_ID560
UC_ID93,R_ID821
UC_ID94,R_ID194
UC_ID94,R_ID640
UC_ID94,R_ID707
UC_ID95,R_ID448
UC_ID95,R_ID540
UC_ID95,R_ID684
UC_ID96,R_ID438
UC_ID96,R_ID65
UC_ID96,R_ID772
UC_ID96,R_ID828
UC_ID96,R_ID847
UC_ID96,R_ID862
UC_ID96,R_ID974
UC_ID97,R_ID137
UC_ID97,R_ID162
UC_ID97,R_ID61
UC_ID97,R_ID661
UC_ID97,R_ID967
UC_ID98,R_ID236
UC_ID98,R_ID348
UC_ID98,R_ID461
UC_ID98,R_ID501
UC_ID98,R_ID653
UC_ID98,R_ID713
UC_ID98,R_ID786
UC_ID99,R_ID152
UC_ID99,R_ID179
UC_ID99,R_ID880
UC_ID99,R_ID978
UC_ID100,R_ID3
UC_ID100,R_ID344
UC_ID100,R_ID910
UC_ID101,R_ID722
UC_ID102,R_ID106
UC_ID104,R_ID149
UC_ID104,R_ID203
UC_ID104,R_ID72
UC_ID104,R_ID83
UC_ID104,R_ID941
UC_ID105,R_ID138
UC_ID105,R_ID831
UC_ID105,R_ID902
UC_ID106,R_ID33
UC_ID106,R_ID558
UC_ID106,R_ID742
UC_ID106,R_ID914
UC_ID106,R_ID997
UC_ID107,R_ID318
UC_ID107,R_ID841
UC_ID108,R_ID121
UC_ID108,R_ID342
UC_ID108,R_ID814
UC_ID109,R_ID134
UC_ID109,R_ID346
UC_ID109,R_ID418
UC_ID109,R_ID468
UC_ID109,R_ID81
UC_ID109,R_ID834
UC_ID109,R_ID897
UC_ID109,R_ID963
UC_ID110,R_ID256
UC_ID110,R_ID708
UC_ID110,R_ID821
UC_ID111,R_ID150
UC_ID111,R_ID219
UC_ID111,R_ID251
UC_ID111,R_ID282
UC_ID112,R_ID456
UC_ID112,R_ID857
UC_ID113,R_ID890
UC_ID114,R_ID229
UC_ID116,R_ID124
UC_ID116,R_ID250
UC_ID116,R_ID605
UC_ID116,R_ID607
UC_ID117,R_ID380
UC_ID117,R_ID500
UC_ID117,R_ID615
UC_ID117,R_ID758
UC_ID118,R_ID126
UC_ID118,R_ID321
UC_ID118,R_ID757
UC_ID118,R_ID759
UC_ID119,R_ID174
UC_ID119,R_ID39
UC_ID119,R_ID507
UC_ID119,R_ID825
UC_ID119,R_ID906
UC_ID119,R_ID933
UC_ID119,R_ID959
UC_ID119,R_ID986
UC_ID120,R_ID146
UC_ID121,R_ID409
UC_ID121,R_ID417
UC_ID121,R_ID612
UC_ID121,R_ID722
UC_ID122,R_ID144
UC_ID122,R_ID89
UC_ID123,R_ID908
UC_ID124,R_ID108
UC_ID124,R_ID199
UC_ID124,R_ID33
UC_ID124,R_ID411
UC_ID124,R_ID442
UC_ID124,R_ID793
UC_ID124,R_ID947
UC_ID125,R_ID10
UC_ID125,R_ID114
UC_ID125,R_ID232
UC_ID126,R_ID215
UC_ID126,R_ID259
UC_ID127,R_ID735
UC_ID128,R_ID154
UC_ID128,R_ID253
UC_ID128,R_ID608
UC_ID128,R_ID933
UC_ID129,R_ID594
UC_ID129,R_ID933
UC_ID130,R_ID272
UC_ID130,R_ID634
UC_ID130,R_ID802
UC_ID131,R_ID323
UC_ID131,R_ID786
UC_ID131,R_ID819
UC_ID131,R_ID890
UC_ID131,R_ID938
UC_ID132,R_ID137
UC_ID132,R_ID299
UC_ID132,R_ID385
UC_ID132,R_ID499
UC_ID132,R_ID610
UC_ID132,R_ID737
UC_ID132,R_ID743
UC_ID132,R_ID787
UC_ID133,R_ID486
UC_ID133,R_ID503
UC_ID133,R_ID936
UC_ID134,R_ID186
UC_ID134,R_ID772
UC_ID134,R_ID829
UC_ID135,R_ID189
UC_ID135,R_ID235
UC_ID135,R_ID263
UC_ID135,R_ID267
UC_ID135,R_ID296
UC_ID135,R_ID336
UC_ID135,R_ID610
UC_ID135,R_ID634
UC_ID136,R_ID129
UC_ID136,R_ID566
UC_ID136,R_ID718
UC_ID137,R_ID120
UC_ID137,R_ID169
UC_ID137,R_ID455
UC_ID137,R_ID751
UC_ID138,R_ID391
UC_ID138,R_ID419
UC_ID138,R_ID524
UC_ID138,R_ID732
UC_ID138,R_ID925
UC_ID138,R_ID993
UC_ID139,R_ID17
UC_ID139,R_ID447
UC_ID139,R_ID559
UC_ID139,R_ID621
UC_ID139,R_ID7
UC_ID139,R_ID74
UC_ID139,R_ID87
UC_ID140,R_ID523
UC_ID140,R_ID846
UC_ID141,R_ID358
UC_ID141,R_ID36
UC_ID141,R_ID393
UC_ID141,R_ID832
UC_ID141,R_ID842
UC_ID141,R_ID91
UC_ID142,R_ID118
UC_ID142,R_ID733
UC_ID142,R_ID852
UC_ID142,R_ID875
UC_ID143,R_ID308
UC_ID143,R_ID895
UC_ID144,R_ID223
UC_ID144,R_ID810
UC_ID145,R_ID585
UC_ID146,R_ID398
UC_ID146,R_ID52
UC_ID147,R_ID195
UC_ID147,R_ID411
UC_ID147,R_ID544
UC_ID147,R_ID636
UC_ID147,R_ID767
UC_ID147,R_ID79
UC_ID147,R_ID960
UC_ID148,R_ID571
UC_ID148,R_ID670
UC_ID148,R_ID672
UC_ID148,R_ID745
UC_ID148,R_ID904
UC_ID148,R_ID910
UC_ID149,R_ID114
UC_ID149,R_ID977
UC_ID150,R_ID269
UC_ID150,R_ID395
UC_ID150,R_ID435
UC_ID150,R_ID620
UC_ID150,R_ID961
UC_ID151,R_ID145
UC_ID151,R_ID660
UC_ID151,R_ID995
UC_ID152,R_ID435
UC_ID152,R_ID467
UC_ID153,R_ID156
UC_ID153,R_ID189
UC_ID153,R_ID448
UC_ID153,R_ID519
UC_ID153,R_ID751
UC_ID153,R_ID761
UC_ID154,R_ID236
UC_ID154,R_ID616
UC_ID154,R_ID627
UC_ID154,R_ID692
UC_ID155,R_ID764
UC_ID155,R_ID811
UC_ID155,R_ID959
UC_ID156,R_ID39
UC_ID156,R_ID561
UC_ID156,R_ID890
UC_ID157,R_ID491
UC_ID157,R_ID924
UC_ID159,R_ID244
UC_ID159,R_ID306
UC_ID159,R_ID480
UC_ID159,R_ID617
UC_ID159,R_ID799
UC_ID159,R_ID801
UC_ID161,R_ID178
UC_ID161,R_ID235
UC_ID161,R_ID364
UC_ID161,R_ID436
UC_ID161,R_ID596
UC_ID161,R_ID6
UC_ID161,R_ID915
UC_ID161,R_ID94
UC_ID162,R_ID347
UC_ID164,R_ID261
UC_ID164,R_ID276
UC_ID164,R_ID725
UC_ID165,R_ID214
UC_ID165,R_ID308
UC_ID165,R_ID378
UC_ID165,R_ID919
UC_ID167,R_ID108
UC_ID167,R_ID567
UC_ID167,R_ID659
UC_ID169,R_ID31
UC_ID169,R_ID486
UC_ID169,R_ID699
UC_ID170,R_ID273
UC_ID170,R_ID343
UC_ID170,R_ID380
UC_ID170,R_ID460
UC_ID170,R_ID710
UC_ID170,R_ID84
UC_ID171,R_ID483
UC_ID171,R_ID73
UC_ID172,R_ID375
UC_ID173,R_ID166
UC_ID173,R_ID205
UC_ID173,R_ID297
UC_ID173,R_ID31
UC_ID173,R_ID341
UC_ID173,R_ID610
UC_ID173,R_ID834
UC_ID173,R_ID839
UC_ID174,R_ID865
UC_ID176,R_ID170
UC_ID177,R_ID538
UC_ID177,R_ID552
UC_ID177,R_ID697
UC_ID178,R_ID111
UC_ID178,R_ID437
UC_ID178,R_ID440
UC_ID178,R_ID461
UC_ID178,R_ID876
UC_ID179,R_ID542
UC_ID179,R_ID989
UC_ID180,R_ID21
UC_ID180,R_ID482
UC_ID180,R_ID556
UC_ID180,R_ID613
UC_ID181,R_ID173
UC_ID181,R_ID820
UC_ID181,R_ID988
UC_ID183,R_ID481
UC_ID183,R_ID845
UC_ID183,R_ID990
UC_ID184,R_ID424
UC_ID184,R_ID627
UC_ID186,R_ID765
UC_ID187,R_ID344
UC_ID187,R_ID350
UC_ID187,R_ID407
UC_ID187,R_ID417
UC_ID187,R_ID672
UC_ID187,R_ID730
UC_ID187,R_ID852
UC_ID188,R_ID282
UC_ID189,R_ID127
UC_ID189,R_ID248
UC_ID189,R_ID837
UC_ID191,R_ID507
UC_ID191,R_ID582
UC_ID191,R_ID734
UC_ID191,R_ID794
UC_ID192,R_ID226
UC_ID192,R_ID407
UC_ID192,R_ID497
UC_ID192,R_ID626
UC_ID192,R_ID630
UC_ID194,R_ID513
UC_ID194,R_ID834
UC_ID196,R_ID312
UC_ID196,R_ID67
UC_ID196,R_ID862
UC_ID197,R_ID623
UC_ID197,R_ID810
UC_ID197,R_ID958
UC_ID197,R_ID998
UC_ID198,R_ID397
UC_ID198,R_ID413
UC_ID198,R_ID864
UC_ID199,R_ID398
UC_ID200,R_ID44
UC_ID200,R_ID546
UC_ID200,R_ID931
UC_ID201,R_ID118
UC_ID201,R_ID389
UC_ID201,R_ID399
UC_ID201,R_ID614
UC_ID201,R_ID830
UC_ID201,R_ID940
UC_ID202,R_ID388
UC_ID202,R_ID515
UC_ID203,R_ID617
UC_ID203,R_ID619
UC_ID204,R_ID999
UC_ID206,R_ID189
UC_ID206,R_ID348
UC_ID206,R_ID500
UC_ID206,R_ID531
UC_ID207,R_ID270
UC_ID207,R_ID347
UC_ID207,R_ID928
UC_ID208,R_ID22
UC_ID208,R_ID297
UC_ID208,R_ID349
UC_ID208,R_ID358
UC_ID208,R_ID368
UC_ID208,R_ID510
UC_ID209,R_ID174
UC_ID209,R_ID378
UC_ID209,R_ID449
UC_ID209,R_ID577
UC_ID209,R_ID740
UC_ID209,R_ID804
UC_ID209,R_ID996
UC_ID209,R_ID998
UC_ID210,R_ID164
UC_ID211,R_ID166
UC_ID211,R_ID614
UC_ID211,R_ID732
UC_ID211,R_ID914
UC_ID212,R_ID277
UC_ID212,R_ID512
UC_ID212,R_ID888
UC_ID212,R_ID914
UC_ID213,R_ID524
UC_ID214,R_ID155
UC_ID214,R_ID870
UC_ID215,R_ID270
UC_ID215,R_ID308
UC_ID215,R_ID585
UC_ID215,R_ID667
UC_ID215,R_ID750
UC_ID216,R_ID273
UC_ID216,R_ID341
UC_ID216,R_ID346
UC_ID216,R_ID451
UC_ID216,R_ID564
UC_ID216,R_ID77
UC_ID216,R_ID821
UC_ID217,R_ID619
UC_ID217,R_ID694
UC_ID218,R_ID124
UC_ID218,R_ID675
UC_ID218,R_ID735
UC_ID218,R_ID895
UC_ID219,R_ID110
UC_ID219,R_ID445
UC_ID219,R_ID814
UC_ID219,R_ID929
UC_ID220,R_ID101
UC_ID220,R_ID555
UC_ID220,R_ID882
UC_ID221,R_ID52
UC_ID222,R_ID205
UC_ID222,R_ID28
UC_ID222,R_ID36
UC_ID222,R_ID362
UC_ID222,R_ID44
UC_ID222,R_ID907
UC_ID223,R_ID101
UC_ID223,R_ID239
UC_ID223,R_ID257
UC_ID223,R_ID467
UC_ID223,R_ID783
UC_ID224,R_ID106
UC_ID224,R_ID510
UC_ID224,R_ID548
UC_ID224,R_ID766
UC_ID225,R_ID156
UC_ID225,R_ID197
UC_ID225,R_ID398
UC_ID226,R_ID876
UC_ID227,R_ID67
UC_ID228,R_ID117
UC_ID228,R_ID176
UC_ID228,R_ID261
UC_ID228,R_ID316
UC_ID228,R_ID635
UC_ID228,R_ID642
UC_ID229,R_ID135
UC_ID229,R_ID291
UC_ID229,R_ID733
UC_ID230,R_ID180
UC_ID230,R_ID48
UC_ID231,R_ID232
UC_ID231,R_ID501
UC_ID231,R_ID698
UC_ID232,R_ID285
UC_ID232,R_ID418
UC_ID232,R_ID488
UC_ID232,R_ID601
UC_ID232,R_ID615
UC_ID234,R_ID529
UC_ID234,R_ID533
UC_ID234,R_ID806
UC_ID235,R_ID137
UC_ID235,R_ID527
UC_ID236,R_ID152
UC_ID236,R_ID401
UC_ID236,R_ID425
UC_ID236,R_ID484
UC_ID236,R_ID526
UC_ID236,R_ID639
UC_ID236,R_ID745
UC_ID236,R_ID825
UC_ID237,R_ID560
UC_ID237,R_ID786
UC_ID238,R_ID176
UC_ID238,R_ID290
UC_ID238,R_ID499
UC_ID238,R_ID747
UC_ID239,R_ID166
UC_ID239,R_ID320
UC_ID239,R_ID381
UC_ID239,R_ID846
UC_ID239,R_ID885
UC_ID240,R_ID151
UC_ID241,R_ID901
UC_ID242,R_ID138
UC_ID242,R_ID158
UC_ID242,R_ID274
UC_ID242,R_ID579
UC_ID243,R_ID222
UC_ID243,R_ID394
UC_ID243,R_ID47
UC_ID243,R_ID589
UC_ID243,R_ID758
UC_ID243,R_ID809
UC_ID243,R_ID912
UC_ID243,R_ID971
UC_ID244,R_ID106
UC_ID244,R_ID425
UC_ID244,R_ID547
UC_ID245,R_ID916
UC_ID246,R_ID115
UC_ID246,R_ID207
UC_ID246,R_ID21
UC_ID246,R_ID421
UC_ID246,R_ID452
UC_ID246,R_ID675
UC_ID246,R_ID749
UC_ID246,R_ID764
UC_ID247,R_ID204
UC_ID247,R_ID246
UC_ID247,R_ID25
UC_ID247,R_ID864
UC_ID247,R_ID90
UC_ID247,R_ID967
UC_ID247,R_ID974
UC_ID247,R_ID995
UC_ID249,R_ID41
UC_ID251,R_ID531
UC_ID251,R_ID695
UC_ID251,R_ID925
UC_ID252,R_ID22
UC_ID252,R_ID247
UC_ID252,R_ID950
UC_ID253,R_ID315
UC_ID253,R_ID379
UC_ID253,R_ID666
UC_ID256,R_ID124
UC_ID256,R_ID251
UC_ID256,R_ID61
UC_ID257,R_ID935
UC_ID258,R_ID534
UC_ID259,R_ID497
UC_ID259,R_ID55
UC_ID260,R_ID279
UC_ID260,R_ID367
UC_ID260,R_ID391
UC_ID260,R_ID438
UC_ID261,R_ID216
UC_ID261,R_ID575
UC_ID261,R_ID729
UC_ID261,R_ID789
UC_ID262,R_ID445
UC_ID263,R_ID252
UC_ID263,R_ID3
UC_ID263,R_ID430
UC_ID263,R_ID670
UC_ID264,R_ID179
UC_ID264,R_ID187
UC_ID264,R_ID223
UC_ID264,R_ID401
UC_ID264,R_ID737
UC_ID264,R_ID918
UC_ID264,R_ID934
UC_ID265,R_ID105
UC_ID265,R_ID45
UC_ID265,R_ID546
UC_ID265,R_ID669
UC_ID266,R_ID193
UC_ID266,R_ID290
UC_ID266,R_ID597
UC_ID267,R_ID309
UC_ID267,R_ID409
UC_ID267,R_ID565
UC_ID267,R_ID77
UC_ID268,R_ID218
UC_ID268,R_ID554
UC_ID268,R_ID765
UC_ID269,R_ID13
UC_ID269,R_ID408
UC_ID270,R_ID197
UC_ID270,R_ID516
UC_ID271,R_ID303
UC_ID271,R_ID703
UC_ID272,R_ID324
UC_ID272,R_ID334
UC_ID272,R_ID365
UC_ID272,R_ID468
UC_ID272,R_ID599
UC_ID272,R_ID763
UC_ID274,R_ID206
UC_ID274,R_ID38
UC_ID275,R_ID762
UC_ID276,R_ID517
UC_ID276,R_ID824
UC_ID277,R_ID258
UC_ID277,R_ID376
UC_ID277,R_ID523
UC_ID277,R_ID862
UC_ID278,R_ID291
UC_ID279,R_ID189
UC_ID279,R_ID251
UC_ID279,R_ID799
UC_ID279,R_ID864
UC_ID279,R_ID894
UC_ID280,R_ID172
UC_ID280,R_ID770
UC_ID280,R_ID979
UC_ID281,R_ID996
UC_ID282,R_ID128
UC_ID282,R_ID314
UC_ID282,R_ID346
UC_ID282,R_ID589
UC_ID282,R_ID624
UC_ID282,R_ID671
UC_ID282,R_ID836
UC_ID283,R_ID640
UC_ID284,R_ID236
UC_ID284,R_ID484
UC_ID285,R_ID11
UC_ID285,R_ID5
UC_ID285,R_ID611
UC_ID285,R_ID927
UC_ID285,R_ID955
UC_ID286,R_ID367
UC_ID287,R_ID282
UC_ID287,R_ID508
UC_ID287,R_ID744
UC_ID287,R_ID834
UC_ID287,R_ID959
UC_ID287,R_ID973
UC_ID288,R_ID201
UC_ID288,R_ID256
UC_ID288,R_ID450
UC_ID288,R_ID586
UC_ID288,R_ID77
UC_ID289,R_ID683
UC_ID290,R_ID54
UC_ID290,R_ID807
UC_ID290,R_ID94
UC_ID290,R_ID950
UC_ID291,R_ID191
UC_ID291,R_ID313
UC_ID291,R_ID636
UC_ID292,R_ID721
UC_ID293,R_ID460
UC_ID294,R_ID385
UC_ID294,R_ID624
UC_ID294,R_ID712
UC_ID295,R_ID747
UC_ID296,R_ID364
UC_ID296,R_ID511
UC_ID296,R_ID723
UC_ID296,R_ID78
UC_ID296,R_ID927
UC_ID297,R_ID141
UC_ID297,R_ID374
UC_ID297,R_ID745
UC_ID297,R_ID840
UC_ID297,R_ID988
UC_ID298,R_ID126
UC_ID298,R_ID133
UC_ID298,R_ID609
UC_ID298,R_ID665
UC_ID298,R_ID765
UC_ID298,R_ID831
UC_ID298,R_ID896
UC_ID298,R_ID928
UC_ID299,R_ID357
UC_ID299,R_ID438
UC_ID299,R_ID565
UC_ID299,R_ID599
UC_ID299,R_ID650
UC_ID299,R_ID691
UC_ID299,R_ID928
UC_ID299,R_ID93
UC_ID300,R_ID599
UC_ID302,R_ID90
UC_ID303,R_ID488
UC_ID303,R_ID56
UC_ID303,R_ID831
UC_ID303,R_ID895
UC_ID303,R_ID929
UC_ID304,R_ID16
UC_ID304,R_ID749
UC_ID305,R_ID335
UC_ID306,R_ID368
UC_ID306,R_ID45
UC_ID306,R_ID547
UC_ID306,R_ID659
UC_ID307,R_ID109
UC_ID307,R_ID165
UC_ID307,R_ID316
UC_ID307,R_ID32
UC_ID307,R_ID771
UC_ID307,R_ID862
UC_ID307,R_ID876
UC_ID308,R_ID457
UC_ID308,R_ID658
UC_ID308,R_ID699
UC_ID308,R_ID840
UC_ID309,R_ID899
UC_ID311,R_ID426
UC_ID311,R_ID942
UC_ID312,R_ID131
UC_ID312,R_ID265
UC_ID312,R_ID641
UC_ID312,R_ID674
UC_ID312,R_ID752
UC_ID312,R_ID780
UC_ID312,R_ID927
UC_ID313,R_ID150
UC_ID313,R_ID251
UC_ID313,R_ID589
UC_ID313,R_ID691
UC_ID313,R_ID694
UC_ID313,R_ID771
UC_ID313,R_ID924
UC_ID314,R_ID401
UC_ID314,R_ID524
UC_ID314,R_ID717
UC_ID315,R_ID177
UC_ID315,R_ID39
UC_ID315,R_ID734
UC_ID315,R_ID770
UC_ID315,R_ID797
UC_ID315,R_ID880
UC_ID315,R_ID987
UC_ID316,R_ID474
UC_ID316,R_ID731
UC_ID316,R_ID86
UC_ID316,R_ID870
UC_ID317,R_ID460
UC_ID317,R_ID496
UC_ID317,R_ID838
UC_ID318,R_ID143
UC_ID318,R_ID322
UC_ID318,R_ID324
UC_ID318,R_ID686
UC_ID318,R_ID807
UC_ID318,R_ID862
UC_ID318,R_ID90
UC_ID320,R_ID210
UC_ID320,R_ID705
UC_ID320,R_ID873
UC_ID321,R_ID174
UC_ID322,R_ID185
UC_ID322,R_ID328
UC_ID322,R_ID748
UC_ID322,R_ID76
UC_ID323,R_ID267
UC_ID323,R_ID279
UC_ID323,R_ID291
UC_ID323,R_ID293
UC_ID323,R_ID568
UC_ID323,R_ID587
UC_ID323,R_ID714
UC_ID324,R_ID482
UC_ID325,R_ID185
UC_ID325,R_ID430
UC_ID325,R_ID469
UC_ID325,R_ID601
UC_ID325,R_ID780
UC_ID325,R_ID963
UC_ID326,R_ID660
UC_ID327,R_ID128
UC_ID327,R_ID460
UC_ID327,R_ID75
UC_ID327,R_ID851
UC_ID328,R_ID347
UC_ID328,R_ID567
UC_ID328,R_ID675
UC_ID328,R_ID779
UC_ID328,R_ID884
UC_ID329,R_ID579
UC_ID329,R_ID771
UC_ID330,R_ID901
UC_ID332,R_ID631
UC_ID332,R_ID699
UC_ID332,R_ID855
UC_ID332,R_ID910
UC_ID335,R_ID258
UC_ID335,R_ID494
UC_ID335,R_ID672
UC_ID336,R_ID241
UC_ID336,R_ID490
UC_ID336,R_ID568
UC_ID336,R_ID661
UC_ID337,R_ID178
UC_ID338,R_ID15
UC_ID338,R_ID288
UC_ID338,R_ID329
UC_ID338,R_ID393
UC_ID338,R_ID525
UC_ID338,R_ID773
UC_ID338,R_ID889
UC_ID339,R_ID141
UC_ID339,R_ID486
UC_ID339,R_ID660
UC_ID339,R_ID980
UC_ID340,R_ID118
UC_ID340,R_ID281
UC_ID340,R_ID38
UC_ID341,R_ID128
UC_ID341,R_ID234
UC_ID341,R_ID573
UC_ID341,R_ID682
UC_ID342,R_ID32
UC_ID342,R_ID426
UC_ID342,R_ID890
UC_ID343,R_ID172
UC_ID343,R_ID687
UC_ID343,R_ID734
UC_ID343,R_ID94
UC_ID344,R_ID194
UC_ID345,R_ID213
UC_ID345,R_ID529
UC_ID345,R_ID719
UC_ID345,R_ID987
UC_ID345,R_ID997
UC_ID347,R_ID376
UC_ID348,R_ID254
UC_ID348,R_ID257
UC_ID348,R_ID588
UC_ID348,R_ID967
UC_ID348,R_ID968
UC_ID349,R_ID27
UC_ID349,R_ID508
UC_ID349,R_ID646
UC_ID349,R_ID77
UC_ID349,R_ID993
UC_ID350,R_ID378
UC_ID351,R_ID221
UC_ID351,R_ID379
UC_ID351,R_ID816
UC_ID353,R_ID904
UC_ID354,R_ID212
UC_ID354,R_ID39
UC_ID354,R_ID485
UC_ID354,R_ID546
UC_ID354,R_ID925
UC_ID355,R_ID469
UC_ID355,R_ID478
UC_ID355,R_ID710
UC_ID356,R_ID215
UC_ID356,R_ID411
UC_ID356,R_ID636
UC_ID356,R_ID697
UC_ID357,R_ID443
UC_ID357,R_ID845
UC_ID357,R_ID88
UC_ID358,R_ID14
UC_ID358,R_ID148
UC_ID358,R_ID548
UC_ID358,R_ID710
UC_ID359,R_ID368
UC_ID359,R_ID559
UC_ID359,R_ID97
UC_ID359,R_ID977
UC_ID360,R_ID683
UC_ID361,R_ID336
UC_ID361,R_ID527
UC_ID361,R_ID649
UC_ID361,R_ID951
UC_ID363,R_ID349
UC_ID363,R_ID719
UC_ID363,R_ID734
UC_ID364,R_ID414
UC_ID365,R_ID248
UC_ID365,R_ID617
UC_ID366,R_ID113
UC_ID366,R_ID253
UC_ID366,R_ID996
UC_ID367,R_ID320
UC_ID367,R_ID358
UC_ID367,R_ID502
UC_ID367,R_ID681
UC_ID367,R_ID73
UC_ID367,R_ID955
UC_ID367,R_ID97
UC_ID368,R_ID112
UC_ID368,R_ID601
UC_ID369,R_ID32
UC_ID370,R_ID385
UC_ID370,R_ID662
UC_ID371,R_ID408
UC_ID371,R_ID553
UC_ID371,R_ID885
UC_ID373,R_ID679
UC_ID374,R_ID434
UC_ID374,R_ID838
UC_ID375,R_ID282
UC_ID375,R_ID862
UC_ID376,R_ID407
UC_ID376,R_ID689
UC_ID377,R_ID242
UC_ID377,R_ID333
UC_ID377,R_ID638
UC_ID378,R_ID845
UC_ID378,R_ID941
UC_ID379,R_ID365
UC_ID379,R_ID808
UC_ID380,R_ID111
UC_ID380,R_ID146
UC_ID380,R_ID825
UC_ID380,R_ID980
UC_ID381,R_ID142
UC_ID381,R_ID296
UC_ID381,R_ID650
UC_ID381,R_ID669
UC_ID381,R_ID825
UC_ID381,R_ID866
UC_ID382,R_ID120
UC_ID382,R_ID136
UC_ID382,R_ID288
UC_ID382,R_ID309
UC_ID382,R_ID352
UC_ID382,R_ID38
UC_ID382,R_ID691
UC_ID382,R_ID757
UC_ID383,R_ID366
UC_ID383,R_ID808
UC_ID385,R_ID117
UC_ID385,R_ID317
UC_ID386,R_ID977
UC_ID387,R_ID257
UC_ID387,R_ID404
UC_ID388,R_ID567
UC_ID388,R_ID905
UC_ID389,R_ID127
UC_ID389,R_ID176
UC_ID389,R_ID193
UC_ID389,R_ID408
UC_ID389,R_ID584
UC_ID389,R_ID664
UC_ID389,R_ID801
UC_ID389,R_ID988
UC_ID390,R_ID211
UC_ID390,R_ID222
UC_ID390,R_ID243
UC_ID390,R_ID395
UC_ID390,R_ID465
UC_ID390,R_ID501
UC_ID391,R_ID2
UC_ID391,R_ID202
UC_ID391,R_ID209
UC_ID391,R_ID224
UC_ID391,R_ID564
UC_ID391,R_ID899
UC_ID391,R_ID99
UC_ID395,R_ID122
UC_ID395,R_ID193
UC_ID395,R_ID24
UC_ID395,R_ID490
UC_ID395,R_ID557
UC_ID397,R_ID181
UC_ID397,R_ID235
UC_ID398,R_ID709
UC_ID398,R_ID823
UC_ID398,R_ID975
UC_ID400,R_ID182
UC_ID400,R_ID357
UC_ID400,R_ID609
UC_ID401,R_ID221
UC_ID401,R_ID344
UC_ID401,R_ID447
UC_ID401,R_ID789
UC_ID401,R_ID926
UC_ID402,R_ID185
UC_ID402,R_ID330
UC_ID402,R_ID727
UC_ID402,R_ID755
UC_ID403,R_ID41
UC_ID403,R_ID666
UC_ID403,R_ID758
UC_ID403,R_ID971
UC_ID404,R_ID249
UC_ID404,R_ID386
UC_ID404,R_ID975
UC_ID405,R_ID214
UC_ID405,R_ID27
UC_ID406,R_ID166
UC_ID406,R_ID725
UC_ID406,R_ID960
UC_ID406,R_ID971
UC_ID407,R_ID286
UC_ID407,R_ID535
UC_ID407,R_ID59
UC_ID408,R_ID176
UC_ID408,R_ID602
UC_ID408,R_ID614
UC_ID410,R_ID163
UC_ID410,R_ID324
UC_ID410,R_ID526
UC_ID410,R_ID646
UC_ID410,R_ID669
UC_ID410,R_ID87
UC_ID411,R_ID942
UC_ID411,R_ID954
UC_ID412,R_ID426
UC_ID413,R_ID258
UC_ID413,R_ID430
UC_ID413,R_ID58
UC_ID413,R_ID667
UC_ID413,R_ID761
UC_ID415,R_ID140
UC_ID415,R_ID254
UC_ID415,R_ID417
UC_ID415,R_ID861
UC_ID416,R_ID121
UC_ID416,R_ID296
UC_ID416,R_ID353
UC_ID416,R_ID628
UC_ID416,R_ID73
UC_ID416,R_ID740
UC_ID416,R_ID780
UC_ID416,R_ID788
UC_ID417,R_ID16
UC_ID417,R_ID963
UC_ID418,R_ID888
UC_ID418,R_ID968
UC_ID419,R_ID304
UC_ID419,R_ID362
UC_ID419,R_ID459
UC_ID419,R_ID750
UC_ID419,R_ID939
UC_ID420,R_ID311
UC_ID420,R_ID528
UC_ID420,R_ID550
UC_ID420,R_ID848
UC_ID421,R_ID108
UC_ID421,R_ID117
UC_ID421,R_ID158
UC_ID421,R_ID360
UC_ID421,R_ID447
UC_ID421,R_ID51
UC_ID421,R_ID577
UC_ID421,R_ID747
UC_ID422,R_ID146
UC_ID422,R_ID147
UC_ID422,R_ID184
UC_ID422,R_ID241
UC_ID422,R_ID611
UC_ID422,R_ID650
UC_ID423,R_ID259
UC_ID423,R_ID541
UC_ID424,R_ID138
UC_ID424,R_ID74
UC_ID424,R_ID836
UC_ID424,R_ID947
UC_ID425,R_ID515
UC_ID426,R_ID590
UC_ID426,R_ID686
UC_ID427,R_ID317
UC_ID427,R_ID472
UC_ID427,R_ID587
UC_ID427,R_ID78
UC_ID427,R_ID955
UC_ID428,R_ID283
UC_ID428,R_ID430
UC_ID428,R_ID533
UC_ID428,R_ID81
UC_ID428,R_ID899
UC_ID429,R_ID439
UC_ID429,R_ID820
UC_ID429,R_ID835
UC_ID429,R_ID972
UC_ID430,R_ID166
UC_ID430,R_ID470
UC_ID430,R_ID904
UC_ID431,R_ID165
UC_ID431,R_ID777
UC_ID432,R_ID110
UC_ID432,R_ID199
UC_ID432,R_ID339
UC_ID432,R_ID633
UC_ID432,R_ID70
UC_ID432,R_ID79
UC_ID432,R_ID858
UC_ID432,R_ID945
UC_ID433,R_ID46
UC_ID433,R_ID561
UC_ID433,R_ID698
UC_ID433,R_ID788
UC_ID433,R_ID80
UC_ID433,R_ID932
UC_ID433,R_ID944
UC_ID433,R_ID988
UC_ID434,R_ID476
UC_ID434,R_ID484
UC_ID434,R_ID59
UC_ID434,R_ID635
UC_ID434,R_ID731
UC_ID435,R_ID207
UC_ID436,R_ID622
UC_ID436,R_ID783
UC_ID437,R_ID257
UC_ID437,R_ID405
UC_ID437,R_ID692
UC_ID438,R_ID347
UC_ID438,R_ID423
UC_ID438,R_ID910
UC_ID439,R_ID202
UC_ID439,R_ID264
UC_ID439,R_ID311
UC_ID439,R_ID725
UC_ID439,R_ID797
UC_ID440,R_ID277
UC_ID440,R_ID32
UC_ID440,R_ID550
UC_ID440,R_ID665
UC_ID441,R_ID394
UC_ID442,R_ID140
UC_ID442,R_ID199
UC_ID442,R_ID515
UC_ID442,R_ID580
UC_ID443,R_ID5
UC_ID443,R_ID777
UC_ID445,R_ID749
UC_ID446,R_ID199
UC_ID446,R_ID200
UC_ID446,R_ID517
UC_ID446,R_ID823
UC_ID447,R_ID204
UC_ID447,R_ID255
UC_ID447,R_ID278
UC_ID447,R_ID473
UC_ID447,R_ID536
UC_ID447,R_ID645
UC_ID447,R_ID694
UC_ID448,R_ID52
UC_ID448,R_ID734
UC_ID448,R_ID790
UC_ID449,R_ID749
UC_ID449,R_ID839
UC_ID450,R_ID165
UC_ID450,R_ID203
UC_ID450,R_ID351
UC_ID450,R_ID499
UC_ID450,R_ID553
UC_ID450,R_ID583
UC_ID450,R_ID893
UC_ID451,R_ID531
UC_ID451,R_ID599
UC_ID451,R_ID86
UC_ID451,R_ID991
UC_ID452,R_ID139
UC_ID452,R_ID328
UC_ID452,R_ID41
UC_ID452,R_ID681
UC_ID452,R_ID936
UC_ID453,R_ID170
UC_ID453,R_ID179
UC_ID453,R_ID26
UC_ID453,R_ID301
UC_ID453,R_ID463
UC_ID453,R_ID521
UC_ID453,R_ID72
UC_ID453,R_ID840
UC_ID454,R_ID191
UC_ID454,R_ID395
UC_ID454,R_ID4
UC_ID455,R_ID49
UC_ID455,R_ID585
UC_ID455,R_ID988
UC_ID457,R_ID317
UC_ID458,R_ID357
UC_ID458,R_ID696
UC_ID460,R_ID378
UC_ID460,R_ID394
UC_ID460,R_ID41
UC_ID460,R_ID417
UC_ID460,R_ID542
UC_ID460,R_ID747
UC_ID460,R_ID86
UC_ID460,R_ID873
UC_ID461,R_ID123
UC_ID461,R_ID772
UC_ID462,R_ID419
UC_ID463,R_ID249
UC_ID463,R_ID450
UC_ID463,R_ID59
UC_ID463,R_ID692
UC_ID464,R_ID272
UC_ID464,R_ID365
UC_ID464,R_ID44
UC_ID464,R_ID506
UC_ID464,R_ID602
UC_ID465,R_ID14
UC_ID465,R_ID244
UC_ID465,R_ID711
UC_ID465,R_ID916
UC_ID466,R_ID566
UC_ID466,R_ID791
UC_ID467,R_ID273
UC_ID467,R_ID321
UC_ID467,R_ID502
UC_ID467,R_ID91
UC_ID468,R_ID196
UC_ID468,R_ID406
UC_ID468,R_ID713
UC_ID468,R_ID728
UC_ID470,R_ID206
UC_ID470,R_ID24
UC_ID470,R_ID245
UC_ID470,R_ID370
UC_ID470,R_ID513
UC_ID471,R_ID292
UC_ID472,R_ID250
UC_ID473,R_ID190
UC_ID473,R_ID471
UC_ID473,R_ID520
UC_ID473,R_ID608
UC_ID473,R_ID767
UC_ID473,R_ID773
UC_ID473,R_ID855
UC_ID473,R_ID90
UC_ID474,R_ID431
UC_ID474,R_ID472
UC_ID475,R_ID348
UC_ID475,R_ID37
UC_ID475,R_ID568
UC_ID475,R_ID888
UC_ID475,R_ID896
UC_ID476,R_ID169
UC_ID477,R_ID112
UC_ID477,R_ID176
UC_ID477,R_ID98
UC_ID478,R_ID117
UC_ID478,R_ID283
UC_ID478,R_ID378
UC_ID478,R_ID44
UC_ID479,R_ID326
UC_ID479,R_ID356
UC_ID479,R_ID425
UC_ID479,R_ID694
UC_ID480,R_ID111
UC_ID480,R_ID385
UC_ID480,R_ID85
UC_ID480,R_ID967
UC_ID481,R_ID140
UC_ID481,R_ID957
UC_ID482,R_ID123
UC_ID482,R_ID161
UC_ID482,R_ID375
UC_ID482,R_ID443
UC_ID482,R_ID853
UC_ID482,R_ID883
UC_ID482,R_ID919
UC_ID483,R_ID590
UC_ID484,R_ID576
UC_ID484,R_ID713
UC_ID485,R_ID649
UC_ID485,R_ID840
UC_ID485,R_ID882
UC_ID485,R_ID996
UC_ID486,R_ID365
UC_ID486,R_ID841
UC_ID486,R_ID897
UC_ID486,R_ID927
UC_ID487,R_ID20
UC_ID487,R_ID53
UC_ID487,R_ID934
UC_ID488,R_ID217
UC_ID489,R_ID347
UC_ID489,R_ID739
UC_ID489,R_ID811
UC_ID490,R_ID368
UC_ID490,R_ID58
UC_ID491,R_ID230
UC_ID491,R_ID391
UC_ID491,R_ID740
UC_ID491,R_ID950
UC_ID491,R_ID959
UC_ID492,R_ID325
UC_ID492,R_ID827
UC_ID492,R_ID996
UC_ID493,R_ID293
UC_ID493,R_ID44
UC_ID493,R_ID814
UC_ID495,R_ID13
UC_ID495,R_ID362
UC_ID496,R_ID244
UC_ID496,R_ID349
UC_ID496,R_ID421
UC_ID496,R_ID480
UC_ID496,R_ID541
UC_ID496,R_ID660
UC_ID496,R_ID848
UC_ID496,R_ID898
UC_ID497,R_ID157
UC_ID497,R_ID471
UC_ID497,R_ID520
UC_ID497,R_ID81
UC_ID497,R_ID929
UC_ID498,R_ID356
UC_ID498,R_ID453
UC_ID498,R_ID458
UC_ID498,R_ID815
UC_ID499,R_ID633
UC_ID499,R_ID779
UC_ID499,R_ID867
